battery_id,cycle,avg_voltage_V,avg_current_A,temperature_C,charge_time_hr,discharge_time_hr,internal_resistance_ohm,capacity_Ah,soh_percent
1,1,4.2031,1.266,22.689,2.0507,1.5094,0.04509,2.0882,100.29
1,2,4.2011,1.5936,24.189,2.1139,1.5429,0.04352,2.0732,99.57
1,3,4.1547,1.6059,24.123,2.0362,1.4866,0.04781,2.0808,99.93
1,4,4.1675,1.4583,24.424,2.0717,1.5382,0.04634,2.0744,99.63
1,5,4.1676,1.4393,23.336,2.0869,1.5776,0.04537,2.0906,100.4
1,6,4.1567,1.579,24.761,2.0869,1.4789,0.04618,2.0645,99.15
1,7,4.1823,1.6056,24.39,2.0963,1.516,0.04642,2.07,99.41
1,8,4.14,1.4628,23.675,2.0189,1.4982,0.04895,2.0719,99.51
1,9,4.2002,1.2994,23.599,2.0702,1.5358,0.0475,2.0578,98.83
1,10,4.1668,1.446,24.742,2.0496,1.4449,0.04393,2.0689,99.36
1,11,4.1875,1.5187,24.707,2.0389,1.5106,0.04757,2.053,98.6
1,12,4.186,1.4224,23.76,2.0431,1.4425,0.04741,2.0557,98.73
1,13,4.1745,1.5596,24.585,2.1081,1.4951,0.04571,2.0522,98.56
1,14,4.1315,1.3284,22.904,2.01,1.5191,0.04487,2.0532,98.61
1,15,4.2057,1.4595,24.721,2.0161,1.4863,0.0449,2.0486,98.39
1,16,4.1938,1.2951,24.294,2.0884,1.4651,0.04403,2.0467,98.3
1,17,4.1591,1.5305,24.258,2.1719,1.482,0.04499,2.0478,98.35
1,18,,1.6658,25.083,2.0992,1.5655,0.04478,2.0465,98.29
1,19,4.1483,1.4561,23.074,2.1185,1.4774,0.04434,2.0378,97.87
1,20,4.1788,1.6036,25.962,2.2576,1.5065,0.04542,2.0326,97.62
1,21,4.1772,1.4056,23.806,2.0489,1.4742,0.04965,2.0215,97.09
1,22,4.1661,1.379,22.779,2.0567,1.4822,0.05118,2.0376,97.86
1,23,4.1942,1.4435,23.26,2.03,1.4467,0.05202,2.0352,97.75
1,24,4.1902,1.3952,24.908,2.1138,1.471,0.0478,2.0255,97.28
1,25,4.1799,1.4492,23.258,2.0159,1.486,0.05116,2.0246,97.24
1,26,4.1653,1.5382,25.403,2.1071,1.4569,0.05033,2.029,97.44
1,27,4.2062,1.526,23.376,2.0136,1.5588,0.05169,2.0289,97.44
1,28,4.1578,1.6796,23.666,2.0445,1.5051,0.04757,2.0219,97.1
1,29,4.1629,1.5449,25.528,2.1055,1.5037,0.04438,2.0211,97.07
1,30,4.1454,1.3582,23.487,2.0821,1.5154,0.04595,2.0186,96.95
1,31,4.1539,1.4653,25.133,2.1364,1.5348,0.04841,2.0171,96.87
1,32,4.16,1.5339,24.566,2.0416,1.4689,0.0493,2.0091,96.49
1,33,4.2121,1.4026,24.049,2.0183,1.4407,0.04959,2.0326,97.62
1,34,4.1465,1.4266,22.602,2.0994,1.4121,0.04802,2.02,97.01
1,35,4.1619,1.2943,23.0,2.2406,1.394,0.04701,2.0011,96.11
1,36,4.2364,1.3648,23.975,2.1332,1.5494,0.04735,2.0207,97.05
1,37,4.1828,1.5577,24.212,2.1084,1.3874,0.04896,2.0019,96.14
1,38,4.1687,1.4391,24.76,2.1792,1.462,0.05026,1.9995,96.03
1,39,4.1625,1.4193,24.624,2.1144,1.5578,0.05283,1.9999,96.05
1,40,4.1429,1.3725,25.28,2.1377,1.4761,0.04631,2.0004,96.07
1,41,,1.3729,23.962,2.1394,1.4542,0.04934,2.0026,96.18
1,42,4.1548,1.5246,,1.9724,1.4354,0.05039,1.9922,95.68
1,43,4.1514,1.2956,24.533,2.2317,1.3697,0.05189,1.9932,95.73
1,44,4.1587,1.3803,24.117,2.2086,1.4722,0.05374,1.9861,95.38
1,45,4.1707,1.716,25.15,2.1811,1.43,0.05053,1.996,95.86
1,46,4.184,1.3655,25.016,2.1235,1.497,0.05202,1.9788,95.03
1,47,4.1771,1.3184,24.293,2.0646,1.4167,0.05366,1.9968,95.9
1,48,4.1409,1.3856,24.465,2.0649,1.4044,0.05138,1.9852,95.34
1,49,4.1732,1.2324,24.51,2.1438,1.458,0.05411,1.9871,95.44
1,50,4.1427,1.5784,23.429,2.2326,1.4462,0.05269,1.9592,94.1
1,51,4.1774,1.6359,24.961,,,0.04939,1.969,94.56
1,52,4.1528,1.5538,25.488,2.0831,1.4224,0.0542,1.9702,94.62
1,53,4.1356,1.5322,25.35,2.1498,1.4918,0.05307,1.9633,94.29
1,54,4.1696,1.7874,24.829,2.0296,1.5076,0.05056,1.9739,94.8
1,55,4.188,1.316,23.438,2.0563,1.384,0.05248,1.9658,94.41
1,56,4.1617,1.3389,22.631,2.1574,1.3993,0.05264,1.967,94.47
1,57,4.1578,1.5998,24.987,2.1878,1.3862,0.05148,1.9663,94.43
1,58,4.1744,1.4615,25.067,2.1424,1.4125,0.05362,1.9601,94.14
1,59,4.121,1.331,22.638,2.1215,1.4488,0.05151,1.9404,93.19
1,60,4.1802,1.6683,24.867,2.2436,1.4193,0.05053,1.9558,93.93
1,61,4.1155,1.4026,24.329,2.2133,1.497,0.04956,1.9473,93.52
1,62,4.1261,1.5663,24.719,2.0564,1.4579,0.05123,1.953,93.8
1,63,4.1249,1.4309,25.015,2.1577,1.4239,0.05328,1.9435,93.34
1,64,4.1426,1.3324,25.421,2.1497,1.4658,0.05345,1.9562,93.95
1,65,4.1595,1.7439,26.734,2.1769,1.4127,0.05495,1.9424,93.29
1,66,4.1586,1.5068,25.051,2.1253,1.3217,0.04877,1.9345,92.91
1,67,4.1384,1.4749,26.324,2.2439,1.3506,0.05374,1.9302,92.7
1,68,4.1423,1.5324,25.35,2.1587,1.4517,0.05088,1.9337,92.87
1,69,4.2139,1.5371,26.019,2.1862,1.4267,0.05317,1.9349,92.93
1,70,4.129,1.5621,24.233,2.2228,1.4497,0.05413,1.9313,92.76
1,71,4.1594,1.4736,25.569,2.0751,1.3765,0.04954,1.9283,92.61
1,72,4.1817,1.6182,24.43,2.0978,1.2403,0.05255,1.9165,92.04
1,73,4.158,,25.181,,1.3812,0.05396,1.9456,93.44
1,74,4.1665,1.5525,25.486,2.1496,1.4331,0.05714,1.9234,92.38
1,75,4.1241,1.6715,24.953,2.2778,1.3621,0.05691,1.9142,91.93
1,76,4.1523,1.6992,24.862,2.1382,1.3626,0.05502,1.9209,92.25
1,77,4.1613,1.4469,25.779,2.0544,1.3398,0.05087,1.9052,91.5
1,78,4.1511,1.4902,24.722,2.19,1.3893,0.05234,1.909,91.68
1,79,4.161,1.5581,25.463,2.2181,1.4827,0.05431,1.9191,92.17
1,80,4.1252,1.3881,23.83,2.1498,1.3731,0.05527,1.9088,91.67
1,81,4.1244,1.6202,25.708,2.1953,1.343,0.05582,1.9095,91.71
1,82,4.1069,1.5041,25.199,2.1528,,0.05193,1.9085,91.66
1,83,4.1738,1.4821,25.265,2.0632,1.3172,0.05437,1.9155,92.0
1,84,4.1601,1.7523,24.369,2.1615,1.3792,0.0583,1.8941,90.97
1,85,4.148,1.7313,23.976,2.1371,1.3441,0.05416,1.8908,90.81
1,86,4.1473,1.2999,25.204,2.1797,1.432,0.05406,1.9049,91.49
1,87,4.1544,1.6046,25.528,2.1163,1.3899,0.05337,1.8912,90.83
1,88,4.1048,,24.491,2.1418,1.3989,0.05604,1.8961,91.06
1,89,4.1762,1.4605,25.046,2.2376,1.3284,0.05662,1.8871,90.63
1,90,4.1292,1.677,24.46,2.0787,1.4382,0.0609,1.8856,90.56
1,91,4.0906,1.4764,24.835,2.214,,0.05708,1.8845,90.51
1,92,4.1012,,26.863,2.2369,1.3397,0.05576,1.8898,90.76
1,93,4.0949,1.5337,24.844,2.3394,1.3462,0.0595,1.8884,90.69
1,94,4.1524,1.5524,24.496,2.2426,1.4096,0.05563,1.8725,89.93
1,95,4.1368,1.406,24.753,2.2295,1.2604,0.05317,1.8657,89.6
1,96,4.1237,1.2066,,2.251,1.3134,0.05389,1.881,90.34
1,97,4.1451,1.8005,25.861,2.2597,1.3397,0.05827,1.8816,90.37
1,98,4.1672,1.4521,24.77,2.2099,1.3853,0.05976,1.8778,90.19
1,99,4.1248,1.5525,25.054,2.2986,1.2287,0.05523,1.867,89.67
1,100,4.077,1.3994,24.347,2.2317,1.3943,0.05651,1.8623,89.44
1,101,4.1331,1.6411,24.6,2.1913,1.3642,0.05668,1.8582,89.24
1,102,4.1338,,24.515,2.2459,1.3279,0.05481,1.8695,89.78
1,103,4.1508,1.4733,24.386,2.2447,1.3877,0.0528,1.8497,88.83
1,104,4.1101,1.6909,25.703,2.2984,1.2726,0.05524,1.8481,88.76
1,105,4.1342,1.5816,25.208,2.2695,1.3404,0.05916,1.8615,89.4
1,106,4.0918,1.2462,25.769,2.3258,1.2804,0.054,1.8622,89.44
1,107,4.1551,1.7318,25.975,2.2349,1.2833,0.05786,1.8545,89.06
1,108,4.106,1.7621,27.039,2.3276,1.2791,0.05967,1.8491,88.81
1,109,4.142,1.6663,26.016,2.3051,1.3574,0.05876,1.8545,89.07
1,110,4.1326,1.4498,24.236,2.3656,1.4044,0.06092,1.833,88.03
1,111,4.1638,1.5181,25.516,2.1995,1.3408,0.05844,1.8472,88.71
1,112,4.1283,1.5072,26.791,2.322,1.316,0.05894,1.8326,88.01
1,113,4.1241,1.3871,25.1,2.2245,1.2543,,1.8413,88.43
1,114,4.084,1.5024,26.167,2.3346,1.3671,0.05876,1.8419,88.46
1,115,4.1012,1.5586,25.754,2.3512,,0.05854,1.8299,87.88
1,116,4.1198,1.5435,25.282,2.2417,1.3208,0.05791,1.8246,87.63
1,117,4.1351,1.4693,25.562,2.2943,1.2508,0.05808,1.8274,87.76
1,118,4.0978,1.2637,23.643,2.28,1.3125,0.05892,1.8418,88.45
1,119,4.0596,1.5654,26.756,2.2127,1.2896,0.05777,1.8379,88.27
1,120,4.1178,1.6893,27.137,2.264,,0.05947,1.8189,87.35
1,121,4.1232,1.5339,25.785,2.4747,1.3488,0.05811,1.838,88.27
1,122,4.1161,1.4595,26.142,2.2885,1.3164,0.05967,1.8296,87.87
1,123,4.1353,1.286,25.752,2.2302,1.227,0.05964,1.8224,87.52
1,124,4.1069,1.6183,24.556,2.267,1.2674,0.05979,1.8182,87.32
1,125,4.0986,1.6057,25.677,2.1797,1.1974,,1.8177,87.3
1,126,4.1207,1.5155,25.711,2.3525,,0.05778,1.8116,87.0
1,127,,1.6684,25.381,2.1483,1.2031,0.05857,1.8025,86.57
1,128,4.1122,1.5238,,2.3629,1.254,0.05864,1.8046,86.67
1,129,,1.5661,25.709,2.2923,1.3679,0.05924,1.8108,86.97
1,130,4.1159,1.3663,25.455,2.2373,1.2528,0.06139,1.8213,87.47
1,131,4.1055,1.6381,26.664,2.3913,1.3114,0.06345,1.8072,86.79
1,132,4.1127,1.4158,25.578,2.2748,1.269,0.0646,1.7856,85.75
1,133,4.1305,1.4921,25.647,2.31,1.302,0.06329,1.7971,86.31
1,134,4.1274,1.5908,24.796,2.305,1.3291,0.06281,1.8096,86.91
1,135,4.1414,1.5791,26.675,2.3308,1.259,0.06187,1.796,86.25
1,136,4.1284,1.0826,23.752,2.345,1.2913,0.059,1.7687,84.94
1,137,4.1526,1.4625,27.393,2.3181,1.2913,0.06467,1.7843,85.7
1,138,4.0928,1.5075,25.637,2.2376,1.2583,0.06008,1.789,85.92
1,139,4.1183,1.4869,25.567,2.3343,1.302,,1.7932,86.12
1,140,4.1446,1.4715,24.512,2.3511,1.2878,0.05874,1.7754,85.26
1,141,4.1349,1.5661,26.277,2.2412,1.2824,0.06131,1.7834,85.65
1,142,4.1379,1.6988,27.378,2.4069,1.2568,0.06275,1.7756,85.28
1,143,4.1187,1.5371,26.42,2.3255,1.227,0.06133,1.7835,85.65
1,144,4.1153,1.5624,26.339,2.3087,1.2991,,1.7803,85.5
1,145,4.1508,1.4617,24.37,2.272,1.2039,0.0625,1.7633,84.68
1,146,4.1059,1.5963,26.139,2.3549,1.2759,0.06375,1.7688,84.95
1,147,4.1047,1.2604,25.505,2.3391,,0.06502,1.752,84.14
1,148,4.1009,1.5804,25.45,2.3395,1.3022,0.06164,1.7684,84.93
1,149,4.1299,1.4078,26.456,2.383,1.2576,0.06136,1.7711,85.06
1,150,4.0991,,25.141,2.3707,1.1846,0.06259,1.7557,84.32
1,151,4.1732,1.3574,26.818,2.3547,1.2678,0.06336,1.7613,84.59
1,152,4.1078,1.6973,25.696,2.4153,1.214,0.06312,1.7619,84.62
1,153,4.1225,1.6964,26.01,2.3388,1.185,0.0629,1.7477,83.93
1,154,4.0879,1.5503,26.964,2.5216,1.2083,0.06635,1.7414,83.63
1,155,4.1065,1.5752,26.0,2.3602,1.2198,0.0608,1.754,84.24
1,156,4.1261,1.4902,25.383,2.3576,1.2738,0.06408,1.7376,83.45
1,157,4.14,1.7131,26.535,2.4168,1.2965,0.0661,1.7426,83.69
1,158,4.1239,1.5861,25.121,2.4014,1.1678,0.06237,1.7506,84.08
1,159,4.1295,1.7023,25.933,2.2917,1.2234,0.06428,1.754,84.24
1,160,4.1363,1.4806,26.178,2.3045,1.2532,0.06421,1.7421,83.67
1,161,4.1017,1.502,25.718,2.4727,1.2219,0.06383,1.7334,83.25
1,162,4.0847,1.4927,25.387,2.4525,1.2135,0.06702,1.7205,82.63
1,163,4.1076,,25.976,2.473,1.1091,0.06056,1.7357,83.36
1,164,4.1066,1.6074,26.475,2.3493,1.2728,0.06674,1.7287,83.02
1,165,4.1298,1.5575,25.6,2.4156,1.2273,0.0648,1.7324,83.2
1,166,4.044,1.3548,24.868,2.3529,1.2103,0.06191,1.7407,83.6
1,167,4.0833,1.8199,27.829,2.354,1.1971,0.06274,1.7189,82.55
1,168,4.1015,1.4055,25.835,2.2854,1.1731,0.06546,1.7094,82.1
1,169,4.1144,1.3669,26.552,2.3336,1.2465,0.06526,1.7255,82.87
1,170,4.0956,1.5693,26.614,2.3766,1.2854,0.06742,1.7094,82.1
1,171,4.1218,1.7577,27.93,2.3125,1.1634,0.06849,1.7163,82.43
1,172,4.0695,1.4675,26.361,2.3827,1.1734,0.06429,1.7078,82.02
1,173,4.0802,1.7997,26.674,2.4438,1.1805,0.06539,1.7084,82.05
1,174,4.0354,1.3607,24.472,2.2576,1.1433,0.06853,1.7063,81.95
1,175,4.1335,1.5756,26.817,2.34,1.2291,0.06746,1.7096,82.11
1,176,4.1148,1.5943,25.786,2.3291,1.1406,0.06629,1.7032,81.8
1,177,4.0805,1.5297,26.616,2.4349,1.2777,0.06879,1.7084,82.05
1,178,4.142,1.463,26.927,2.4049,1.1745,0.06274,1.6956,81.44
1,179,4.0605,1.6429,27.533,2.3544,1.2103,0.06503,1.7002,81.65
1,180,4.1184,1.5224,27.579,2.3756,1.2423,0.06679,1.6944,81.38
1,181,4.0874,1.5212,26.105,2.3553,1.227,0.06802,1.7037,81.82
1,182,4.1365,1.7012,26.126,2.43,1.1604,0.06689,1.7,81.64
1,183,4.1382,1.5711,26.107,2.4822,1.0784,0.06293,1.6883,81.09
1,184,4.0987,1.5577,25.216,2.4101,1.2886,0.06873,1.6974,81.52
1,185,4.0858,1.4804,24.493,2.4294,1.2274,0.06405,1.6903,81.18
1,186,4.0674,1.4121,26.169,2.2916,1.212,0.06883,1.6816,80.76
1,187,4.0338,1.4085,27.12,2.2516,1.163,0.06508,1.6827,80.82
1,188,4.0785,1.5767,26.8,2.5297,1.171,0.06831,1.6891,81.12
1,189,4.1247,1.4371,25.744,2.422,,0.06814,1.6687,80.14
1,190,4.1018,1.3378,25.986,2.4679,1.084,0.06565,1.6862,80.98
1,191,4.1008,1.5781,27.873,2.4536,1.2087,0.07334,1.6834,80.85
1,192,4.0737,1.5801,26.751,2.3967,1.1197,0.07266,1.6726,80.33
1,193,4.0748,1.6389,26.395,2.4147,1.199,0.06558,1.6748,80.43
1,194,4.1405,1.585,26.129,2.4015,1.1486,0.06777,1.6729,80.34
1,195,4.1152,1.3213,26.815,2.4117,1.1843,0.06615,1.665,79.96
1,196,4.1229,1.6446,25.314,2.4849,1.188,,1.6765,80.52
1,197,4.1005,1.5963,26.621,2.4557,1.2364,,1.6636,79.9
1,198,4.083,1.5099,24.986,2.4482,1.2165,0.06659,1.6388,78.7
1,199,4.0676,1.4492,27.509,2.4094,1.183,0.06514,1.6623,79.83
1,200,4.1051,1.5081,26.87,2.3582,1.2208,0.06835,1.6724,80.32
1,201,4.0773,1.4605,26.92,2.4618,1.1875,0.0691,1.6538,79.43
1,202,4.0786,1.7979,25.527,2.5235,1.2232,0.06754,1.6574,79.6
1,203,4.1135,1.647,26.635,2.4355,1.1466,0.07014,1.6691,80.16
1,204,4.0927,1.4212,27.013,2.5064,1.186,0.07097,1.6603,79.74
1,205,4.0645,,25.064,2.4687,1.1433,0.06872,1.6449,79.0
1,206,4.0561,1.6654,26.139,2.4803,1.0697,0.0726,1.6213,77.87
1,207,4.0941,1.8101,28.069,2.44,1.1145,0.06919,1.6417,78.85
1,208,4.0838,1.4838,27.65,2.4531,1.2588,0.07014,1.6448,79.0
1,209,4.0949,1.6469,26.105,2.4097,1.1681,0.07206,1.653,79.39
1,210,4.0533,1.3683,25.22,,1.1445,0.07245,1.6369,78.61
1,211,4.0285,1.5088,26.412,2.5921,1.0643,0.06954,1.6344,78.49
1,212,4.0958,1.5994,26.755,2.4868,1.1783,0.06882,1.646,79.05
1,213,4.0498,1.5714,26.785,2.4327,1.1345,0.06931,1.6373,78.64
1,214,4.0749,1.3996,26.706,2.4042,1.1647,0.06832,1.6196,77.79
1,215,4.0676,1.6913,27.074,2.4621,1.1534,0.06659,1.6216,77.88
1,216,4.1327,1.5483,26.704,2.5093,1.1727,0.06693,1.6237,77.98
1,217,4.0876,1.4468,,2.4608,1.0254,0.0685,1.6085,77.25
1,218,4.076,1.5101,26.289,2.5473,1.1777,0.07082,1.5979,76.74
1,219,4.0969,,26.995,2.543,1.0592,0.0753,1.6007,76.88
1,220,4.0997,1.3305,25.692,2.5762,1.1054,0.07308,1.608,77.23
1,221,4.0779,1.6968,26.699,2.3794,1.0793,0.07262,1.6155,77.59
1,222,4.0409,1.4464,26.134,2.4662,1.0492,0.07038,1.6147,77.55
1,223,4.0989,1.6305,26.716,2.4675,1.1205,0.07013,1.6036,77.01
1,224,4.0557,1.4574,25.706,2.5031,1.1471,0.06871,1.5982,76.75
1,225,4.0733,1.5747,26.779,2.4072,1.0485,0.07206,1.6054,77.1
1,226,4.0229,1.5754,27.754,2.4865,1.1397,0.07071,1.6114,77.39
1,227,4.0373,1.2527,27.181,2.4395,1.0849,0.06947,1.6001,76.85
1,228,4.0731,1.4467,26.974,2.5288,1.1188,0.07284,1.5877,76.25
1,229,4.0503,1.5278,27.687,2.5771,1.037,0.07186,1.6095,77.3
1,230,4.0892,1.5579,26.655,2.4804,1.1201,0.0721,1.6057,77.11
1,231,4.078,1.4533,27.142,2.6814,1.0117,0.07337,1.5924,76.48
1,232,4.09,1.5404,27.442,,1.1066,0.0751,1.5845,76.1
1,233,4.1149,1.58,27.754,2.4392,1.0498,0.07325,1.5698,75.39
1,234,4.0818,1.6652,25.594,2.571,1.0955,0.07267,1.5863,76.19
1,235,4.0868,1.2456,27.033,2.4262,1.0925,0.07296,1.5726,75.53
1,236,,1.4521,26.369,2.592,1.1211,0.07255,1.5916,76.44
1,237,4.0342,1.5822,25.535,2.5639,1.0955,0.07821,1.5783,75.8
1,238,4.0703,1.7515,28.111,2.4797,1.0964,0.07356,1.5693,75.37
1,239,4.055,1.5251,25.62,2.5305,1.1092,0.07323,1.5783,75.8
1,240,4.0967,1.5797,26.395,2.5091,1.0053,0.07175,1.561,74.97
1,241,4.1023,1.4594,27.355,2.4947,1.0935,0.07364,1.5676,75.28
1,242,4.0577,1.3476,25.616,2.496,1.0202,0.07486,1.5768,75.73
1,243,4.13,1.3279,26.872,2.4633,1.0529,0.07444,1.564,75.11
1,244,4.0761,1.7649,26.883,2.5501,1.1225,0.07395,1.547,74.3
1,245,4.0129,1.6137,26.986,2.4744,1.08,0.07323,1.5589,74.87
1,246,4.0845,,27.641,2.4532,1.0388,0.07837,1.5572,74.79
1,247,4.0713,1.4242,26.45,2.5422,1.076,0.07446,1.5684,75.32
1,248,4.063,1.3642,26.4,2.5956,1.0011,0.07438,1.557,74.78
1,249,4.0707,1.4907,28.159,2.5737,1.0002,0.07622,1.5486,74.38
1,250,4.0531,1.5752,26.697,2.5989,1.0253,0.07376,1.5469,74.29
2,1,4.1953,1.7053,26.073,1.9952,1.4865,0.04277,1.9473,100.45
2,2,4.1633,1.3734,23.031,2.0519,1.4158,0.04692,1.93,99.56
2,3,4.2489,1.4463,24.029,1.985,1.5597,0.0476,1.9267,99.39
2,4,4.1445,1.5259,23.182,2.1515,1.5159,0.04567,1.9342,99.78
2,5,4.1532,1.5833,25.13,2.1345,1.3874,0.0462,1.9101,98.53
2,6,4.1358,1.5,24.291,2.0492,1.3808,0.04507,1.9354,99.84
2,7,4.1731,1.4334,23.65,2.068,1.4905,0.04523,1.9225,99.17
2,8,4.1787,1.2707,24.202,2.0724,1.4683,0.04788,1.9196,99.02
2,9,,1.5342,24.143,2.0859,1.4376,0.04741,1.905,98.27
2,10,4.1876,1.4702,22.398,2.1216,1.5268,0.04749,1.9259,99.35
2,11,4.1919,1.6049,25.505,2.0263,1.4482,0.04781,1.9091,98.48
2,12,4.1467,1.5516,24.669,2.0854,1.4709,0.04592,1.9144,98.76
2,13,4.1516,1.4315,24.083,2.1338,1.3866,0.04394,1.9235,99.23
2,14,4.1745,1.3679,23.702,2.1256,1.4191,0.04714,1.8932,97.66
2,15,4.1901,1.5593,23.698,2.0764,1.5056,0.04759,1.9049,98.26
2,16,4.1892,1.3722,25.169,2.1509,1.4635,0.04723,1.8939,97.7
2,17,4.1893,1.4581,24.342,2.1428,1.4218,0.04581,1.9011,98.07
2,18,4.1453,1.2833,24.54,2.2018,1.517,,1.891,97.55
2,19,4.207,,24.247,1.9733,1.4618,0.04515,1.9042,98.23
2,20,4.132,1.5681,25.141,2.0492,1.3885,,1.8977,97.9
2,21,4.156,1.317,24.395,2.0716,1.3885,0.04641,1.8918,97.59
2,22,4.1852,1.4877,24.745,2.0299,1.4453,0.04793,1.9003,98.03
2,23,4.1805,1.4098,24.576,2.1359,1.2923,0.05014,1.8857,97.28
2,24,4.1538,1.6266,24.186,2.0189,1.3754,0.04993,1.8629,96.1
2,25,4.197,1.4971,23.343,2.073,1.38,0.04973,1.8697,96.45
2,26,4.1253,1.4555,23.568,2.1855,1.3679,0.05133,1.8887,97.43
2,27,4.1388,,23.59,2.0341,1.4364,0.04578,1.8803,97.0
2,28,4.1579,1.2879,23.48,2.0598,1.3811,0.05236,1.861,96.0
2,29,4.1731,1.2912,23.574,2.1275,1.377,0.0503,1.8766,96.81
2,30,4.1593,1.4342,24.412,2.0791,1.4098,0.04813,1.8644,96.17
2,31,4.1782,1.5333,24.341,2.0934,1.4624,0.04825,1.8659,96.25
2,32,4.1682,1.7084,23.562,2.1671,1.3271,0.04927,1.8671,96.32
2,33,4.1774,1.5254,,2.1233,1.4118,0.04739,1.8799,96.98
2,34,4.1697,1.413,23.659,2.0433,,0.05017,1.8628,96.1
2,35,4.1884,1.5158,24.753,2.1448,1.4129,0.04814,1.8648,96.2
2,36,4.1525,1.4255,24.69,2.1421,1.3501,0.05157,1.8784,96.9
2,37,4.1356,1.6482,25.122,2.055,1.5018,0.05076,1.8578,95.83
2,38,4.2027,1.5248,24.463,2.0932,1.4404,0.05051,1.8562,95.76
2,39,4.1427,1.5214,24.438,2.0548,1.3359,0.05081,1.8542,95.65
2,40,4.1671,1.4486,25.465,2.1093,1.4343,0.04901,1.8311,94.46
2,41,4.18,1.4506,25.23,2.0791,1.4207,0.05177,1.8506,95.47
2,42,4.209,1.4147,23.298,2.0807,,0.05104,1.8528,95.58
2,43,4.1326,1.5985,23.654,2.2123,1.5451,0.05089,1.8461,95.23
2,44,4.1479,1.2894,23.793,2.0789,1.3292,0.05372,1.8478,95.32
2,45,4.1692,1.4697,24.365,2.2046,1.3973,0.05146,1.8431,95.08
2,46,4.1507,1.3381,22.775,2.1334,1.3988,0.04795,1.8371,94.77
2,47,4.1602,1.2483,23.53,2.1754,1.4138,0.04833,1.8362,94.72
2,48,4.184,1.6004,24.62,2.1248,1.3616,0.0517,1.8356,94.69
2,49,4.1737,1.5232,25.271,2.1605,1.4305,0.05262,1.8337,94.59
2,50,4.1123,1.6927,25.037,2.0548,1.3514,0.05254,1.8235,94.07
2,51,4.1442,1.6758,23.985,2.1114,1.397,0.0519,1.8255,94.17
2,52,4.1794,1.5316,25.053,2.1451,1.3896,0.05146,1.8295,94.38
2,53,4.1755,1.5746,24.761,2.1143,1.3873,0.0513,1.8251,94.15
2,54,4.2109,1.4452,24.92,2.229,1.3869,0.05616,1.8227,94.03
2,55,4.1634,1.4124,24.274,2.1823,1.4211,0.05224,1.8159,93.68
2,56,4.1524,1.4685,26.797,2.1918,1.3449,0.05033,1.8268,94.24
2,57,4.1778,1.4648,24.744,2.1681,1.4103,0.05015,1.807,93.22
2,58,4.1595,1.5808,25.059,2.1255,1.4054,0.05047,1.8038,93.05
2,59,4.1299,1.665,25.413,2.2119,1.4334,0.05771,1.806,93.17
2,60,4.1345,1.4351,23.961,2.1139,1.3513,0.04977,1.7943,92.56
2,61,4.1538,1.5669,25.218,2.2151,1.3507,0.05656,1.8085,93.29
2,62,4.1055,1.389,23.218,2.1821,1.3612,0.0515,1.8055,93.14
2,63,4.1654,1.5966,24.127,2.1217,1.3715,0.05291,1.8175,93.76
2,64,4.1467,1.5113,24.609,2.138,1.3316,,1.7844,92.05
2,65,4.1659,1.6395,24.712,2.1598,1.3832,0.05402,1.7978,92.74
2,66,4.1701,1.6275,25.978,2.2964,1.3149,0.05295,1.7914,92.41
2,67,4.1474,1.4321,23.534,2.1969,1.319,0.05321,1.7928,92.48
2,68,4.1219,1.5383,24.983,2.2287,1.463,0.05371,1.7842,92.04
2,69,4.122,1.3559,25.921,2.1396,1.3027,0.0532,1.7923,92.46
2,70,4.1259,1.4739,25.792,2.1491,1.282,0.05529,1.7855,92.11
2,71,4.1325,1.3208,,2.1957,1.4095,0.05145,1.788,92.23
2,72,4.1645,1.225,25.361,2.1305,1.3645,0.05413,1.7812,91.88
2,73,4.1609,1.2257,23.919,2.2109,1.3392,0.05472,1.7883,92.25
2,74,4.1619,1.4854,23.393,2.1775,1.3672,0.0517,1.7838,92.02
2,75,4.169,1.5265,22.481,2.1303,1.4384,0.05291,1.7804,91.84
2,76,4.1767,1.513,,2.2277,1.3589,0.05485,1.7573,90.65
2,77,4.2023,1.6281,23.813,2.2377,1.3976,0.05665,1.7765,91.65
2,78,4.174,1.623,27.142,2.1689,1.3106,0.05375,1.7654,91.07
2,79,4.1222,1.1803,24.217,2.2381,1.3093,0.05835,1.7627,90.93
2,80,4.1763,1.5434,25.673,2.2343,1.4018,0.05471,1.7646,91.03
2,81,4.1527,1.4776,25.269,2.3532,1.3192,0.05556,1.7663,91.11
2,82,4.1716,1.5137,23.094,2.2516,1.2217,0.05778,1.7702,91.32
2,83,4.1676,1.4042,23.639,2.2391,1.3265,0.05398,1.7593,90.76
2,84,4.2114,1.6127,25.983,2.2762,1.4001,0.0547,1.7565,90.61
2,85,4.137,1.6102,24.376,2.2187,1.2846,0.0582,1.7372,89.61
2,86,4.1576,1.5875,25.107,2.2409,1.2648,0.05095,1.7574,90.66
2,87,,1.6582,26.491,2.3258,1.2708,0.05474,1.7505,90.3
2,88,4.2037,1.6908,26.18,2.21,1.2755,0.05714,1.751,90.33
2,89,4.134,1.4996,26.342,2.2153,1.1921,0.05669,1.7361,89.56
2,90,4.1406,1.5031,24.865,2.2857,1.2365,0.05477,1.7372,89.62
2,91,4.1237,1.3206,25.412,2.3066,1.3124,0.052,1.7461,90.07
2,92,4.0971,1.5509,24.455,2.1716,1.2907,0.05567,1.7441,89.97
2,93,4.1529,1.4604,25.853,2.2612,1.2729,0.05443,1.7312,89.3
2,94,,1.4715,23.196,2.215,1.2584,0.05943,1.721,88.78
2,95,4.1012,1.6474,26.402,2.2045,1.2699,0.05763,1.7184,88.64
2,96,4.0903,1.4807,26.369,2.2255,1.3032,0.05879,1.7112,88.27
2,97,4.1219,1.5125,26.637,2.1588,1.3583,0.0546,1.7445,89.99
2,98,4.1298,1.3997,,2.2704,1.3501,0.0565,1.7263,89.05
2,99,4.1497,1.3983,25.658,2.305,1.4286,0.05613,1.7239,88.93
2,100,4.1542,1.6133,24.908,2.2341,1.3223,0.05534,1.7175,88.6
2,101,4.1368,1.6347,24.89,2.1497,1.1977,0.0546,1.7158,88.51
2,102,4.1302,1.3726,,2.2165,1.2675,0.05989,1.7064,88.03
2,103,4.1341,1.4601,24.842,2.2831,1.3216,0.05554,1.72,88.73
2,104,4.0824,1.541,25.907,2.2491,1.3799,0.05572,1.7129,88.36
2,105,4.1319,1.5037,25.173,2.2742,1.33,0.06036,1.7122,88.32
2,106,4.1527,1.4317,25.803,2.2243,1.3398,0.06214,1.7083,88.12
2,107,4.077,1.4503,26.21,2.3053,1.2956,0.05986,1.7051,87.96
2,108,4.1618,1.6265,26.665,2.2951,1.328,0.05735,1.7079,88.1
2,109,4.1736,1.5423,26.003,2.2839,1.249,0.0581,1.697,87.54
2,110,4.1444,1.3111,24.921,2.3838,1.2707,0.0546,1.7112,88.27
2,111,4.1471,1.5082,25.045,2.3435,1.2535,0.06062,1.7127,88.35
2,112,4.1357,1.5343,25.245,2.3444,1.2322,0.0552,1.6997,87.68
2,113,4.1449,1.5746,25.772,2.2644,1.3132,0.05847,1.6982,87.6
2,114,4.1209,1.7596,,2.3165,1.1854,0.05846,1.6872,87.04
2,115,4.0761,1.5639,25.153,2.1625,1.3096,0.06167,1.6855,86.95
2,116,4.1368,1.5229,26.482,2.3899,1.3271,0.05704,1.6987,87.63
2,117,4.1383,1.3004,25.54,2.4284,1.2975,0.06199,1.6863,86.99
2,118,4.1251,1.5635,24.839,2.2362,1.3269,0.0619,1.684,86.87
2,119,4.1506,1.5074,25.709,2.3246,1.3086,0.05945,1.6724,86.27
2,120,4.1337,1.5929,24.885,2.4266,1.2863,0.06083,1.6895,87.16
2,121,4.105,1.6667,25.882,2.1867,1.3057,0.05843,1.6632,85.8
2,122,4.1229,1.5429,26.459,2.2472,1.2095,0.05925,1.6852,86.93
2,123,4.0914,1.3183,,2.2674,1.2363,0.05605,1.6784,86.58
2,124,,1.6302,25.027,2.4062,1.2162,0.05851,1.6642,85.85
2,125,4.129,1.4525,25.319,2.3882,1.3273,0.05837,1.6798,86.66
2,126,4.1256,1.4006,25.348,2.3106,1.3053,0.06253,1.665,85.89
2,127,4.1175,1.5988,25.174,2.3479,1.2414,0.0583,1.6606,85.66
2,128,4.1586,1.5004,26.849,2.2842,1.257,0.06515,1.6535,85.3
2,129,4.0745,1.6737,25.095,2.3159,1.2111,0.06102,1.6505,85.14
2,130,4.117,1.5735,24.842,2.2771,1.2214,0.05774,1.6492,85.08
2,131,4.124,1.4717,25.321,2.3195,1.2054,0.0621,1.6513,85.19
2,132,4.109,1.578,25.486,2.3431,1.3191,0.06186,1.6641,85.84
2,133,4.1315,1.6679,25.62,2.3855,1.1968,0.05799,1.6362,84.41
2,134,4.0758,1.4913,26.627,2.2117,1.1701,0.05902,1.6494,85.09
2,135,4.1101,1.6881,26.609,2.3582,1.239,0.06199,1.6457,84.89
2,136,4.1402,1.387,26.165,2.4023,1.2385,0.06097,1.6371,84.45
2,137,,1.5568,25.622,2.3291,1.2645,0.06129,1.6451,84.86
2,138,4.1144,1.5288,25.783,2.345,1.2756,0.05939,1.6307,84.12
2,139,4.1497,1.3127,25.587,2.3012,1.2064,0.05987,1.639,84.55
2,140,4.163,1.3693,24.587,2.2605,1.3086,0.06088,1.6342,84.3
2,141,4.1065,1.4078,,2.488,1.2904,0.06021,1.6332,84.25
2,142,4.0953,1.3081,26.289,2.4116,1.2728,0.0611,1.6364,84.42
2,143,4.1344,1.5684,25.483,2.2475,1.2224,0.06432,1.6278,83.97
2,144,4.1312,1.5614,26.402,2.3998,1.1777,0.05905,1.6174,83.44
2,145,4.137,1.4567,25.133,2.2397,,0.06405,1.6206,83.6
2,146,4.1385,1.5911,25.666,2.3401,1.1921,0.06779,1.6289,84.03
2,147,4.1023,1.5779,25.049,2.4424,1.1781,0.06364,1.6251,83.83
2,148,4.123,1.5335,25.825,2.3503,1.1817,0.06186,1.627,83.93
2,149,4.1102,1.4281,25.289,2.4214,1.2434,0.064,1.6282,83.99
2,150,4.1268,1.4453,25.527,2.417,1.2474,0.06104,1.6122,83.17
2,151,4.1148,1.7298,24.555,2.378,1.1316,0.06185,1.6053,82.81
2,152,4.1011,1.4587,25.78,2.3308,1.1266,0.0648,1.6071,82.9
2,153,4.1322,1.3381,25.881,2.4046,1.149,0.06338,1.6139,83.26
2,154,4.1568,1.754,24.821,2.5164,1.1509,0.06544,1.6048,82.79
2,155,4.0854,1.5824,25.873,2.4011,1.209,0.06599,1.6114,83.13
2,156,4.1056,1.6549,26.522,2.4145,1.1602,0.06163,1.6021,82.65
2,157,4.0938,1.6179,26.806,2.3638,1.2616,0.06658,1.5949,82.27
2,158,4.0884,1.7127,26.102,2.382,1.1732,0.06218,1.5992,82.5
2,159,4.1243,1.4298,28.271,2.3127,1.1214,,1.5834,81.68
2,160,4.1096,1.5927,24.556,2.3368,1.1359,0.06041,1.6053,82.81
2,161,4.0515,1.3655,25.341,2.3307,1.2042,0.06493,1.5919,82.12
2,162,4.1259,1.6612,26.136,2.4002,1.21,0.06472,1.596,82.33
2,163,4.0983,,26.205,2.3794,1.1463,0.06324,1.5835,81.69
2,164,4.1307,1.534,25.319,2.4362,1.1476,0.06187,1.5749,81.24
2,165,4.0923,1.4757,25.984,2.4565,1.1802,0.0624,1.5906,82.05
2,166,4.0932,1.7515,26.293,2.2562,1.1941,0.06881,1.5847,81.75
2,167,4.1506,1.4027,26.617,2.3482,1.1881,0.06249,1.5908,82.07
2,168,4.0875,,26.816,2.4119,1.1022,0.06454,1.571,81.04
2,169,4.1257,1.6667,27.073,2.3521,1.0306,0.06175,1.568,80.89
2,170,4.0935,1.4354,27.277,2.4736,1.1722,0.06481,1.5833,81.67
2,171,4.1087,1.7177,26.651,2.4445,1.2239,0.06318,1.5687,80.92
2,172,4.0952,1.2239,24.03,2.3411,1.1923,0.06587,1.5737,81.18
2,173,4.1509,1.3737,25.902,2.423,1.1257,0.06582,1.567,80.84
2,174,4.1369,1.4443,27.646,2.4062,1.2078,0.06577,1.5506,79.99
2,175,4.0866,1.5405,26.403,2.3618,1.1521,0.06478,1.5611,80.53
2,176,4.0986,1.7118,26.21,2.4246,1.096,0.06523,1.5776,81.38
2,177,4.14,1.5532,27.295,2.4512,1.2366,0.06612,1.5588,80.41
2,178,4.0878,1.4347,25.09,2.5528,1.1996,0.06569,1.5741,81.2
2,179,4.1166,1.7628,25.225,2.4,1.1309,0.06253,1.5629,80.62
2,180,4.0922,1.6158,28.187,2.3969,1.1307,0.06684,1.5593,80.44
2,181,4.0844,1.4514,26.959,2.4429,1.0475,0.06427,1.5566,80.3
2,182,4.1081,1.4358,25.971,2.4225,1.186,0.06412,1.5586,80.4
2,183,4.1045,1.5155,26.672,2.3519,1.1596,0.06914,1.5377,79.33
2,184,4.1007,1.5161,25.559,2.4223,1.2061,0.06684,1.5463,79.77
2,185,4.0844,1.5519,25.983,2.4588,1.1641,0.06898,1.5331,79.09
2,186,4.1212,1.4158,25.408,2.4253,1.1191,0.06504,1.5495,79.94
2,187,4.084,1.4474,25.928,2.5041,1.1453,0.07238,1.5325,79.06
2,188,4.0881,1.5287,26.496,2.461,1.2388,0.06587,1.5353,79.2
2,189,4.1001,1.3398,26.692,2.5124,1.092,0.06766,1.5387,79.38
2,190,4.063,1.6543,26.092,2.3739,1.1383,0.06676,1.5159,78.2
2,191,4.1125,1.3892,25.435,2.4507,1.1764,0.0704,1.5239,78.61
2,192,4.117,1.4347,27.687,2.3756,1.1921,0.06673,1.5202,78.42
2,193,4.1079,1.407,25.787,2.4903,1.1829,,1.5395,79.42
2,194,4.1117,1.5449,25.347,2.3983,1.1355,0.07071,1.5217,78.5
2,195,4.1117,1.5637,27.016,2.4078,1.118,0.06675,1.5322,79.04
2,196,4.1001,1.5517,26.964,2.4849,1.1291,0.06963,1.5071,77.75
2,197,4.1017,1.4424,26.591,2.4932,1.0845,0.06874,1.5147,78.14
2,198,4.0777,1.3947,27.262,2.5195,1.1417,0.0727,1.508,77.79
2,199,4.1662,1.5025,26.595,2.4334,1.1326,0.07055,1.5093,77.86
2,200,4.1344,1.5587,26.687,2.4047,1.1333,0.06873,1.5078,77.78
2,201,4.0701,1.8508,26.622,2.3742,1.0744,0.06902,1.5018,77.47
2,202,4.103,1.6115,26.042,2.4831,1.0665,0.068,1.5089,77.84
2,203,4.0589,1.6582,27.177,2.5245,1.1069,0.07091,1.4951,77.13
2,204,4.1098,1.5519,27.012,2.4914,1.0517,0.06648,1.4863,76.67
2,205,4.1019,1.6136,25.502,2.4109,1.0656,0.06889,1.4926,77.0
2,206,4.0517,1.4323,26.46,2.4014,1.0926,0.07184,1.4853,76.62
2,207,4.0817,,26.334,2.4398,1.1549,0.06923,1.4837,76.54
2,208,4.0971,1.4901,26.868,2.4935,1.1517,0.06886,1.5008,77.42
2,209,4.0844,1.6158,25.827,2.5382,1.1196,0.06745,1.4902,76.87
2,210,4.1414,1.6517,27.844,2.4834,1.0142,0.06651,1.4975,77.25
2,211,4.0703,1.4219,26.388,2.518,1.0205,0.06942,1.4877,76.75
2,212,4.0577,1.6362,26.32,2.5148,1.1492,0.07192,1.4957,77.16
2,213,4.0554,1.6656,26.073,2.5001,1.1039,0.07153,1.4888,76.8
2,214,4.0626,1.3701,27.11,2.4981,1.1453,0.07059,1.4821,76.46
2,215,4.1074,1.4878,26.839,2.4515,1.164,0.06905,1.4661,75.63
2,216,4.0855,1.4013,26.738,2.5883,1.058,0.07171,1.4725,75.96
2,217,4.0814,1.495,25.943,2.5604,1.0586,0.07069,1.4512,74.86
2,218,4.034,1.3969,27.261,2.369,1.0405,0.07036,1.468,75.73
2,219,4.1007,1.466,27.631,2.4515,1.1325,0.06856,1.4829,76.5
2,220,4.0708,1.4096,26.358,2.5151,1.0539,0.07251,1.4755,76.11
2,221,4.0961,1.5862,26.707,2.4753,,0.07262,1.4601,75.32
2,222,4.1036,1.6504,29.315,2.5326,1.1016,0.07305,1.4792,76.31
2,223,4.0686,1.4727,27.161,2.4957,1.0751,0.07393,1.4525,74.93
2,224,4.0752,1.4532,27.54,2.5531,0.9905,0.07125,1.4654,75.6
2,225,4.0982,1.643,27.099,2.5443,1.0705,0.07065,1.4578,75.2
2,226,4.0788,1.5297,25.239,2.4877,1.0673,0.07156,1.4523,74.92
2,227,4.09,1.4046,25.307,2.4927,1.1009,0.07562,1.4503,74.81
2,228,4.0407,1.5063,26.949,2.5254,1.0903,0.07053,1.4564,75.13
2,229,4.0875,1.6334,26.264,2.4966,0.9246,0.07124,1.4486,74.73
2,230,4.051,1.5544,26.78,2.3843,1.0673,0.07074,1.4418,74.38
2,231,4.044,1.5383,26.591,2.5392,1.0634,0.07221,1.4478,74.69
2,232,4.0387,1.4647,26.735,2.4882,1.0817,0.07228,1.4295,73.74
2,233,4.0682,1.5621,27.13,2.6389,1.0166,0.07281,1.432,73.87
2,234,4.0741,1.475,25.539,2.4964,0.9978,0.06963,1.4411,74.34
2,235,4.0481,1.6053,27.427,2.4758,1.0338,0.06948,1.4292,73.73
2,236,4.0838,1.6344,26.423,2.595,0.9699,0.07082,1.4296,73.74
2,237,4.1151,1.5948,26.925,2.4012,0.9456,0.0737,1.4371,74.13
2,238,4.0453,1.5436,27.0,2.5924,1.0492,0.07602,1.4265,73.59
2,239,4.0696,1.6636,26.282,2.7063,1.0602,0.07444,1.4273,73.63
2,240,4.1189,1.6311,25.753,2.6233,1.0238,0.07401,1.4294,73.74
2,241,4.0847,1.458,,2.5255,1.1309,0.07788,1.4129,72.88
2,242,4.0727,1.4915,27.779,2.5237,1.0149,0.076,1.4214,73.32
2,243,4.0697,1.3467,27.295,2.6624,1.0688,0.07708,1.4146,72.98
2,244,4.0761,1.4234,26.654,2.5945,1.0353,0.07145,1.4101,72.74
2,245,4.0352,1.5957,28.706,2.6323,0.9325,,1.4043,72.44
2,246,4.0307,,27.829,2.5838,0.9654,0.07574,1.4202,73.26
2,247,4.0633,1.6736,27.187,2.5253,1.0661,0.07659,1.3935,71.89
2,248,4.0903,1.667,27.763,2.5704,1.0326,0.07429,1.419,73.2
2,249,4.0441,1.5035,27.185,,1.0181,0.07689,1.3968,72.05
2,250,4.0617,1.6089,26.936,2.638,1.0557,0.07262,1.413,72.89
3,1,4.1907,1.5657,23.261,2.0859,1.4188,0.04387,1.9657,99.93
3,2,4.188,1.4638,24.338,2.0526,1.4903,0.04655,1.9736,100.33
3,3,4.1797,1.463,22.723,2.0045,1.5619,0.04613,1.957,99.49
3,4,4.1397,,25.282,2.051,1.5456,0.04618,1.9501,99.14
3,5,4.1444,1.6133,23.928,2.1146,1.442,0.04595,1.9624,99.76
3,6,4.1734,1.5494,23.918,,1.5609,0.04782,1.9593,99.6
3,7,4.1911,1.4119,23.031,2.1298,1.3909,0.04769,1.9482,99.04
3,8,4.1711,1.5504,24.621,2.0198,1.5113,0.04619,1.9502,99.14
3,9,4.1717,1.6671,25.65,2.1152,1.4117,0.04706,1.94,98.62
3,10,4.1936,1.5957,24.525,2.0682,1.444,0.0424,1.9547,99.37
3,11,4.1797,1.5686,23.144,2.1137,1.5741,0.04648,1.9485,99.05
3,12,4.1823,1.7457,,2.0895,1.4286,0.04535,1.9432,98.78
3,13,4.2078,1.7181,24.776,2.0567,1.5914,0.0457,1.9411,98.68
3,14,4.1293,1.6696,25.146,2.2268,1.3942,0.0496,1.9348,98.36
3,15,4.1934,1.3045,25.12,2.1304,1.4614,0.04809,1.9378,98.51
3,16,4.1583,1.4468,22.646,2.1376,1.5191,0.04552,1.929,98.06
3,17,4.1657,1.5419,23.752,2.034,1.5129,0.04691,1.9358,98.41
3,18,4.1731,1.3916,25.067,2.1255,1.4989,0.04954,1.9471,98.98
3,19,4.1683,1.4823,23.174,2.076,1.5211,0.04775,1.9235,97.78
3,20,4.1321,1.7028,24.411,2.0556,1.4371,0.04445,1.9159,97.39
3,21,4.1607,1.6672,24.494,2.18,1.4684,0.04923,1.9359,98.41
3,22,4.1857,1.5451,24.132,2.2117,1.4067,0.04765,1.9281,98.02
3,23,4.1797,1.4519,24.47,2.0892,1.3694,0.04778,1.9204,97.62
3,24,4.1258,1.52,24.702,2.1339,1.4724,0.04401,1.9093,97.06
3,25,4.2181,1.3781,24.642,2.0633,1.4455,0.04673,1.9051,96.85
3,26,4.1717,1.4501,23.412,2.121,1.3837,0.04897,1.9184,97.52
3,27,4.2016,1.5903,24.364,1.989,1.3813,0.05081,1.9328,98.25
3,28,4.1499,1.4843,23.468,2.0365,1.4349,0.04658,1.9033,96.76
3,29,4.1474,1.567,24.243,2.1013,1.4655,0.0482,1.9016,96.67
3,30,4.1783,1.5847,24.344,2.1185,1.3959,0.04688,1.9032,96.75
3,31,4.1772,1.5593,24.668,2.1176,1.4705,0.05059,1.9094,97.07
3,32,4.1631,1.6712,24.772,2.1547,1.4482,0.04933,1.9085,97.02
3,33,4.1827,1.8464,24.512,2.1243,1.406,0.04798,1.8932,96.24
3,34,4.1479,1.4482,23.076,2.0748,1.3466,0.05034,1.9093,97.06
3,35,4.1551,1.3052,24.906,2.0777,1.4981,0.04864,1.9172,97.46
3,36,4.1594,1.5963,24.366,2.0962,1.4132,0.04678,1.8876,95.96
3,37,4.1187,1.4523,24.994,2.1454,1.4532,0.04931,1.8938,96.27
3,38,4.186,1.5592,25.269,2.1736,1.4018,,1.8978,96.48
3,39,4.1761,1.6367,23.883,2.0768,1.4431,0.04954,1.8897,96.06
3,40,4.1714,1.2837,23.464,2.2162,1.504,0.04737,1.8692,95.02
3,41,4.1626,1.7199,24.362,2.1072,1.4921,0.04917,1.8795,95.54
3,42,4.1242,1.4858,23.159,2.0737,1.4573,0.04994,1.8858,95.87
3,43,4.1419,1.48,24.733,2.1988,1.2797,0.0485,1.8754,95.33
3,44,4.1577,1.555,24.808,2.1232,1.384,0.04979,1.8771,95.42
3,45,4.1414,1.4992,24.686,2.2363,1.3958,0.05232,1.8829,95.72
3,46,4.1577,1.4816,24.267,2.1293,,0.05098,1.8814,95.64
3,47,4.1307,1.391,26.148,2.1368,1.3663,0.0535,1.8713,95.13
3,48,4.1729,1.4906,24.31,2.1393,1.3341,0.05058,1.8696,95.04
3,49,4.2042,1.5177,22.742,2.1458,1.5385,0.05261,1.8676,94.94
3,50,4.1723,1.4185,23.419,2.1334,1.4016,0.04726,1.8567,94.38
3,51,4.1573,1.4587,24.878,2.0837,1.4301,0.04875,1.8518,94.14
3,52,4.1137,1.3767,24.81,2.2562,1.415,0.05237,1.8721,95.17
3,53,4.1305,1.4491,23.605,2.083,1.4136,0.04911,1.857,94.4
3,54,4.1232,1.5437,24.309,2.2459,1.4086,0.05395,1.8573,94.42
3,55,4.1567,1.3905,24.198,2.1486,1.3517,0.04917,1.8466,93.87
3,56,4.0963,1.3816,25.032,,1.3162,0.0553,1.8392,93.5
3,57,4.1624,1.5856,25.317,2.0769,1.373,0.0486,1.8433,93.71
3,58,4.114,1.383,23.723,2.078,1.4578,0.0568,1.8659,94.85
3,59,4.1204,1.2404,24.201,2.1532,1.3488,0.05252,1.8404,93.56
3,60,4.1611,1.4711,23.804,2.2134,1.3822,0.05398,1.8453,93.81
3,61,4.117,1.337,23.932,2.1118,1.4185,0.05302,1.8463,93.86
3,62,4.162,1.5343,,2.2051,1.383,0.0554,1.8467,93.88
3,63,4.144,1.4089,25.209,2.2539,1.3729,0.05518,1.8367,93.37
3,64,4.1498,,24.192,2.3264,1.3653,0.05186,1.818,92.42
3,65,4.1007,1.4186,25.469,2.1461,1.3301,0.05542,1.8318,93.12
3,66,4.1632,1.4553,24.547,2.1365,1.3231,0.05083,1.8402,93.55
3,67,4.124,1.3224,24.766,2.2024,1.4514,0.0517,1.8225,92.65
3,68,4.1572,1.4797,25.387,2.2361,1.3831,0.05265,1.8277,92.91
3,69,4.1148,1.4136,24.227,2.1247,1.3853,0.05567,1.8204,92.54
3,70,4.1556,1.3864,24.46,2.1532,1.3903,0.05204,1.8139,92.21
3,71,4.1419,1.4327,23.769,2.2103,1.4077,0.05407,1.8271,92.88
3,72,4.1833,,24.578,2.2243,1.3222,0.05597,1.8349,93.28
3,73,4.1536,1.5934,26.366,2.2099,1.3521,0.05678,1.8177,92.41
3,74,4.1387,1.5117,25.058,2.2229,1.2895,0.0508,1.8205,92.55
3,75,4.1221,1.434,25.329,2.1945,1.3609,0.05155,1.8036,91.69
3,76,4.1605,1.5828,24.432,2.216,1.4602,0.05408,1.8049,91.75
3,77,4.141,1.5226,24.83,2.2066,1.2757,0.05231,1.8009,91.55
3,78,4.1408,1.4438,24.727,2.2137,1.3918,0.05416,1.8032,91.67
3,79,4.1309,1.5805,25.345,2.2636,1.3825,0.05566,1.8055,91.78
3,80,4.1501,1.6396,24.606,2.1764,1.3529,0.05543,1.7994,91.47
3,81,4.1417,1.5009,23.201,2.2035,1.3324,0.0544,1.7915,91.07
3,82,4.1127,1.4133,22.79,2.188,1.324,0.05382,1.8074,91.88
3,83,4.1642,1.5218,24.726,2.2807,1.3403,0.05332,1.8028,91.65
3,84,,1.6032,26.953,2.2271,1.2944,0.05271,1.7781,90.39
3,85,4.0976,1.5788,25.769,2.2498,1.3253,0.05633,1.7942,91.21
3,86,4.1218,1.7349,25.033,2.2724,1.2126,0.05787,1.7891,90.95
3,87,4.1416,1.5801,25.587,2.1883,1.3622,0.05382,1.7974,91.37
3,88,4.1686,1.6302,24.647,2.1865,1.2957,0.05703,1.7786,90.42
3,89,4.1489,1.603,,2.2935,1.31,0.05525,1.7734,90.15
3,90,4.1649,1.4215,25.266,2.2306,1.2708,0.05458,1.7715,90.06
3,91,4.1441,1.3926,25.207,2.2262,1.5,0.05649,1.7883,90.91
3,92,4.1741,1.2929,24.931,2.3581,1.3154,0.05257,1.7721,90.09
3,93,4.1745,1.5591,24.516,2.1993,1.2914,0.05688,1.7699,89.98
3,94,4.164,1.5688,24.145,2.1614,1.3484,0.05359,1.7817,90.57
3,95,4.1449,1.3777,24.174,2.2386,1.3413,0.05852,1.7671,89.83
3,96,,1.4249,24.205,2.215,1.3368,0.05719,1.7717,90.07
3,97,4.1167,1.6591,25.418,2.1648,1.4258,0.05658,1.748,88.86
3,98,4.1459,1.4706,24.559,2.3771,1.3623,0.0584,1.7658,89.76
3,99,4.1104,1.6682,24.715,2.2687,1.2288,0.0528,1.7652,89.74
3,100,4.1148,1.2763,25.364,2.3811,1.3778,0.05649,1.7611,89.53
3,101,4.1567,1.6498,25.117,2.2582,1.3208,0.05823,1.7565,89.29
3,102,4.1311,1.6809,26.409,2.2869,1.3895,,1.7533,89.13
3,103,4.1472,1.908,24.772,,1.3269,0.05815,1.7653,89.74
3,104,4.1165,1.6242,26.327,2.3029,1.2569,0.0603,1.7658,89.77
3,105,4.1477,1.5403,25.489,2.2585,1.3334,0.05766,1.758,89.37
3,106,4.1061,1.4257,25.36,,1.3054,0.05872,1.7393,88.42
3,107,4.1685,1.4839,24.918,2.2976,1.2015,0.05626,1.739,88.4
3,108,4.088,1.6503,26.685,2.2473,1.3099,0.0602,1.7498,88.95
3,109,4.1526,1.4358,24.849,2.2246,1.3072,0.0604,1.7361,88.26
3,110,4.0987,1.3866,25.5,,1.3086,0.05743,1.7363,88.27
3,111,4.1241,1.4713,24.531,,1.1624,0.05992,1.7418,88.55
3,112,4.1193,1.7199,25.037,2.2378,1.2781,0.05927,1.7299,87.94
3,113,4.0898,1.4131,26.277,2.2851,1.3054,0.05804,1.728,87.84
3,114,4.1706,1.4945,25.007,2.3485,1.2443,0.05749,1.7242,87.65
3,115,4.1283,1.5484,27.111,2.3044,1.1613,0.05945,1.7275,87.82
3,116,4.1289,1.5469,,2.2831,1.3091,0.05784,1.7256,87.72
3,117,4.2029,,25.402,2.1993,1.2801,0.05717,1.7157,87.22
3,118,4.153,1.5743,25.96,2.1844,1.3655,0.05678,1.7176,87.32
3,119,4.152,1.5871,24.849,2.3002,1.2531,0.05934,1.7313,88.01
3,120,4.075,1.6526,25.558,2.2654,1.2425,0.06012,1.715,87.18
3,121,4.0692,,25.948,2.285,1.2098,0.0597,1.7078,86.82
3,122,4.0994,1.4282,26.053,2.2777,1.2416,0.06355,1.7012,86.48
3,123,4.1331,1.4741,24.968,2.1688,1.3149,0.06066,1.7137,87.11
3,124,4.1208,1.6069,24.373,2.2671,1.2066,0.06342,1.7073,86.79
3,125,4.0687,,25.199,2.2753,1.1979,0.06389,1.7137,87.12
3,126,4.1352,1.4359,26.013,2.2833,1.2468,0.06134,1.7071,86.78
3,127,4.1628,1.5409,26.598,2.2451,1.2083,0.05792,1.6895,85.89
3,128,4.124,1.4635,24.681,2.2342,1.2547,0.05943,1.7025,86.55
3,129,4.1606,1.5095,26.575,2.2809,1.2653,0.06037,1.6929,86.06
3,130,4.1572,1.5033,26.161,2.2706,1.2406,0.05887,1.6828,85.55
3,131,4.1288,1.5637,26.735,2.3848,1.2923,0.05788,1.7042,86.63
3,132,4.0955,1.6071,25.849,2.2355,1.2382,0.05785,1.6867,85.74
3,133,4.0788,1.5834,25.998,2.4349,1.2897,0.06011,1.6897,85.9
3,134,4.0848,1.4046,25.76,2.1922,1.2457,0.05904,1.6947,86.15
3,135,4.0923,1.5712,25.721,2.4083,1.2444,0.05966,1.6869,85.75
3,136,4.0852,1.5691,26.187,2.4748,1.2103,0.06078,1.682,85.51
3,137,4.1237,1.5664,25.681,2.394,1.2079,0.06341,1.6773,85.27
3,138,4.1176,1.4829,27.577,2.281,1.2545,0.06006,1.6842,85.62
3,139,4.1396,1.4394,26.005,,1.215,0.0632,1.6921,86.02
3,140,4.1224,1.516,26.044,2.3479,1.2386,0.06052,1.6788,85.34
3,141,4.0903,1.5725,25.523,2.4407,1.1918,0.06045,1.6872,85.77
3,142,4.1242,1.3565,25.149,2.2101,1.2408,0.06104,1.6639,84.58
3,143,4.1428,1.3645,26.191,2.2996,1.3058,0.06366,1.6576,84.27
3,144,4.0923,1.5943,25.631,2.3331,1.2886,0.06078,1.6594,84.36
3,145,4.1386,1.6188,25.755,2.327,1.1389,0.06029,1.6662,84.7
3,146,4.1109,1.5309,26.62,2.275,1.2128,,1.6659,84.69
3,147,4.1496,1.6311,26.153,2.4567,1.1454,0.06262,1.6557,84.17
3,148,4.0905,1.5583,24.961,2.3916,1.2739,0.0633,1.6622,84.5
3,149,4.0888,1.5901,25.913,2.1923,1.2761,0.06315,1.6424,83.49
3,150,4.1374,1.4412,25.179,2.3766,1.3036,0.06625,1.6486,83.81
3,151,4.1236,1.6176,24.948,2.3949,1.1789,0.06376,1.656,84.18
3,152,4.1241,1.537,23.41,2.3694,1.2445,0.06413,1.6492,83.84
3,153,4.1522,1.5603,26.259,2.4233,1.229,0.06156,1.6481,83.78
3,154,4.0988,1.6144,25.703,2.4125,1.2109,0.06606,1.6274,82.73
3,155,4.1219,1.584,27.162,2.2624,1.1838,0.0653,1.6425,83.5
3,156,4.1158,1.4883,26.464,2.4174,1.1914,0.06438,1.6552,84.14
3,157,4.1566,1.6127,26.055,2.3643,1.2345,0.06361,1.6502,83.89
3,158,4.0825,1.6793,25.199,2.3445,1.2073,0.06794,1.6402,83.38
3,159,4.0918,1.4578,27.184,2.2041,1.149,0.06954,1.6333,83.03
3,160,4.0804,1.519,25.997,2.4248,1.2918,0.06498,1.6393,83.34
3,161,4.1272,1.4404,25.034,2.2714,1.117,0.06253,1.6282,82.77
3,162,4.1149,1.3804,23.286,2.3169,1.1683,0.06323,1.6211,82.41
3,163,4.0913,1.6302,26.097,2.3768,1.1548,0.06444,1.6406,83.4
3,164,4.1105,1.4963,25.208,2.4427,1.2106,0.06378,1.6203,82.37
3,165,4.1037,1.4206,25.941,2.3472,1.1424,0.06155,1.6255,82.63
3,166,4.1195,1.4415,27.938,2.44,1.2518,0.06651,1.6194,82.32
3,167,4.0852,1.2178,25.308,2.4206,1.1977,,1.635,83.12
3,168,4.114,1.6211,25.41,2.3238,1.2677,0.06536,1.6287,82.8
3,169,4.0884,1.4475,25.398,2.3161,1.1055,0.06489,1.6111,81.9
3,170,4.1312,1.5607,26.325,2.3505,1.1727,0.06612,1.6093,81.81
3,171,4.1007,1.6551,26.245,2.4436,1.1556,0.06189,1.6177,82.24
3,172,4.1207,1.5948,26.516,2.3775,1.1369,0.06674,1.6121,81.95
3,173,4.0881,1.6591,25.561,2.3653,1.2576,0.0675,1.6113,81.91
3,174,4.1089,1.5447,23.945,2.3485,1.1696,0.06517,1.603,81.49
3,175,4.1295,1.4877,25.239,2.4239,1.1554,0.06569,1.6058,81.63
3,176,4.1568,1.2575,25.51,2.4066,1.1296,0.06792,1.5994,81.31
3,177,4.0992,1.4941,26.027,2.4017,1.1655,0.06586,1.6062,81.65
3,178,4.1187,1.3791,25.15,2.3055,1.2096,0.06686,1.5997,81.32
3,179,4.0637,1.741,25.95,2.4223,1.2078,0.06451,1.5997,81.32
3,180,4.1035,1.8699,26.845,2.5115,1.221,,1.5892,80.79
3,181,4.125,1.3474,27.27,2.4294,1.0254,0.06604,1.5836,80.5
3,182,4.0922,1.6131,25.64,2.3398,1.1564,0.0669,1.5947,81.07
3,183,4.1283,1.4254,26.357,2.425,1.078,0.06432,1.5847,80.56
3,184,4.1467,1.5971,24.944,2.236,1.1915,0.06689,1.5855,80.6
3,185,4.0747,1.5698,26.981,2.3969,1.1344,0.06725,1.5925,80.95
3,186,4.0959,1.6448,26.036,2.3465,1.2513,0.06611,1.5856,80.61
3,187,4.0942,1.5361,25.978,2.4281,1.146,0.06779,1.5747,80.05
3,188,4.1424,1.5105,26.733,2.3499,1.1184,0.06622,1.5584,79.22
3,189,4.0803,1.6193,25.891,2.4044,1.137,0.07025,1.5869,80.67
3,190,4.0616,1.2948,25.164,2.3875,1.0587,0.06633,1.558,79.2
3,191,4.0686,1.6727,26.822,2.4496,1.0871,0.06485,1.555,79.05
3,192,4.0925,1.633,27.185,2.4774,1.1007,0.06809,1.5599,79.3
3,193,4.0881,1.7734,25.234,2.4269,1.1983,0.06523,1.5644,79.53
3,194,4.0795,1.5023,25.054,2.4789,1.1685,0.0693,1.5598,79.29
3,195,,1.4213,25.98,2.5746,1.1376,0.06602,1.5559,79.1
3,196,4.058,1.3855,25.382,2.4199,1.1803,0.06968,1.5623,79.42
3,197,4.0639,1.4646,26.539,2.4106,1.1186,0.06952,1.563,79.46
3,198,4.0966,1.7208,26.504,2.5218,1.1566,0.06583,1.554,79.0
3,199,4.0696,1.4273,26.228,2.4905,1.1877,0.0695,1.5459,78.59
3,200,4.0379,1.5385,26.467,2.4661,1.2301,0.07148,1.5491,78.75
3,201,4.0655,1.4686,26.298,2.4096,1.1509,0.06983,1.5569,79.15
3,202,4.119,1.5426,25.092,2.4565,1.1336,0.07119,1.5399,78.28
3,203,4.1093,1.5529,25.447,2.3761,1.1757,0.07175,1.5439,78.48
3,204,4.1256,1.6574,27.184,2.4078,1.2059,0.07055,1.5471,78.65
3,205,4.071,1.5616,25.197,2.507,1.0681,0.07034,1.5394,78.26
3,206,4.0807,1.4401,26.271,2.5805,1.1829,0.07043,1.5363,78.1
3,207,4.108,1.6666,26.02,2.4641,1.022,0.07209,1.5382,78.2
3,208,4.0884,1.2762,,2.4149,1.0831,0.07121,1.5529,78.94
3,209,4.0737,1.4534,26.553,2.448,1.0546,0.06941,1.5364,78.1
3,210,4.081,1.3619,27.146,2.3102,,0.06896,1.535,78.03
3,211,4.0991,1.6669,26.162,2.5119,1.116,0.0669,1.5314,77.85
3,212,4.0486,1.5821,26.955,2.4938,1.0839,0.07209,1.5434,78.46
3,213,4.0825,1.4643,25.971,2.5078,1.1524,0.06987,1.5137,76.95
3,214,4.0849,1.425,26.272,2.4642,1.0675,0.07154,1.5304,77.8
3,215,4.0435,1.3341,26.721,2.4357,1.1143,0.07236,1.524,77.47
3,216,4.0475,1.7333,27.153,2.4627,1.0471,0.0699,1.5099,76.76
3,217,4.1044,1.4393,27.406,2.4657,1.04,0.07019,1.5085,76.69
3,218,4.0789,1.5123,27.291,2.3797,1.145,0.0728,1.495,76.0
3,219,4.0801,1.6545,25.636,2.5346,1.0558,0.06798,1.524,77.47
3,220,4.0811,1.4341,26.862,2.3872,0.9805,0.07414,1.5029,76.4
3,221,4.0543,1.5328,27.507,2.5212,1.0973,0.07371,1.5171,77.12
3,222,4.0809,1.5312,26.483,2.476,1.0878,0.07171,1.502,76.36
3,223,4.0997,,26.401,2.4839,1.0995,0.06752,1.4974,76.12
3,224,4.0623,1.68,26.521,,1.1802,0.07133,1.5109,76.81
3,225,4.0797,1.5836,26.856,2.5547,1.0492,,1.5117,76.85
3,226,4.0808,1.5074,27.289,2.5856,1.0284,0.07065,1.4946,75.98
3,227,4.1286,1.5706,27.193,,1.0734,0.07326,1.4862,75.55
3,228,4.1043,1.8116,26.352,2.4497,1.0306,,1.4936,75.93
3,229,4.0736,1.5387,26.141,2.5654,1.0568,0.07196,1.5019,76.35
3,230,4.0718,1.5063,26.776,2.5621,1.1553,0.07377,1.4964,76.07
3,231,4.0711,1.4497,27.235,2.5265,1.0005,0.07206,1.496,76.05
3,232,4.0628,1.7126,27.423,2.6013,1.0808,0.073,1.4868,75.58
3,233,4.0754,1.5365,25.746,2.4892,1.0476,0.07379,1.478,75.13
3,234,4.0602,1.5914,26.772,2.3503,1.0411,0.07524,1.4871,75.6
3,235,4.0771,1.7255,,2.5263,0.9932,0.07645,1.468,74.62
3,236,4.075,1.6979,27.599,2.4744,1.028,0.07431,1.4787,75.17
3,237,4.0204,1.5292,25.695,2.6263,1.0661,0.07163,1.4723,74.85
3,238,4.0257,1.4038,27.554,2.6653,1.0916,0.07338,1.4697,74.71
3,239,4.0485,1.783,27.057,2.6602,1.1238,0.0702,1.4698,74.72
3,240,4.0553,1.5264,26.863,2.7152,0.9979,0.07426,1.4659,74.52
3,241,4.0715,1.5494,26.115,2.5428,1.0786,0.07458,1.4741,74.94
3,242,4.1064,1.6487,27.14,2.4681,1.0211,0.0736,1.4717,74.82
3,243,4.0587,1.4242,25.874,2.4416,1.0368,0.07122,1.4672,74.58
3,244,4.0604,1.3763,27.083,2.5881,1.0163,0.07341,1.4551,73.97
3,245,4.0519,1.4428,27.829,2.5975,1.0757,0.07625,1.4654,74.49
3,246,4.1031,1.5839,27.861,2.5717,1.0402,0.07397,1.4432,73.37
3,247,4.0611,1.6412,25.864,2.5161,1.1438,0.07339,1.46,74.22
3,248,4.0463,1.5775,26.48,2.54,1.0808,0.07336,1.4531,73.87
3,249,4.0885,1.6639,27.297,2.7467,1.0917,0.07553,1.4593,74.18
3,250,4.0651,1.7087,28.618,2.6443,1.0724,0.07249,1.4439,73.4
4,1,4.1855,1.5629,24.81,2.0743,1.5473,0.04315,2.0731,99.43
4,2,4.1414,,24.328,2.0002,1.5659,0.04746,2.0824,99.87
4,3,4.1934,1.4211,22.465,2.0551,1.4958,0.04448,2.0765,99.59
4,4,4.1401,1.5465,23.308,2.1021,1.5388,0.04624,2.0955,100.5
4,5,4.1586,1.612,25.611,2.0808,1.4702,0.04628,2.0704,99.3
4,6,4.1799,1.6763,23.691,2.0487,1.5524,0.04651,2.0956,100.51
4,7,4.1566,1.6196,25.181,2.1465,1.6023,0.04611,2.0682,99.2
4,8,4.2102,1.5868,23.414,1.9954,1.536,0.04561,2.0701,99.28
4,9,4.2028,1.5924,25.283,1.9432,1.5231,0.04747,2.0706,99.31
4,10,4.1591,1.4006,24.018,2.16,1.6062,0.04457,2.0568,98.65
4,11,4.189,1.5482,24.509,2.0809,1.5926,0.04852,2.0715,99.35
4,12,4.1945,1.6089,24.527,2.1338,1.5121,0.04684,2.057,98.66
4,13,4.1237,1.4923,23.612,1.9957,1.5755,0.04757,2.0647,99.02
4,14,4.1596,1.5376,25.006,2.0194,1.5015,0.04842,2.0617,98.88
4,15,4.1718,1.4507,24.014,2.0424,1.5023,0.05065,2.0447,98.07
4,16,4.1801,,24.042,2.1821,1.4978,0.05048,2.0558,98.6
4,17,4.18,1.4947,23.698,2.0789,1.5433,0.04701,2.0626,98.93
4,18,4.1656,1.6218,25.342,2.0371,1.4607,0.04792,2.0523,98.43
4,19,4.2001,1.3526,23.84,2.0218,1.4834,0.05049,2.0653,99.05
4,20,4.1305,1.4036,24.354,2.1193,1.5098,0.04975,2.0399,97.84
4,21,4.2003,1.4657,24.796,2.0049,1.4857,0.04799,2.0354,97.62
4,22,4.1305,1.507,,2.1142,1.5296,0.05021,2.057,98.65
4,23,4.1928,1.6668,23.162,2.124,,0.04724,2.0417,97.92
4,24,4.1928,1.3597,23.977,2.0873,1.5173,0.04663,2.0345,97.58
4,25,,1.6245,26.279,2.0009,1.4968,0.04583,2.0369,97.69
4,26,4.1448,1.4229,23.748,2.0874,1.4996,0.04909,2.0488,98.26
4,27,4.1346,1.5914,,2.1644,1.4439,0.04504,2.0388,97.78
4,28,4.1998,1.5235,24.204,2.0445,1.5653,0.0463,2.0368,97.69
4,29,4.1812,1.2816,25.106,2.1367,1.519,0.0496,2.0295,97.34
4,30,4.1399,1.4877,23.565,2.1299,1.514,0.05155,2.0322,97.47
4,31,4.1892,1.469,23.952,2.1307,1.4539,0.04926,2.0347,97.59
4,32,4.1436,1.581,25.191,2.0463,,0.04777,2.0215,96.95
4,33,,1.6018,25.155,2.2211,1.4337,0.04699,2.0283,97.28
4,34,4.1583,1.2226,23.909,2.0765,1.5046,0.04978,2.0206,96.91
4,35,4.179,1.592,23.916,2.0814,1.3527,0.04702,2.0198,96.87
4,36,4.1657,1.392,23.892,2.0396,1.4704,0.05017,2.0169,96.73
4,37,4.1637,1.3206,23.733,2.0897,1.4427,0.04959,2.0243,97.09
4,38,4.1832,1.3872,24.863,2.1537,1.4233,0.05126,2.0307,97.39
4,39,4.1272,1.5605,24.714,2.1049,1.4562,0.04824,2.0162,96.7
4,40,4.1609,1.526,24.797,2.0507,1.4135,0.04538,2.0206,96.91
4,41,4.1312,1.5221,24.815,2.1581,1.3961,0.04979,2.0185,96.81
4,42,4.204,1.6248,24.924,2.0627,1.4932,0.04972,2.0255,97.15
4,43,4.1448,1.4857,24.63,2.1407,1.4775,0.049,2.0149,96.64
4,44,4.2008,1.8053,25.252,2.05,1.4079,0.0513,1.9979,95.82
4,45,4.1294,1.4918,24.687,2.1811,1.4341,0.04727,2.0176,96.76
4,46,4.1874,1.497,24.873,2.1033,1.4055,0.05257,2.01,96.4
4,47,4.1711,1.6873,23.945,2.1008,1.4534,0.04951,2.0064,96.23
4,48,4.1537,1.3881,24.494,2.1458,1.4915,0.05155,2.0078,96.29
4,49,4.166,1.4848,23.997,2.1552,1.4256,0.05426,2.0034,96.09
4,50,4.1733,1.5529,24.593,2.0635,1.4318,0.0512,2.0087,96.34
4,51,4.1688,1.6182,24.2,2.101,1.5107,0.05266,1.998,95.83
4,52,4.1539,1.4955,24.644,2.1728,1.5617,0.05162,1.9912,95.5
4,53,4.114,1.4498,25.559,2.1697,1.2163,0.05271,1.9979,95.82
4,54,4.1058,1.6904,22.659,2.2029,1.4366,0.04678,2.0062,96.22
4,55,4.184,1.5519,25.19,2.125,1.3387,0.05298,1.9926,95.57
4,56,4.183,1.2699,23.184,2.0999,1.3535,0.05181,2.0012,95.98
4,57,4.1186,1.6018,25.287,2.1208,1.4196,0.04794,1.9886,95.38
4,58,4.1541,1.5289,25.034,2.171,1.4115,0.05253,1.981,95.01
4,59,4.1511,1.547,24.615,2.1184,1.4523,0.05097,1.9899,95.44
4,60,4.1537,1.4725,24.425,2.1292,1.3407,0.05297,1.9832,95.12
4,61,4.1738,1.4454,26.183,2.139,1.3771,0.05033,1.9802,94.97
4,62,4.1904,1.6738,25.433,2.1116,1.505,0.05174,1.9627,94.13
4,63,4.1876,1.5885,26.623,2.1811,1.3963,0.05134,1.9726,94.61
4,64,4.1442,1.647,25.423,2.1706,1.3609,0.05313,1.9582,93.92
4,65,4.1615,1.5298,24.178,2.2211,1.2592,0.05357,1.9793,94.93
4,66,4.1126,1.4809,24.763,2.142,1.4696,0.05386,1.99,95.44
4,67,4.1698,1.5121,27.362,2.1828,1.42,0.04962,1.9689,94.43
4,68,4.1781,1.3499,22.91,2.1782,1.4754,0.05324,1.9615,94.08
4,69,4.1025,1.5646,25.435,2.0712,1.4623,0.05481,1.9614,94.07
4,70,4.1631,1.5889,25.363,2.231,1.3165,0.0504,1.9713,94.55
4,71,4.1448,1.5572,25.18,2.2494,1.4586,0.05178,1.9546,93.75
4,72,4.1264,1.4882,25.107,1.979,1.5224,,1.9606,94.03
4,73,4.1953,1.4693,,2.157,1.4807,0.05355,1.9522,93.63
4,74,4.1768,1.5813,24.942,2.2542,1.525,0.05451,1.9563,93.83
4,75,4.1505,1.6685,24.623,2.1729,1.3194,0.05163,1.9543,93.73
4,76,4.1444,1.7237,25.609,2.1373,1.3566,0.05687,1.9474,93.4
4,77,4.1461,1.4584,25.774,2.1331,1.4148,0.05879,1.9588,93.95
4,78,4.1255,1.5609,24.633,2.1118,1.4263,0.0566,1.9497,93.51
4,79,4.135,1.3965,24.704,2.1641,1.3378,0.05826,1.9437,93.22
4,80,4.1583,1.618,25.718,2.1744,1.4021,0.05406,1.9482,93.44
4,81,4.1521,1.4662,23.868,2.21,1.3764,0.05094,1.9462,93.34
4,82,4.1672,1.8157,25.05,2.1708,1.3296,0.05526,1.9449,93.28
4,83,4.1224,1.4915,23.403,2.2609,1.3441,0.05489,1.9407,93.08
4,84,4.1276,1.479,24.974,,1.4489,0.05655,1.9259,92.37
4,85,4.1779,1.5811,25.088,2.2692,1.4346,0.0565,1.9432,93.2
4,86,4.1203,1.4799,25.632,2.2113,1.4303,0.05795,1.9221,92.19
4,87,4.171,1.3886,25.296,2.176,1.2956,0.05487,1.9415,93.12
4,88,4.1519,1.7553,25.504,2.3612,1.3855,0.0556,1.9407,93.08
4,89,4.1677,1.4531,24.494,2.2953,1.4265,0.05794,1.9181,92.0
4,90,4.1382,1.5063,25.714,2.3128,1.3875,0.05975,1.9237,92.26
4,91,4.1332,1.6131,26.592,2.3405,1.4297,0.05597,1.932,92.66
4,92,4.153,1.7147,25.709,2.2507,1.3685,0.05538,1.9213,92.15
4,93,4.1415,1.7201,,2.2286,1.3211,0.05759,1.9199,92.08
4,94,4.1783,1.5385,25.634,2.217,1.3927,0.05691,1.9304,92.58
4,95,4.1407,1.5685,24.987,2.2146,1.4468,0.06182,1.9181,91.99
4,96,4.1053,1.3995,24.949,2.2859,1.3862,0.05686,1.9062,91.42
4,97,4.119,1.4853,25.13,2.1377,1.301,0.0544,1.9183,92.0
4,98,4.142,1.588,23.81,2.1455,1.3911,0.0512,1.9184,92.01
4,99,4.0899,1.6161,24.616,2.2991,1.5177,,1.9203,92.1
4,100,4.0898,1.5662,25.114,2.2464,1.3087,0.05856,1.9143,91.81
4,101,4.1656,1.466,24.049,2.338,1.344,0.06094,1.8953,90.9
4,102,4.1141,1.5051,25.327,2.3337,1.3739,0.05759,1.9149,91.84
4,103,4.1324,,25.445,2.2215,1.3187,0.05625,1.9017,91.21
4,104,4.1144,1.6954,25.317,2.2904,1.2184,0.05862,1.8903,90.66
4,105,4.1207,1.5375,24.908,2.1217,1.3896,0.05809,1.8984,91.05
4,106,4.1081,1.3395,25.259,2.3481,1.3516,0.05495,1.8954,90.91
4,107,4.1305,1.6197,25.913,2.0737,1.3682,0.05583,1.898,91.03
4,108,4.1267,1.5655,24.062,2.2984,1.3735,0.05805,1.883,90.31
4,109,,1.6395,24.266,2.3215,1.3266,0.05789,1.8856,90.44
4,110,4.1268,1.5901,24.359,2.2902,1.3356,0.05691,1.8771,90.03
4,111,4.075,1.5583,26.697,2.3466,1.355,0.05772,1.8958,90.93
4,112,4.122,1.5821,24.797,2.3088,1.4369,0.05832,1.8821,90.27
4,113,4.0955,1.6101,25.44,2.3185,1.3001,0.06022,1.8746,89.91
4,114,4.1104,1.469,24.373,2.3863,1.3231,0.05997,1.8823,90.28
4,115,4.102,1.4892,,2.238,1.2817,0.05911,1.8775,90.05
4,116,4.1689,1.5599,25.979,2.3136,1.2684,0.05699,1.884,90.36
4,117,4.094,1.613,25.772,2.2784,1.1908,0.06315,1.8696,89.67
4,118,4.1782,1.3438,24.579,2.1433,,0.05696,1.8693,89.65
4,119,4.0921,1.6111,26.131,2.3863,1.2827,0.05972,1.8661,89.5
4,120,4.1176,1.4557,,2.3408,1.3643,0.05771,1.8625,89.33
4,121,4.1244,1.4792,24.86,2.2463,1.4056,0.06013,1.879,90.12
4,122,4.1185,1.8118,26.882,2.2393,1.3011,0.05921,1.8707,89.72
4,123,4.1071,1.5711,26.723,2.2057,1.2566,0.05879,1.8686,89.62
4,124,4.1742,1.6388,26.41,2.2711,1.2955,0.05698,1.8622,89.31
4,125,4.136,1.6731,25.539,2.2795,1.3195,0.06178,1.8701,89.69
4,126,4.1417,1.5164,24.685,2.1667,1.2971,0.06302,1.8503,88.74
4,127,4.1317,1.7545,25.795,2.3484,1.2871,0.05921,1.8737,89.86
4,128,4.0709,1.6737,25.231,2.247,1.2433,0.05995,1.8531,88.88
4,129,4.1743,1.32,25.048,2.2331,1.3559,0.06105,1.8708,89.73
4,130,4.1233,1.4622,,2.3318,1.3324,,1.8498,88.72
4,131,4.1731,1.6788,24.309,,1.2385,0.06414,1.8526,88.85
4,132,4.1014,1.5239,23.527,2.2372,1.2994,0.06253,1.8533,88.88
4,133,4.1106,1.6411,24.604,2.3198,1.2939,0.06439,1.834,87.96
4,134,4.1154,1.6227,24.694,2.2934,1.2702,0.0608,1.8459,88.53
4,135,4.1331,1.4304,25.646,2.3972,1.2522,0.06149,1.8527,88.86
4,136,4.1172,1.3247,26.55,2.2641,1.3409,0.06008,1.8426,88.37
4,137,4.1487,1.6398,25.979,2.3585,,0.06142,1.8373,88.12
4,138,4.1405,1.4375,26.769,2.2959,1.286,0.06308,1.8352,88.02
4,139,4.11,1.5172,26.404,2.2765,1.2786,0.0617,1.8389,88.2
4,140,4.1145,1.738,,2.3034,1.2766,0.05917,1.8438,88.43
4,141,4.1033,1.6574,25.854,2.292,1.3402,0.06502,1.8268,87.62
4,142,4.0948,1.4619,27.109,2.3357,1.2692,0.06348,1.8434,88.41
4,143,4.1014,1.5478,26.515,2.2538,1.2809,0.05993,1.8396,88.23
4,144,4.1011,1.5789,25.565,2.2881,1.2763,0.05999,1.8219,87.38
4,145,4.143,1.5122,25.593,2.3503,1.174,0.06347,1.8314,87.83
4,146,4.1112,1.5076,26.356,2.4264,1.3288,0.05821,1.8509,88.77
4,147,4.1781,1.5967,24.956,2.3486,1.2082,0.06511,1.8288,87.71
4,148,4.1153,1.4193,25.242,2.4241,1.272,0.06164,1.8149,87.04
4,149,4.0662,1.3722,25.724,2.3959,1.2366,0.06602,1.8116,86.88
4,150,4.1065,1.393,26.464,2.4645,1.1759,0.06231,1.8132,86.96
4,151,4.0759,1.5907,26.898,2.3438,1.2945,0.06664,1.8272,87.64
4,152,,1.4589,25.039,2.3991,1.1983,0.06273,1.8309,87.81
4,153,4.0986,1.5565,27.955,2.3367,1.2389,0.06539,1.8143,87.02
4,154,4.1467,1.5429,25.701,2.2388,1.1783,0.05981,1.8136,86.98
4,155,4.0762,1.6739,26.093,2.3331,1.2157,0.06484,1.8129,86.95
4,156,4.0852,1.666,26.355,2.3365,1.2854,0.06374,1.8017,86.41
4,157,4.0889,1.772,25.747,2.445,1.245,0.06545,1.8094,86.78
4,158,4.1376,1.4228,,2.4641,1.2406,0.06403,1.8104,86.83
4,159,4.0998,1.7292,25.38,2.2998,1.3293,0.06533,1.7985,86.26
4,160,4.0967,1.5392,25.438,2.3648,1.1646,0.06557,1.8178,87.19
4,161,4.1061,1.4773,25.189,2.4033,1.1887,0.06534,1.8017,86.41
4,162,4.1442,1.3437,25.327,2.3855,1.2462,0.06164,1.8139,87.0
4,163,4.1064,1.7542,26.058,2.4336,1.1806,0.0625,1.7986,86.26
4,164,4.1333,1.4097,25.879,2.2824,1.234,0.06635,1.7994,86.3
4,165,4.0995,1.3892,25.328,2.4736,1.2422,0.0628,1.7884,85.77
4,166,4.0654,1.4032,26.964,2.3615,1.3316,0.06473,1.7875,85.73
4,167,4.1209,1.2043,25.813,2.3689,1.3103,0.06697,1.788,85.75
4,168,4.1355,1.4937,25.285,2.3865,1.2215,,1.7774,85.24
4,169,4.1091,1.6334,27.062,2.4225,1.3044,0.0665,1.7874,85.72
4,170,4.1345,1.5146,26.084,2.4809,1.3123,0.06538,1.7842,85.57
4,171,4.1396,1.6217,26.451,2.3607,1.2446,0.06548,1.7774,85.25
4,172,4.1058,1.5577,25.833,2.4364,1.2902,0.06758,1.7739,85.08
4,173,4.121,1.5353,25.13,2.4242,1.2323,0.07095,1.7752,85.14
4,174,4.1195,1.556,26.286,2.3243,1.1404,0.06413,1.7873,85.72
4,175,4.0486,,25.855,2.3747,1.1889,0.06532,1.7734,85.05
4,176,,1.4592,,2.3865,1.1861,0.06458,1.7858,85.65
4,177,4.0899,1.3952,25.964,2.3979,1.1224,0.06616,1.7783,85.29
4,178,,1.7943,27.49,2.4798,1.359,0.06788,1.7753,85.15
4,179,4.1238,1.4597,26.186,2.3566,1.2355,0.06518,1.7679,84.79
4,180,4.1093,1.5105,24.631,2.3107,1.1544,0.06483,1.7592,84.38
4,181,4.104,1.655,26.96,2.4635,1.2431,0.06714,1.7662,84.71
4,182,4.1211,1.5724,27.288,2.2599,1.1981,0.06623,1.7699,84.89
4,183,4.1369,1.3534,27.149,2.3323,1.1539,0.06649,1.7685,84.82
4,184,4.0582,1.6056,26.878,2.4689,1.184,0.067,1.7549,84.17
4,185,4.1389,1.1876,25.08,2.4078,1.1504,0.06668,1.7554,84.19
4,186,4.0799,1.5356,26.777,2.3953,1.18,0.06699,1.7529,84.07
4,187,4.0523,1.5834,25.983,2.4871,1.2308,0.06978,1.752,84.03
4,188,4.0861,1.3791,25.547,2.4893,1.2714,0.06526,1.7422,83.56
4,189,4.093,1.5986,24.978,2.3195,1.2211,0.06378,1.7448,83.68
4,190,4.0986,1.5784,26.261,2.3957,1.2371,0.06837,1.743,83.6
4,191,4.095,1.5746,27.756,2.467,1.2534,0.0667,1.7396,83.43
4,192,4.0877,1.5116,25.511,2.4977,1.2354,0.06743,1.7388,83.39
4,193,4.0987,1.6153,25.379,2.414,1.1894,0.06941,1.7463,83.76
4,194,4.0302,1.3993,26.158,2.4296,1.2717,0.06945,1.7343,83.18
4,195,4.0914,1.6618,26.062,2.4188,1.133,0.07124,1.7382,83.37
4,196,4.0741,1.5157,26.779,2.4139,1.1597,0.06721,1.7389,83.4
4,197,4.0824,1.4751,25.265,2.4356,1.1755,0.068,1.7366,83.29
4,198,4.1096,1.6139,26.955,2.4186,1.1542,,1.7337,83.15
4,199,4.0909,1.4355,26.387,2.3777,1.0958,0.07052,1.7255,82.76
4,200,4.0691,1.3987,26.617,2.52,1.1572,0.06857,1.7247,82.72
4,201,4.0443,1.7662,28.687,2.2759,,0.06768,1.7352,83.22
4,202,4.0786,1.6277,26.487,2.3867,,0.07027,1.7227,82.62
4,203,4.0475,1.7696,26.246,2.4358,1.1506,0.07046,1.7136,82.18
4,204,4.1027,1.3484,25.159,2.4197,1.1624,0.06604,1.7354,83.23
4,205,4.0606,,28.168,2.4315,1.1937,0.06714,1.7259,82.78
4,206,4.0748,1.4004,26.121,2.4206,1.1533,0.07162,1.7226,82.62
4,207,4.1302,1.372,27.623,2.3907,1.1644,0.06886,1.7095,81.99
4,208,4.1064,1.7112,27.702,2.429,1.173,0.0684,1.7112,82.07
4,209,4.0573,1.4788,26.682,2.3411,1.1581,0.07311,1.7042,81.73
4,210,4.0709,1.3639,26.725,2.317,1.2193,0.06977,1.7193,82.46
4,211,4.0419,1.6418,26.622,2.4376,1.0952,0.07151,1.7231,82.64
4,212,4.1292,1.6528,26.252,2.4002,1.0908,0.07339,1.7121,82.11
4,213,4.1212,1.595,26.934,2.4451,1.187,0.07053,1.6986,81.47
4,214,4.1011,1.5148,25.947,2.5012,1.15,0.07166,1.7001,81.54
4,215,4.053,1.7405,28.106,2.5203,1.1319,0.0702,1.6976,81.42
4,216,4.074,1.4565,28.038,2.4649,1.2423,0.06812,1.7104,82.03
4,217,,1.5361,26.436,2.4004,1.2042,0.0695,1.7017,81.61
4,218,4.051,1.7195,27.803,2.471,1.0892,0.07423,1.695,81.29
4,219,4.0538,1.3214,25.897,2.3878,1.1133,0.07277,1.691,81.1
4,220,4.0899,1.4462,,2.5923,1.1253,0.07217,1.6891,81.01
4,221,4.1186,1.4759,27.463,2.4726,1.1687,0.07286,1.6777,80.47
4,222,4.1074,1.4422,27.217,2.4577,1.1565,0.07072,1.6848,80.81
4,223,4.0528,1.5632,26.787,2.4503,1.1357,0.07203,1.687,80.91
4,224,4.076,1.4129,28.46,2.5488,1.1488,0.07422,1.6798,80.57
4,225,4.0148,,25.58,2.4741,1.1404,0.07384,1.6671,79.96
4,226,4.0883,1.5356,27.033,2.4584,1.1996,0.07191,1.672,80.19
4,227,4.0581,1.6232,26.824,2.4696,1.1673,0.07164,1.6935,81.22
4,228,4.0008,1.6869,27.944,2.608,1.1224,0.06977,1.6562,79.43
4,229,4.0772,1.4135,27.963,2.6293,1.1508,0.07246,1.6723,80.2
4,230,4.1152,1.5437,26.581,2.5265,1.0938,0.07289,1.6635,79.78
4,231,4.1032,1.5221,27.726,2.4877,1.1141,0.0703,1.6605,79.64
4,232,4.0537,1.4764,26.757,2.5072,1.0392,0.07238,1.6762,80.39
4,233,4.0657,1.508,26.936,2.4944,1.0713,0.07289,1.6747,80.32
4,234,4.0484,1.4902,25.691,2.5602,1.1169,0.07138,1.6745,80.31
4,235,4.0442,1.4112,25.545,2.4425,,0.07173,1.6654,79.88
4,236,4.0529,1.6265,26.163,2.5105,1.1194,0.07798,1.6666,79.93
4,237,4.0585,1.6178,28.696,2.4122,1.0733,0.07297,1.6661,79.91
4,238,4.0646,1.3792,27.834,2.4275,1.1011,0.07565,1.6559,79.42
4,239,4.048,1.374,26.533,2.4691,1.1206,0.07088,1.6571,79.48
4,240,4.0749,1.5588,28.103,2.4895,1.0743,0.0727,1.662,79.71
4,241,4.0693,1.4365,25.197,2.4849,1.1244,0.07419,1.6522,79.24
4,242,4.12,1.6274,28.163,2.5655,1.1935,0.07774,1.6615,79.69
4,243,4.0883,1.5118,26.897,2.5014,1.1368,0.07272,1.6577,79.5
4,244,4.0113,1.7434,27.044,2.5519,1.1741,0.07488,1.6467,78.98
4,245,4.0387,1.8244,28.199,2.5378,1.1746,0.07206,1.6579,79.52
4,246,4.1054,1.3129,27.176,2.5605,1.1959,0.07135,1.6422,78.76
4,247,4.0549,1.4834,25.966,2.4638,1.1205,0.07242,1.6556,79.4
4,248,4.0518,1.3916,26.424,2.5519,1.0826,0.07483,1.6468,78.98
4,249,4.095,1.5001,26.153,2.5383,1.1181,0.07196,1.6446,78.88
4,250,4.0495,1.5126,26.406,2.5794,1.0088,0.07184,1.6301,78.18
5,1,4.1644,1.452,23.64,2.065,1.4535,0.04808,1.9592,99.41
5,2,4.1589,1.5116,24.137,2.1292,1.4595,0.04677,1.973,100.11
5,3,4.2159,1.6554,24.38,2.0429,,0.045,1.9676,99.84
5,4,4.1802,1.4519,23.623,1.9865,1.5167,0.04384,1.9789,100.41
5,5,4.1454,1.516,24.999,1.9326,1.5867,0.04475,1.9725,100.08
5,6,4.1916,1.588,24.397,2.1243,1.5077,0.04924,1.963,99.6
5,7,4.226,1.6092,22.77,2.2228,1.4522,0.04883,1.9643,99.67
5,8,4.2029,1.4186,24.499,2.0534,1.5569,0.04684,1.9585,99.37
5,9,4.1218,1.4911,24.426,2.0832,1.5265,0.04535,1.964,99.65
5,10,4.205,1.2281,24.265,2.0525,1.4289,0.04687,1.9551,99.2
5,11,4.201,1.4854,24.815,2.1256,1.4713,0.04493,1.9628,99.59
5,12,4.1955,1.4967,,1.9759,1.511,0.04535,1.9461,98.74
5,13,4.2051,1.3449,23.934,2.068,1.489,0.04904,1.952,99.04
5,14,4.1879,1.6259,24.17,2.0733,1.4852,0.04737,1.9369,98.28
5,15,4.1873,1.3844,24.834,2.152,1.4764,0.04381,1.9504,98.96
5,16,4.1777,1.365,23.742,,,0.04725,1.9431,98.59
5,17,4.1811,1.4958,24.612,2.0642,1.4182,0.0455,1.929,97.88
5,18,,1.5205,,2.0634,1.4417,0.05218,1.9361,98.24
5,19,4.1575,1.8981,25.043,2.0082,1.4991,0.04546,1.9324,98.05
5,20,4.1657,1.4502,25.468,2.1256,1.5079,,1.9441,98.64
5,21,4.1858,1.6483,24.538,2.2028,1.4968,0.04794,1.9315,98.0
5,22,4.1735,1.3532,24.016,2.1093,1.4334,0.04832,1.9353,98.19
5,23,4.189,1.583,24.509,2.0162,1.5414,0.04748,1.9316,98.01
5,24,4.1606,1.445,25.457,2.1835,1.4721,0.04766,1.929,97.88
5,25,4.1706,1.4809,24.548,2.0752,1.4625,0.04841,1.9328,98.07
5,26,4.1528,1.5891,23.694,2.0694,1.4216,0.04598,1.9309,97.97
5,27,4.1436,1.4202,25.233,2.0711,1.4379,0.04622,1.9324,98.05
5,28,4.1886,1.5929,24.877,2.1119,1.4189,0.04673,1.9292,97.89
5,29,4.1861,1.4212,24.285,2.0911,1.3881,0.04884,1.931,97.98
5,30,4.1427,1.327,22.901,2.0902,1.4344,0.04685,1.9156,97.2
5,31,4.1644,1.5739,24.314,2.0663,1.4452,0.04619,1.9223,97.54
5,32,4.1422,1.615,24.251,2.1794,1.3814,0.04748,1.9197,97.4
5,33,4.1944,1.7049,24.675,2.228,1.4209,0.05116,1.9166,97.25
5,34,4.1752,1.2241,23.18,2.1488,1.3648,0.04993,1.9042,96.62
5,35,4.1517,1.389,23.907,2.0633,1.4281,0.0494,1.9172,97.28
5,36,4.2057,,25.448,2.0618,1.4322,0.05169,1.9057,96.7
5,37,4.1528,1.5722,24.868,2.0927,1.461,0.05316,1.9154,97.19
5,38,4.1771,1.5864,23.391,2.1552,1.3761,0.04838,1.9084,96.83
5,39,4.1561,1.417,25.291,2.0713,1.4069,0.05218,1.9201,97.43
5,40,4.123,1.5713,24.248,2.2243,1.3921,0.0519,1.9014,96.47
5,41,4.1403,1.483,24.782,2.081,1.4383,0.04947,1.9134,97.09
5,42,4.1623,1.5149,24.653,2.1001,,0.0498,1.8955,96.18
5,43,4.1497,1.5453,23.119,2.094,1.403,0.04845,1.8953,96.17
5,44,4.1607,1.5278,24.175,2.1376,1.3585,0.04994,1.9069,96.76
5,45,4.1528,1.1996,23.277,2.2304,1.4529,0.05304,1.8846,95.62
5,46,,1.4526,23.665,2.2115,1.4184,0.05551,1.9014,96.48
5,47,4.2082,1.4882,25.619,2.2478,1.3581,0.04967,1.8856,95.67
5,48,,1.5872,24.523,2.1517,1.4337,0.04705,1.8784,95.31
5,49,4.1492,1.5712,25.17,2.2309,1.4045,0.04663,1.8952,96.16
5,50,4.1625,1.3834,24.578,2.13,1.3379,0.05234,1.8836,95.57
5,51,4.1469,1.4521,25.543,2.1517,1.4058,0.05024,1.8768,95.23
5,52,4.1903,1.5855,25.276,2.1917,1.3336,0.04949,1.8832,95.55
5,53,4.138,1.3802,,2.077,1.3864,0.05122,1.8761,95.19
5,54,4.1577,1.456,25.468,2.1505,1.4309,0.05189,1.8696,94.86
5,55,4.153,1.36,24.405,2.118,1.412,0.04892,1.8629,94.53
5,56,4.1691,1.6173,24.201,2.1646,1.4038,0.05481,1.8725,95.01
5,57,4.1316,1.8451,24.88,2.0533,1.3601,0.0463,1.8587,94.31
5,58,4.1741,,24.199,2.2227,1.3041,0.04932,1.8707,94.92
5,59,4.1346,1.4736,23.665,2.1825,1.3813,0.05318,1.8652,94.64
5,60,4.1582,1.3354,24.917,2.1515,1.3797,0.0543,1.8668,94.72
5,61,4.1863,1.6825,25.553,2.1152,1.2748,0.05448,1.8577,94.26
5,62,4.1335,1.6501,24.235,2.1499,1.4106,0.05021,1.8625,94.5
5,63,4.1789,1.5348,25.796,2.2455,1.3825,0.04789,1.8589,94.32
5,64,4.1703,1.3236,24.295,2.2006,1.4514,0.05153,1.8492,93.83
5,65,4.1494,1.5519,24.719,2.2448,1.3374,0.05304,1.8511,93.92
5,66,4.1403,1.6107,25.044,2.2303,1.3879,0.05367,1.858,94.28
5,67,4.1341,1.657,25.501,2.1245,1.3829,0.04829,1.8476,93.75
5,68,4.1734,1.4952,24.905,2.0068,1.3527,0.05384,1.8463,93.68
5,69,4.173,1.4851,24.678,2.109,1.3628,0.05076,1.8528,94.01
5,70,4.1214,1.6915,24.853,2.2059,1.3401,0.04982,1.8325,92.98
5,71,4.0937,1.4441,24.741,2.2063,1.3344,0.04984,1.853,94.02
5,72,4.1289,1.418,25.542,2.1231,1.3798,0.05396,1.8373,93.22
5,73,4.1438,1.6059,24.865,2.2225,1.2921,0.04848,1.8496,93.85
5,74,4.1575,1.5682,24.55,2.2883,1.3411,,1.8431,93.52
5,75,4.1892,,,2.1108,1.4405,0.05484,1.8431,93.52
5,76,4.2237,1.5504,23.931,2.191,1.3121,0.05333,1.8402,93.37
5,77,4.1307,1.3444,26.011,2.2234,1.3458,0.05576,1.8315,92.93
5,78,4.1518,1.5939,25.156,2.2469,1.3951,0.05469,1.8367,93.19
5,79,4.1827,1.4545,25.206,2.2341,1.3235,0.05286,1.8294,92.82
5,80,4.1317,1.337,24.243,2.2273,1.4153,0.05571,1.8265,92.68
5,81,4.1596,1.4452,25.269,2.2143,1.3352,0.05452,1.8068,91.68
5,82,4.1767,1.5099,25.864,2.2714,1.3826,0.05127,1.8256,92.63
5,83,4.1312,1.5983,24.336,2.145,1.4491,0.05305,1.8329,93.0
5,84,4.1452,1.4622,24.927,2.14,1.3479,0.05291,1.8314,92.92
5,85,4.1649,1.5433,23.886,2.2724,1.3428,0.05412,1.8172,92.21
5,86,4.1371,,26.358,2.2213,1.3401,0.05451,1.8246,92.58
5,87,4.1277,1.3277,24.294,2.3036,1.3851,0.05493,1.8262,92.66
5,88,4.1591,1.4812,24.901,2.2456,1.3006,0.05557,1.826,92.65
5,89,4.0978,1.4906,24.814,2.2903,1.2457,0.05492,1.8157,92.13
5,90,4.1635,1.5083,26.527,2.271,1.3138,0.05628,1.8076,91.72
5,91,4.1605,1.3538,24.258,2.2605,1.3941,0.05152,1.8068,91.68
5,92,4.1351,1.2877,22.448,2.142,1.3343,0.05591,1.8188,92.29
5,93,4.1244,1.381,24.643,2.2383,1.3433,0.05458,1.8111,91.9
5,94,4.1222,1.4097,24.586,2.3025,1.324,0.05489,1.8115,91.91
5,95,4.1908,1.5394,26.174,2.3022,1.2987,0.05645,1.8099,91.83
5,96,4.1317,1.4393,24.757,2.1988,1.3076,,1.7904,90.84
5,97,4.0897,1.425,23.858,2.2595,1.3481,0.05715,1.7979,91.23
5,98,4.1421,1.4583,24.215,2.2918,1.3605,0.05866,1.7908,90.86
5,99,4.1649,1.4556,25.658,2.2185,1.3071,0.05204,1.7904,90.85
5,100,4.1373,1.4658,26.564,2.1811,1.2891,0.05519,1.7911,90.88
5,101,4.1603,1.6925,24.882,2.2097,1.2571,,1.7872,90.68
5,102,4.1315,1.3478,,2.264,1.3447,0.05311,1.7989,91.27
5,103,4.1741,1.4893,26.415,2.2958,1.2578,0.05677,1.7855,90.6
5,104,4.1094,1.3992,26.332,2.2,1.3647,0.05661,1.7853,90.58
5,105,4.1468,1.4439,25.647,2.1378,1.3313,0.05266,1.7843,90.54
5,106,4.1537,1.5906,24.342,2.1925,1.2726,0.05809,1.7809,90.36
5,107,4.1315,1.5534,25.122,2.2977,1.3122,0.05676,1.7647,89.54
5,108,4.1347,1.4018,24.716,2.2968,1.3704,0.05788,1.7636,89.49
5,109,4.0948,1.5458,25.315,2.3418,1.2767,0.0576,1.7818,90.41
5,110,4.1282,1.3834,27.221,2.2049,1.3,0.05889,1.784,90.52
5,111,4.1253,1.4945,25.137,2.2053,1.4071,0.05788,1.7759,90.11
5,112,4.1212,1.4742,24.949,2.1809,1.2906,0.05763,1.7767,90.15
5,113,4.0992,1.4477,24.574,2.362,1.2548,0.05968,1.7795,90.29
5,114,4.125,1.3519,24.099,2.3292,1.233,0.05946,1.7761,90.12
5,115,4.1377,1.5738,24.722,2.2217,1.328,0.05754,1.7675,89.68
5,116,4.144,,25.637,2.3681,1.2845,0.06091,1.7427,88.43
5,117,4.167,1.3901,25.266,2.3246,1.2793,0.06134,1.7642,89.51
5,118,4.1786,1.7724,25.968,2.3198,1.3453,0.05679,1.7577,89.19
5,119,4.1579,1.5507,25.308,2.29,1.1626,0.0589,1.7489,88.74
5,120,4.149,1.6374,26.066,2.3146,1.2066,0.06058,1.7515,88.87
5,121,4.1567,1.7723,24.425,2.2684,1.2459,0.05987,1.7608,89.34
5,122,4.1192,1.6416,,2.2317,1.2286,0.05892,1.7541,89.0
5,123,4.1234,1.4986,24.845,2.3496,1.2721,0.06189,1.7423,88.41
5,124,4.1236,1.4511,25.424,2.3411,1.2553,0.06092,1.7488,88.73
5,125,4.1427,1.4492,26.12,2.3045,1.3487,0.05769,1.7421,88.39
5,126,4.1079,1.3527,24.229,2.3406,1.2691,0.05916,1.735,88.03
5,127,4.1079,1.7171,25.196,2.2251,1.31,0.05981,1.7419,88.38
5,128,4.1092,1.6207,26.547,2.2732,1.2371,0.06184,1.7595,89.28
5,129,4.0867,1.3839,23.38,2.3433,1.2559,0.06016,1.746,88.59
5,130,4.094,1.4621,24.977,2.3185,1.291,0.06514,1.726,87.58
5,131,4.1489,1.4201,24.136,2.2909,1.1842,0.06075,1.7376,88.17
5,132,4.0717,1.7281,25.428,2.2164,1.3054,0.05938,1.7297,87.77
5,133,4.1018,1.455,25.818,2.3507,1.3017,0.06078,1.7429,88.43
5,134,4.1383,1.5442,25.547,2.2308,1.2901,0.06116,1.7366,88.12
5,135,4.1512,1.3489,,2.3189,1.2721,0.06041,1.7273,87.64
5,136,4.1153,1.5606,26.246,2.3114,1.1418,0.05824,1.7154,87.04
5,137,4.091,1.6918,25.127,2.3113,1.2899,0.0598,1.7434,88.46
5,138,4.1198,1.576,25.533,2.3641,1.3347,0.0613,1.7379,88.18
5,139,4.1022,1.6125,26.194,2.2624,1.2651,0.06169,1.7372,88.15
5,140,4.126,1.5386,25.668,2.3264,1.2419,0.06106,1.7148,87.01
5,141,4.1005,1.84,24.972,2.2966,1.2218,0.066,1.7209,87.32
5,142,4.1267,1.5511,26.032,2.409,1.3026,0.06114,1.7074,86.63
5,143,4.069,1.5333,25.121,2.3244,1.1595,0.06297,1.7177,87.16
5,144,4.1189,1.3744,24.898,2.4084,1.2668,0.06458,1.7008,86.3
5,145,4.0954,1.7016,,2.3833,1.2188,0.06054,1.7251,87.53
5,146,4.1379,1.6317,26.082,2.3491,1.2659,0.06313,1.7157,87.05
5,147,4.1189,1.6232,24.61,2.3354,1.1684,0.06319,1.7133,86.93
5,148,4.1015,1.5375,26.426,2.2203,1.2124,0.06349,1.7203,87.29
5,149,4.0885,1.6545,26.776,2.3724,1.27,0.06331,1.6822,85.35
5,150,4.1046,1.5364,25.338,2.425,1.3085,0.06576,1.708,86.66
5,151,4.0882,1.6759,26.458,2.3717,1.1967,0.06397,1.6985,86.18
5,152,4.1275,,27.355,,,0.06363,1.6913,85.82
5,153,4.0894,1.5158,26.986,2.3909,1.355,0.06189,1.7153,87.03
5,154,4.1413,1.3796,25.546,2.3544,1.2735,0.06471,1.6884,85.67
5,155,4.1002,1.6691,29.284,2.4007,1.2284,0.061,1.6982,86.17
5,156,4.1045,1.4592,25.81,2.4687,1.2815,0.0634,1.6877,85.63
5,157,4.1428,1.5177,24.524,2.4072,1.2673,0.05899,1.6813,85.31
5,158,4.1061,1.6118,25.618,2.3162,1.2515,0.06302,1.6825,85.37
5,159,4.0807,1.3616,26.346,2.3822,1.2628,0.06301,1.6917,85.84
5,160,,,26.731,2.4493,1.2548,0.06282,1.6792,85.2
5,161,4.1023,1.3687,25.005,2.4108,1.2424,0.06222,1.6772,85.1
5,162,4.1185,1.7055,26.646,2.4364,1.2357,0.0664,1.6873,85.62
5,163,4.1036,1.5198,25.785,2.4031,1.2371,0.06534,1.6698,84.73
5,164,4.0878,1.6563,26.435,2.3164,1.1966,0.06119,1.6769,85.09
5,165,4.1008,1.4558,27.195,2.31,1.2404,0.06917,1.6768,85.08
5,166,4.1045,1.3888,24.769,2.3558,1.1714,0.06348,1.6833,85.41
5,167,4.1023,1.5833,25.114,2.3426,1.1927,0.06465,1.6703,84.75
5,168,4.1102,1.3316,26.148,2.4166,1.1979,0.06273,1.6858,85.54
5,169,4.0772,1.6046,26.314,2.4219,1.2876,0.0664,1.6834,85.41
5,170,4.1311,1.4498,26.111,2.3121,1.1432,0.0655,1.663,84.38
5,171,4.0605,1.5853,25.499,2.4677,1.1778,0.06327,1.6686,84.67
5,172,4.0797,,26.278,2.3841,,0.06363,1.6645,84.46
5,173,4.1124,,25.069,2.4464,1.2142,0.06325,1.6518,83.81
5,174,4.0791,1.7393,27.1,2.3724,1.2166,0.06317,1.6553,83.99
5,175,4.1039,1.5805,26.119,2.4146,1.1898,0.06567,1.6531,83.88
5,176,4.0901,1.5542,26.506,2.4133,1.1262,0.06412,1.6543,83.94
5,177,4.1371,1.5448,25.848,2.4163,1.1282,0.06886,1.658,84.13
5,178,4.0832,1.5067,25.722,2.4836,1.1726,0.06667,1.6545,83.95
5,179,4.0809,1.5501,26.428,2.3134,1.1946,0.06639,1.6558,84.02
5,180,4.0999,1.5581,27.3,2.3382,1.162,0.06793,1.6505,83.74
5,181,4.11,1.8576,27.092,2.4785,,0.06473,1.6515,83.79
5,182,4.1159,1.5761,26.598,2.4004,1.1559,0.06648,1.6433,83.38
5,183,4.1187,1.4067,26.694,2.3754,1.1988,0.06658,1.6498,83.71
5,184,4.0867,1.549,26.752,2.3633,1.172,0.06655,1.6547,83.96
5,185,4.0858,1.6612,25.935,2.4534,1.1846,0.06441,1.6363,83.02
5,186,4.061,1.6033,25.95,2.421,1.1049,0.06756,1.6427,83.35
5,187,4.0757,1.4552,26.554,2.451,,0.07147,1.6442,83.42
5,188,4.1128,1.511,24.785,2.465,1.1379,0.06865,1.6392,83.17
5,189,4.1009,1.4354,26.882,2.3558,1.2749,0.07216,1.6314,82.78
5,190,4.1264,1.5184,27.235,2.4218,1.0876,0.07081,1.6444,83.44
5,191,4.0933,1.3816,25.681,2.3207,1.2096,0.06471,1.6385,83.14
5,192,4.0725,1.3576,26.324,2.4126,1.2005,0.0655,1.63,82.71
5,193,4.0335,1.2668,27.475,2.5604,1.159,0.06651,1.6198,82.19
5,194,4.1145,1.4674,26.479,2.4363,1.1253,0.06723,1.6217,82.28
5,195,4.0678,1.5835,26.063,2.4462,1.2226,0.06806,1.6246,82.43
5,196,4.047,1.473,26.342,2.5554,1.0551,0.06833,1.6278,82.6
5,197,4.0717,1.504,26.634,2.4526,1.231,0.06954,1.6303,82.72
5,198,4.0819,1.4408,26.124,2.3741,1.1748,0.06799,1.6275,82.58
5,199,4.1029,1.3926,26.876,2.4185,1.202,0.06809,1.6096,81.67
5,200,4.0945,1.6193,26.631,2.3484,1.1959,0.06882,1.6183,82.11
5,201,4.1068,1.4374,25.605,2.4894,1.129,0.07099,1.6177,82.08
5,202,4.1147,1.5811,26.752,2.4303,1.1517,0.07163,1.6082,81.6
5,203,4.1019,1.536,,2.5581,1.1987,0.06952,1.6073,81.56
5,204,4.0707,1.5098,26.707,2.5075,1.175,0.06726,1.6077,81.57
5,205,4.0855,1.4123,27.424,2.5456,1.1508,0.07102,1.612,81.79
5,206,4.1222,1.6183,25.552,2.5805,1.1886,0.0687,1.6085,81.61
5,207,4.0995,1.4977,26.745,2.508,1.101,0.06761,1.5923,80.79
5,208,4.0731,1.5487,25.48,2.4491,1.1667,0.07117,1.6018,81.27
5,209,4.0567,1.5332,26.997,2.4915,1.1008,0.07068,1.5906,80.71
5,210,4.0906,1.3355,26.485,2.5899,1.0658,0.07026,1.6071,81.54
5,211,4.0874,1.555,27.51,2.4757,1.1881,0.07008,1.5914,80.75
5,212,4.0679,1.3137,26.541,2.596,1.1451,0.07181,1.5886,80.61
5,213,4.078,1.6501,28.343,2.564,1.1606,0.07063,1.5863,80.49
5,214,4.0649,1.3583,25.497,2.4792,1.1054,0.06774,1.5895,80.65
5,215,4.0753,1.3915,26.154,2.4592,1.0869,0.07265,1.5857,80.46
5,216,4.0332,1.5328,26.708,2.5062,1.0845,0.06908,1.569,79.61
5,217,4.0713,1.7187,26.607,2.4792,1.2381,0.07065,1.5823,80.29
5,218,4.0981,1.6205,26.992,2.4955,1.1189,0.07001,1.585,80.42
5,219,4.1322,1.6781,27.085,2.5374,1.0681,0.07076,1.5813,80.24
5,220,4.1182,1.4405,26.182,2.6184,1.1162,0.07505,1.5845,80.4
5,221,4.0867,1.4965,27.402,2.5716,1.0561,0.07082,1.5767,80.0
5,222,4.0769,1.4741,27.441,,1.0853,0.07206,1.5806,80.2
5,223,4.0573,1.5483,26.759,2.4372,1.0651,0.06963,1.5618,79.24
5,224,4.03,1.4122,25.092,2.521,1.013,0.07194,1.5733,79.83
5,225,4.1206,1.317,26.719,2.4376,1.0446,0.07177,1.5809,80.22
5,226,4.0933,1.4481,27.214,2.3646,1.0639,0.07047,1.5758,79.96
5,227,4.0728,1.5171,26.605,2.5035,1.124,0.07254,1.5648,79.4
5,228,4.0874,1.6333,26.451,2.5008,1.1525,0.07015,1.5601,79.16
5,229,4.0435,1.4929,25.979,2.636,1.0725,0.07148,1.575,79.91
5,230,4.0789,1.4951,26.648,2.2967,1.0936,0.07264,1.5557,78.94
5,231,4.1088,1.5121,27.44,2.4432,1.1307,0.07158,1.5652,79.42
5,232,4.071,1.7029,27.172,2.6028,1.0478,0.07494,1.5456,78.42
5,233,4.0808,1.561,27.398,2.5296,1.0479,0.07472,1.548,78.55
5,234,4.0601,1.3149,26.985,2.4948,1.0822,0.07419,1.5653,79.42
5,235,4.0675,1.5232,28.024,2.5202,1.02,0.07081,1.546,78.44
5,236,4.0456,1.3479,27.158,2.561,1.0631,0.07391,1.5489,78.59
5,237,4.0884,1.6081,24.889,2.5074,1.1057,0.07262,1.5475,78.52
5,238,4.0917,1.5454,28.117,2.5916,1.0718,0.07316,1.5444,78.36
5,239,4.0643,1.3735,26.893,2.5374,1.1038,0.07647,1.5195,77.1
5,240,4.129,1.5639,25.908,2.4942,1.0554,0.07498,1.5403,78.15
5,241,4.0641,1.5168,26.554,2.5794,1.1022,0.07625,1.5311,77.69
5,242,4.1012,1.3726,25.64,2.4594,1.0703,0.07644,1.5342,77.84
5,243,4.0587,1.5105,27.387,2.5057,1.0408,0.07147,1.5302,77.64
5,244,4.0996,1.5475,26.393,2.6105,1.0365,0.07712,1.5286,77.56
5,245,4.0712,1.3569,28.6,2.56,1.0526,0.07631,1.5426,78.27
5,246,4.1021,1.4574,27.156,2.4681,1.0987,0.07447,1.5352,77.89
5,247,4.0652,1.5069,26.278,2.589,1.1371,0.07353,1.53,77.63
5,248,4.0792,1.5382,25.801,2.4653,1.0224,0.07048,1.5303,77.65
5,249,4.0771,1.5338,25.276,2.4352,1.0617,0.07882,1.5353,77.9
5,250,4.0891,1.4799,,2.6212,1.0377,0.07362,1.5167,76.95
6,1,4.1624,1.669,24.434,2.066,1.5409,0.04411,2.1185,100.41
6,2,4.168,1.6154,24.0,1.953,1.4459,0.04179,2.1076,99.9
6,3,4.1499,1.5365,24.189,2.0405,1.5515,0.04568,2.1105,100.03
6,4,4.1701,1.5516,25.422,2.1502,1.4516,0.04478,2.0817,98.67
6,5,4.2157,1.6223,24.487,2.0601,1.5896,0.04802,2.0887,99.0
6,6,4.1887,1.459,24.636,2.0989,1.5158,0.04502,2.1084,99.93
6,7,4.2185,1.4111,23.767,2.0731,1.5477,0.0448,2.1061,99.82
6,8,4.187,1.565,25.581,2.0265,1.519,0.04345,2.1099,100.01
6,9,4.1387,1.5911,24.553,2.0404,1.5116,0.0476,2.0913,99.13
6,10,4.1806,1.5854,22.797,2.1009,1.4287,0.04596,2.0815,98.66
6,11,4.2108,1.3628,22.647,2.0699,1.4899,,2.0792,98.55
6,12,4.1248,1.3775,23.537,2.1107,1.5775,0.04865,2.0905,99.09
6,13,4.1135,,25.391,2.1391,1.5324,0.04418,2.083,98.73
6,14,4.222,1.3321,23.048,2.124,1.485,0.04432,2.0779,98.49
6,15,4.1848,1.4564,23.211,2.1906,1.5084,0.04959,2.0922,99.16
6,16,4.1598,1.4408,25.278,2.1581,1.4124,0.04802,2.085,98.82
6,17,4.1465,1.534,23.165,2.0451,1.4621,0.04604,2.0747,98.34
6,18,4.1465,1.6915,24.84,2.1828,1.4923,0.04606,2.073,98.26
6,19,4.157,1.4815,24.782,2.0014,1.5384,0.04845,2.0855,98.85
6,20,4.1933,1.659,24.342,2.0263,1.6053,0.04435,2.0795,98.56
6,21,4.1847,1.6981,24.641,2.1422,1.3917,0.04652,2.0558,97.44
6,22,4.1896,1.3176,23.023,2.1154,1.5417,0.04732,2.0501,97.17
6,23,4.1831,,23.373,2.1185,1.5233,0.04955,2.0675,98.0
6,24,4.14,1.5864,24.391,2.0579,1.4755,0.0465,2.0633,97.8
6,25,4.1333,1.3845,23.898,2.1852,1.5425,0.04472,2.0658,97.92
6,26,4.202,1.363,22.13,2.0857,1.5451,0.0513,2.0674,97.99
6,27,4.2116,1.2367,23.714,2.0688,1.5395,0.05084,2.0475,97.05
6,28,4.1336,1.6077,24.872,1.9941,1.381,0.05044,2.06,97.64
6,29,4.1348,1.4794,24.614,2.0924,1.4022,0.05225,2.0488,97.11
6,30,4.1581,1.4691,24.61,2.0306,1.497,0.04594,2.0561,97.46
6,31,4.1368,1.3705,25.533,2.1048,,0.0447,2.0454,96.95
6,32,4.1771,1.5281,22.694,2.1161,1.4917,0.05141,2.0391,96.65
6,33,4.1091,1.3853,23.381,2.15,1.3355,0.04806,2.0365,96.53
6,34,4.1649,1.6127,,2.01,1.5464,0.04928,2.051,97.21
6,35,4.1363,1.5173,23.524,2.1804,1.6059,0.05017,2.0383,96.61
6,36,4.1005,1.3033,25.44,2.05,1.4473,0.05063,2.0303,96.23
6,37,4.1584,1.457,24.45,2.0744,1.4404,0.05026,2.0451,96.93
6,38,4.2162,1.5584,25.447,2.0509,1.4904,0.04811,2.0326,96.34
6,39,4.1797,1.5118,26.408,2.2027,1.5217,0.05121,2.0322,96.32
6,40,4.1261,1.6704,23.892,2.084,1.4924,0.05227,2.041,96.74
6,41,4.1487,1.5179,24.364,2.1735,1.6273,0.05076,2.0156,95.53
6,42,4.1287,1.4673,23.713,2.152,1.4772,0.04911,2.0168,95.59
6,43,4.1423,1.4921,25.018,2.1773,1.5232,0.05102,2.0364,96.52
6,44,4.1436,1.6168,25.392,2.2173,1.3718,0.04847,2.0269,96.07
6,45,4.0935,1.5658,25.467,2.0941,1.4314,0.04825,2.0229,95.88
6,46,4.147,1.425,23.872,2.1155,1.4337,0.05427,2.0101,95.27
6,47,4.1675,1.4378,,2.0314,1.3677,0.04823,2.009,95.22
6,48,4.1853,1.2928,23.888,2.0532,1.4326,0.05291,2.0115,95.34
6,49,4.1568,1.682,25.173,2.0922,1.4504,0.04922,2.0043,95.0
6,50,4.1704,1.3434,24.552,2.132,1.47,0.05266,2.0091,95.23
6,51,4.1495,1.6196,,2.0618,1.2813,0.05098,2.0075,95.15
6,52,4.1665,1.2713,23.832,2.1723,1.3846,0.05206,1.995,94.56
6,53,4.1553,1.5794,25.493,2.1514,1.3942,0.05044,1.995,94.56
6,54,4.1302,1.4867,24.323,2.1408,1.3855,0.04778,2.0024,94.91
6,55,4.1794,1.2932,24.707,2.2141,1.4636,0.05077,1.9994,94.77
6,56,4.1568,1.5381,24.794,2.1414,1.3743,0.05257,1.9856,94.11
6,57,4.1594,1.5219,26.054,2.1157,1.4941,0.05037,1.9948,94.55
6,58,4.1847,1.4735,25.993,2.1828,1.3859,,1.9978,94.69
6,59,4.1765,1.3819,24.455,2.1688,1.4026,0.0568,1.9959,94.6
6,60,4.1515,1.6519,24.61,2.2198,1.3406,0.05129,1.9866,94.16
6,61,4.1918,1.4164,23.92,2.1947,1.3929,0.05178,1.991,94.37
6,62,4.1385,1.2734,23.431,2.1634,1.3287,0.05185,1.9875,94.2
6,63,4.1926,1.7693,24.233,2.1821,1.3666,0.05194,1.9673,93.24
6,64,4.1395,1.4753,23.984,2.2349,1.2572,0.05179,1.9907,94.36
6,65,4.1342,1.6134,25.878,2.0849,1.5188,,1.9738,93.55
6,66,4.154,1.4495,24.404,2.1686,1.4259,0.05108,1.9824,93.96
6,67,4.1306,1.3642,23.987,2.1048,1.389,,1.9681,93.28
6,68,4.1988,1.2449,24.885,2.1759,1.4498,,1.9688,93.32
6,69,4.1533,1.4211,25.224,2.065,1.4454,0.05323,1.9644,93.11
6,70,4.1427,1.4914,25.868,2.374,1.4649,0.05227,1.9598,92.89
6,71,4.1649,1.3996,23.723,2.1773,1.4452,0.0503,1.9666,93.21
6,72,4.1619,1.5158,26.016,2.0995,1.5173,0.05056,1.9537,92.6
6,73,4.1457,1.3748,24.695,2.1829,1.3849,0.05208,1.9411,92.01
6,74,4.1388,1.6435,24.916,2.1294,1.3144,0.05354,1.9587,92.84
6,75,4.1125,1.5745,23.567,2.2754,1.4009,0.05391,1.943,92.09
6,76,4.1649,1.5111,24.376,2.2045,1.3075,0.05085,1.9428,92.08
6,77,4.1541,1.5112,25.777,2.1394,1.4183,0.05401,1.94,91.95
6,78,4.1545,1.5038,24.437,2.199,1.3817,0.05405,1.9393,91.92
6,79,4.1118,1.5208,24.331,2.1368,1.3756,0.05595,1.9415,92.02
6,80,4.1307,1.4434,25.401,2.0558,1.4271,0.05085,1.9442,92.15
6,81,4.1307,1.7726,26.641,2.2453,1.3994,0.051,1.9292,91.44
6,82,4.1294,1.4143,25.005,2.1754,1.427,0.05097,1.9397,91.94
6,83,4.1207,1.4633,25.196,2.1387,1.3897,0.05454,1.937,91.81
6,84,4.1304,1.4941,24.387,2.2087,1.364,0.05386,1.929,91.43
6,85,4.1521,1.4668,25.097,2.1469,1.3596,0.05456,1.9449,92.18
6,86,4.151,1.4522,24.69,2.1787,1.5208,0.05399,1.9201,91.01
6,87,4.1009,1.6042,26.238,2.1745,1.433,0.05692,1.9114,90.6
6,88,4.1339,1.5349,25.8,2.2398,,0.05521,1.9244,91.21
6,89,4.1462,1.6177,25.641,2.2326,1.3805,0.05747,1.9397,91.94
6,90,4.1461,1.4302,25.305,2.2152,1.3548,0.06116,1.9275,91.36
6,91,4.163,1.4101,25.089,2.3772,1.3149,0.05447,1.9073,90.4
6,92,4.1174,1.6199,24.82,2.2631,1.2984,0.05243,1.9174,90.88
6,93,4.0989,1.6961,24.128,2.1638,1.3832,0.05499,1.9136,90.7
6,94,4.1887,1.3939,24.844,2.2165,1.3931,,1.9012,90.11
6,95,4.1291,1.487,25.724,2.1604,1.4583,0.05488,1.9046,90.28
6,96,4.1078,1.3586,24.283,2.1737,1.3368,0.05456,1.9091,90.49
6,97,4.1168,1.4073,24.738,2.2929,1.3681,0.05644,1.9126,90.65
6,98,4.1073,1.3613,26.055,2.2689,1.3074,0.05563,1.8935,89.75
6,99,4.1133,1.5701,25.042,2.3634,1.4126,0.0595,1.8963,89.88
6,100,4.1244,1.5867,25.025,2.3372,1.3721,0.05752,1.9062,90.35
6,101,4.1781,1.3431,26.494,2.2307,1.2784,0.05562,1.8997,90.04
6,102,4.1504,1.3907,25.228,2.3133,1.309,0.0567,1.8834,89.27
6,103,4.1239,1.8243,26.248,2.2311,1.311,0.05727,1.8841,89.3
6,104,4.1227,1.5792,24.58,2.1903,1.3618,0.05514,1.8935,89.75
6,105,4.1324,1.2964,25.103,2.1483,1.3775,0.0571,1.8962,89.88
6,106,4.1591,1.3886,23.522,2.2052,1.2827,0.06137,1.9031,90.2
6,107,4.1552,1.4818,25.118,2.252,1.3928,0.05846,1.8861,89.4
6,108,4.172,1.4811,24.909,2.0871,1.3648,0.05816,1.8756,88.9
6,109,4.1209,1.4473,24.949,2.2857,1.366,0.05762,1.8828,89.24
6,110,4.1285,,25.426,2.1777,1.3459,0.05512,1.8875,89.46
6,111,4.0796,1.4956,26.614,2.2558,1.3599,0.06302,1.8696,88.62
6,112,4.1105,1.4415,25.274,2.2257,1.3014,0.06041,1.879,89.06
6,113,4.088,1.4188,24.887,2.3012,1.3861,0.06396,1.8819,89.2
6,114,4.1183,1.5877,24.928,2.26,1.3028,0.05344,1.8678,88.53
6,115,4.1237,1.6698,25.588,2.1947,1.3102,0.05462,1.8705,88.66
6,116,4.1437,1.4877,26.115,2.155,,0.05797,1.8577,88.05
6,117,4.1442,1.5946,26.751,2.2512,1.3882,0.05695,1.873,88.77
6,118,4.1457,1.3371,25.679,2.283,1.3684,0.05904,1.8546,87.9
6,119,4.1392,1.4383,24.789,2.3065,1.3142,0.05847,1.8616,88.24
6,120,4.1659,1.4648,25.02,2.1777,1.3114,0.06071,1.8584,88.08
6,121,4.1283,1.6329,26.196,2.3482,1.3631,0.06266,1.8637,88.33
6,122,4.0919,1.5979,26.206,2.3784,1.3737,0.06353,1.8535,87.85
6,123,4.1304,1.3523,25.545,2.2525,,0.05987,1.8578,88.05
6,124,4.1218,1.6308,23.466,2.2992,1.3677,,1.8545,87.9
6,125,4.1659,,25.549,2.3213,1.3062,0.05844,1.8545,87.9
6,126,4.0955,1.5823,25.62,2.2709,1.2732,0.06113,1.8424,87.33
6,127,4.0946,1.3645,26.125,2.211,1.3302,0.06347,1.8507,87.72
6,128,4.1408,1.6043,27.463,2.1548,1.2798,0.06206,1.8553,87.94
6,129,4.1529,1.5146,25.671,2.282,1.2704,0.05939,1.8376,87.1
6,130,4.1021,1.6339,26.243,2.3659,1.2397,0.0572,1.8404,87.23
6,131,4.1935,1.6716,25.334,2.3277,,0.05798,1.8361,87.03
6,132,4.1164,1.5089,25.614,2.3718,1.2574,0.05743,1.845,87.45
6,133,4.0691,1.4838,26.526,2.3407,1.3429,0.0622,1.8346,86.96
6,134,4.105,1.5679,25.339,2.3637,1.2909,0.06452,1.8492,87.65
6,135,4.1544,1.5914,25.704,2.3432,1.2981,0.06191,1.8236,86.43
6,136,4.1013,1.4802,24.262,2.3629,1.2223,0.06088,1.8241,86.46
6,137,4.1393,1.3076,25.34,2.3413,1.2869,0.06413,1.8289,86.68
6,138,4.0667,1.6179,25.368,2.2114,1.271,0.06402,1.815,86.03
6,139,4.1758,1.4203,25.642,2.2461,1.2781,0.06141,1.8094,85.76
6,140,4.1876,1.4616,25.238,2.3796,1.3644,0.06405,1.8055,85.58
6,141,4.1219,1.2954,26.168,2.2251,1.2324,0.06191,1.8058,85.59
6,142,4.1096,1.7036,26.527,2.3626,1.2132,0.06544,1.8168,86.12
6,143,4.1591,1.7641,26.443,2.3888,1.1157,0.06177,1.8048,85.54
6,144,4.1383,1.3752,25.343,2.1752,1.2932,0.05851,1.818,86.17
6,145,4.1443,1.4648,26.115,2.3164,,0.06011,1.8161,86.08
6,146,4.0733,1.3023,25.417,2.3191,1.2814,0.06122,1.81,85.79
6,147,4.1179,1.55,25.982,2.393,,0.06352,1.818,86.17
6,148,4.0678,1.3078,25.484,,1.2934,0.0628,1.8067,85.64
6,149,4.0818,1.5211,24.74,2.3611,1.1683,0.06358,1.8034,85.48
6,150,4.1029,1.6299,26.138,2.2428,1.2219,0.06,1.7849,84.6
6,151,4.115,1.5899,26.272,2.3799,1.2525,0.06257,1.781,84.42
6,152,4.1006,1.3642,24.985,2.3505,1.2469,0.06937,1.7839,84.56
6,153,4.108,1.3521,25.348,2.3266,1.2926,0.06246,1.7797,84.35
6,154,4.0999,1.355,25.152,2.3256,1.2549,0.0646,1.7869,84.69
6,155,4.1039,,26.072,2.3088,1.2867,0.06623,1.7844,84.58
6,156,4.0842,1.5214,26.177,2.3336,1.2194,0.06485,1.7827,84.5
6,157,4.1007,1.3251,26.039,2.3079,1.2582,0.06414,1.7861,84.66
6,158,4.1109,1.5854,26.508,2.3649,1.141,0.06651,1.765,83.66
6,159,4.0784,1.4293,26.008,2.3989,1.2192,0.06573,1.7813,84.43
6,160,4.0819,1.2763,24.934,2.4523,1.3394,0.06467,1.7616,83.5
6,161,4.102,1.581,24.779,2.3286,1.3092,0.06223,1.7688,83.84
6,162,4.1074,1.5583,25.514,2.3696,1.2657,0.06836,1.7658,83.7
6,163,4.1056,,25.766,2.2871,1.2475,0.06671,1.7687,83.83
6,164,4.1038,1.3508,25.742,2.4421,1.1727,0.06419,1.7705,83.92
6,165,4.0883,1.5545,26.4,2.3967,1.1819,0.06151,1.7625,83.54
6,166,4.0927,1.7455,27.794,,1.1835,0.06606,1.7656,83.69
6,167,4.1238,1.4825,27.006,2.3738,1.2365,0.06196,1.7684,83.82
6,168,4.0979,1.581,26.301,2.3868,1.2255,0.06673,1.7645,83.64
6,169,4.0676,1.5936,25.493,2.2992,1.1728,0.06585,1.7557,83.22
6,170,4.0502,1.4795,26.951,2.3535,1.2141,0.06749,1.7545,83.16
6,171,4.1286,1.1929,27.07,2.42,1.3457,0.06396,1.7595,83.4
6,172,4.1028,1.4928,26.578,2.4504,1.2103,0.06516,1.737,82.33
6,173,4.0957,1.4852,26.888,2.4617,1.2726,0.06542,1.7532,83.1
6,174,4.098,1.4351,25.906,2.35,1.2091,0.0638,1.7298,81.99
6,175,4.1318,1.4099,25.992,2.4488,1.2561,0.06759,1.7346,82.22
6,176,4.1189,1.6912,26.681,2.282,1.1859,0.06751,1.7452,82.72
6,177,4.1409,1.519,26.215,2.4625,1.1992,0.06659,1.7357,82.27
6,178,4.0631,1.4925,26.79,2.3997,1.2835,0.06321,1.7459,82.75
6,179,4.1187,1.6307,26.15,2.4239,1.2394,0.06485,1.7231,81.67
6,180,4.1037,1.6355,25.39,2.3892,1.1905,0.06744,1.7289,81.95
6,181,4.0849,1.677,25.953,2.385,1.1229,0.06529,1.7324,82.11
6,182,4.1061,1.5992,26.744,2.5294,1.1646,0.0636,1.7345,82.21
6,183,4.0801,1.4105,26.164,2.4826,1.2734,0.06797,1.7199,81.52
6,184,4.0883,1.3317,26.849,2.2965,1.1645,0.06812,1.7434,82.63
6,185,4.092,1.3861,26.075,2.4709,1.196,0.06554,1.7234,81.69
6,186,4.0761,1.575,26.597,2.3656,1.0799,0.06816,1.7122,81.15
6,187,4.1131,1.4373,25.378,2.4245,1.3074,0.06894,1.7129,81.19
6,188,,1.3181,25.14,2.2658,1.2766,0.07061,1.7191,81.48
6,189,4.0983,1.3422,25.903,2.5258,1.1955,0.06655,1.7191,81.48
6,190,4.129,1.5201,24.899,2.3666,1.1181,0.06754,1.6998,80.57
6,191,4.0815,1.6219,26.501,2.4862,1.167,0.07401,1.7135,81.22
6,192,4.071,1.4056,26.022,2.3219,1.1959,0.06423,1.7052,80.82
6,193,4.0594,1.4832,26.779,2.5647,1.1272,0.06786,1.709,81.0
6,194,4.071,1.4433,26.919,2.3999,1.2896,0.06911,1.6998,80.57
6,195,4.0831,1.433,26.9,2.3331,1.1076,0.06722,1.6955,80.36
6,196,4.1226,1.6951,27.01,2.4271,1.2166,0.06623,1.7069,80.91
6,197,4.1023,1.4089,26.202,2.4433,1.1814,0.07052,1.6847,79.85
6,198,4.0958,1.4767,26.434,2.4002,1.1638,0.074,1.704,80.77
6,199,4.1017,1.4452,27.138,2.4841,1.2086,0.06931,1.6967,80.42
6,200,4.1218,1.564,26.385,2.4935,1.1252,,1.7015,80.65
6,201,4.046,1.6295,25.797,2.4144,1.1554,0.0692,1.6907,80.14
6,202,4.0874,1.5231,26.094,2.3986,1.2176,0.06503,1.6863,79.93
6,203,4.0769,1.5807,,2.4169,1.1569,0.0715,1.6854,79.88
6,204,4.0586,1.4721,27.123,2.3764,1.1576,0.06946,1.6876,79.99
6,205,4.1551,1.4812,26.797,2.405,1.1843,0.07134,1.6798,79.62
6,206,4.0859,1.4235,25.465,2.5154,1.1279,0.06489,1.6761,79.45
6,207,4.0668,1.5015,27.799,2.4448,1.1513,0.06738,1.6929,80.24
6,208,4.0822,1.5747,26.83,2.4292,1.1505,0.06629,1.6636,78.85
6,209,4.09,1.7682,26.836,2.4018,1.1502,0.06942,1.6783,79.55
6,210,4.0862,1.3803,25.068,2.4762,1.22,0.07036,1.6761,79.44
6,211,4.1104,1.5637,25.957,2.4738,1.2103,0.07138,1.677,79.49
6,212,4.073,1.5075,26.458,2.4611,1.2063,0.06575,1.6744,79.37
6,213,4.0822,1.3674,26.934,2.4233,1.1265,0.07426,1.6666,79.0
6,214,4.0981,1.5778,26.53,2.5879,1.185,0.06918,1.6724,79.27
6,215,4.0974,1.5255,,2.4976,1.1239,0.07186,1.6511,78.26
6,216,4.0676,1.6083,26.324,2.4465,1.1133,0.07318,1.6637,78.86
6,217,4.1167,1.7466,26.309,2.2997,1.1886,0.07036,1.6559,78.49
6,218,4.0672,1.4829,27.633,2.4871,1.1973,0.07215,1.6492,78.17
6,219,4.0717,1.6002,27.405,2.5389,,0.07163,1.6516,78.28
6,220,4.0714,1.3968,25.871,2.4659,1.1661,0.07392,1.6566,78.52
6,221,4.0656,1.4902,27.276,2.4522,1.105,0.0687,1.6391,77.69
6,222,4.0761,1.4548,26.402,2.552,1.0789,0.06996,1.6517,78.29
6,223,4.0815,1.6138,27.134,2.4837,1.1117,0.07342,1.6558,78.48
6,224,4.1063,1.3913,27.602,2.4664,1.0894,0.07154,1.653,78.35
6,225,4.0923,1.5031,27.374,2.4986,1.0958,,1.6483,78.13
6,226,4.0762,1.3688,27.232,2.4637,,,1.6429,77.87
6,227,4.0604,1.417,26.235,2.6012,1.1256,0.07066,1.6361,77.55
6,228,4.0344,1.4698,26.193,2.4849,0.999,0.07218,1.6209,76.83
6,229,4.1175,1.307,25.875,2.4468,1.125,0.07004,1.6416,77.81
6,230,4.0776,1.5197,28.058,2.4986,1.1375,0.0711,1.6448,77.96
6,231,4.0608,,27.635,2.5204,1.0595,0.07454,1.6183,76.71
6,232,4.0364,1.4677,28.309,2.6198,1.084,0.07149,1.6164,76.61
6,233,4.0771,1.5544,27.493,2.5628,1.0941,0.07407,1.6121,76.41
6,234,4.0881,1.4742,27.145,,1.1079,0.07467,1.6175,76.67
6,235,4.0476,1.5028,25.669,2.4877,1.0818,0.07582,1.6085,76.24
6,236,4.0995,1.5716,26.489,2.5208,1.1393,0.07571,1.6201,76.79
6,237,4.0322,1.3294,26.378,2.3747,1.1901,0.07463,1.6159,76.59
6,238,4.0452,1.6591,26.156,2.4563,1.059,0.07379,1.6098,76.3
6,239,4.1023,1.6612,27.062,2.5797,1.065,0.07004,1.6178,76.68
6,240,4.0518,1.4602,26.065,2.4938,1.1246,0.07723,1.6054,76.09
6,241,4.0394,1.4412,,2.512,1.0531,0.07535,1.5949,75.6
6,242,4.0706,1.4384,27.046,2.5102,1.0818,0.07302,1.6143,76.51
6,243,4.0769,1.6607,28.178,2.5537,1.0667,0.07624,1.612,76.41
6,244,4.1353,1.5738,27.575,2.546,1.0841,0.07376,1.6063,76.13
6,245,4.0828,1.6753,27.397,2.5029,1.0705,0.07175,1.6028,75.97
6,246,4.0558,1.653,27.357,2.5499,1.0824,0.07294,1.6117,76.39
6,247,4.1121,1.5507,27.925,2.6188,1.0596,0.07549,1.5886,75.3
6,248,4.0395,1.5149,27.464,2.507,1.0646,0.07441,1.5947,75.58
6,249,4.0221,1.5975,26.902,2.4988,1.07,0.07621,1.6091,76.27
6,250,4.0722,1.6686,28.217,2.5894,1.0515,,1.596,75.65
7,1,4.129,1.5085,24.261,1.9916,1.519,0.04542,1.893,99.34
7,2,4.1884,,24.237,2.1024,1.4444,0.04236,1.914,100.44
7,3,4.1536,1.635,23.872,2.1687,1.3607,0.04563,1.9016,99.79
7,4,4.1559,1.4815,23.703,2.0252,1.4804,0.04289,1.9099,100.23
7,5,4.1906,1.4749,23.23,2.1313,1.4991,0.04352,1.8952,99.45
7,6,4.1535,1.5663,24.372,2.1199,1.4415,0.04387,1.8834,98.83
7,7,4.163,1.5234,22.872,2.0385,1.5117,,1.8987,99.64
7,8,4.1181,1.4341,23.88,2.1794,1.4006,0.0473,1.8955,99.47
7,9,4.1579,1.4565,24.169,1.9878,1.435,0.04863,1.895,99.45
7,10,4.1716,1.5151,24.603,2.1255,1.4267,0.04927,1.8884,99.1
7,11,4.192,1.4005,23.196,,1.4576,0.04278,1.8924,99.31
7,12,4.2068,1.571,23.688,2.0356,1.4656,0.04613,1.8834,98.84
7,13,4.1892,1.633,23.41,2.0986,1.4304,0.04636,1.8807,98.69
7,14,4.198,1.6699,24.712,2.0804,1.4351,0.04321,1.8817,98.75
7,15,4.1652,1.563,24.799,2.014,1.4008,0.04989,1.8831,98.82
7,16,4.1583,1.4872,25.046,2.1476,1.3692,0.05019,1.8724,98.26
7,17,4.1685,1.3595,,2.1216,1.3693,0.04658,1.8754,98.42
7,18,4.1723,1.4137,23.306,2.1997,1.4879,0.04997,1.8903,99.2
7,19,4.2028,1.4011,24.239,2.1149,1.5058,0.04792,1.865,97.87
7,20,4.1726,1.3018,22.145,2.1503,1.4139,0.04688,1.8556,97.38
7,21,4.2055,1.5673,25.875,2.1315,,0.048,1.8649,97.87
7,22,4.194,1.2098,23.447,2.1064,,0.04674,1.8456,96.85
7,23,4.1973,1.4212,23.806,2.028,1.4681,0.04726,1.8683,98.04
7,24,4.1717,1.5563,,2.1053,1.4032,0.05185,1.8355,96.32
7,25,4.1867,1.439,24.779,2.0228,1.4016,0.04558,1.8489,97.03
7,26,4.1996,1.4304,24.803,2.2037,1.4199,0.05011,1.8417,96.65
7,27,4.1708,1.5941,25.909,2.0755,1.3742,0.0462,1.8484,97.0
7,28,4.1956,1.4398,22.555,2.0749,1.4487,0.04823,1.8498,97.07
7,29,4.1539,1.626,24.774,2.1533,1.4254,0.04953,1.8409,96.61
7,30,4.1433,1.5493,25.052,2.1892,1.437,0.04667,1.8408,96.6
7,31,4.1552,1.5274,24.307,2.0555,1.3548,0.04452,1.8283,95.94
7,32,4.1623,1.7832,26.161,2.0682,1.4113,0.04591,1.8075,94.85
7,33,4.1352,1.4779,24.224,2.1426,1.4394,0.04829,1.8196,95.49
7,34,4.1374,1.3438,23.021,2.1673,1.3907,0.04534,1.8281,95.93
7,35,,1.7045,24.202,2.1714,,0.04729,1.8249,95.77
7,36,4.1776,1.5193,24.744,2.0527,1.4316,0.04835,1.8237,95.7
7,37,4.1863,1.5858,24.826,2.1728,1.4371,0.05243,1.8236,95.7
7,38,4.167,1.6175,24.205,2.0565,1.4245,0.04915,1.8182,95.41
7,39,4.175,1.6776,23.377,2.2009,1.2683,0.04888,1.8064,94.8
7,40,4.1538,1.5168,25.11,2.0362,1.4042,0.04993,1.8285,95.95
7,41,4.1307,1.4604,23.702,2.0791,1.4551,0.04997,1.8263,95.84
7,42,4.1482,1.4387,24.051,2.0693,1.3781,0.04932,1.8047,94.7
7,43,4.1645,1.5352,24.113,2.1387,1.4966,0.0544,1.8007,94.5
7,44,4.1373,1.3795,25.229,2.1257,,0.05427,1.796,94.25
7,45,4.1774,1.5692,24.152,2.2143,1.3441,0.05308,1.8021,94.57
7,46,4.1474,1.3763,,2.1277,1.2618,0.05005,1.7951,94.2
7,47,,1.5578,24.067,2.1277,1.3699,0.05361,1.7934,94.11
7,48,4.1404,1.3718,23.236,2.176,1.3891,0.05333,1.7886,93.86
7,49,4.2179,1.4985,24.378,2.0801,,0.05112,1.8012,94.52
7,50,4.129,1.5497,24.824,2.1688,1.3446,0.05338,1.7958,94.24
7,51,4.1293,1.5941,22.423,2.2015,1.2867,0.05007,1.8046,94.7
7,52,4.1512,1.6085,23.268,2.1445,1.3446,0.0544,1.7754,93.17
7,53,4.1267,1.4514,25.823,2.2096,1.3266,0.05083,1.7871,93.78
7,54,4.1423,1.3029,23.869,2.2526,1.35,0.05127,1.7794,93.38
7,55,4.2107,1.5093,25.546,2.1351,1.3551,0.05163,1.7801,93.41
7,56,4.1497,1.615,24.17,2.1738,1.3994,0.05007,1.7705,92.91
7,57,4.1562,1.4887,23.064,2.1519,1.3851,0.05533,1.7831,93.57
7,58,4.1821,1.3636,24.431,2.25,1.319,0.05389,1.7766,93.23
7,59,4.1603,1.4694,23.882,2.2852,1.3935,0.05276,1.7756,93.18
7,60,4.1539,1.5288,25.074,2.2256,1.3181,0.04927,1.7641,92.58
7,61,4.1089,1.4703,24.289,2.2127,1.4557,0.04843,1.7658,92.66
7,62,4.1463,1.551,23.673,2.2433,1.362,0.05232,1.781,93.46
7,63,4.1535,1.6109,24.7,2.2593,1.4046,0.05128,1.745,91.57
7,64,4.1523,1.5156,24.866,2.1923,1.223,0.05231,1.771,92.94
7,65,4.1914,1.7001,25.702,2.1782,1.2951,0.05148,1.745,91.57
7,66,4.133,1.2272,25.289,2.2819,1.4345,0.055,1.7692,92.84
7,67,4.1512,1.2609,24.539,2.2318,1.3411,0.05268,1.7609,92.41
7,68,4.1244,1.7308,26.592,2.1981,1.3549,0.0512,1.7413,91.38
7,69,4.1929,1.3268,24.991,2.2314,1.3691,,1.7519,91.93
7,70,4.1427,1.5913,25.017,2.162,1.3578,0.05474,1.7607,92.4
7,71,4.126,1.455,24.433,2.1529,1.3536,0.05436,1.7439,91.51
7,72,4.1262,1.4415,26.037,2.195,1.3394,0.05329,1.7477,91.71
7,73,4.1764,1.6445,25.071,2.1544,1.4326,0.05547,1.7466,91.66
7,74,4.1823,1.4468,25.953,2.2987,1.2846,0.05504,1.7316,90.87
7,75,4.2116,1.4222,25.953,2.2121,1.2697,0.05376,1.7392,91.27
7,76,4.1193,1.5489,25.737,2.228,1.3009,0.05382,1.7307,90.82
7,77,4.1508,1.6447,25.315,,1.298,0.05457,1.7284,90.7
7,78,4.1773,1.7247,25.31,2.2627,1.2542,0.05522,1.7351,91.05
7,79,4.1429,1.8754,25.641,2.1688,1.3402,0.05345,1.7152,90.01
7,80,4.1966,1.64,25.404,2.1991,1.3026,0.05768,1.7139,89.94
7,81,4.0665,1.8027,25.482,2.2442,1.3737,0.05565,1.7217,90.35
7,82,4.1325,1.3647,25.046,2.3112,1.2861,0.05338,1.723,90.42
7,83,4.1312,1.4632,24.653,2.2231,1.2391,0.05388,1.7245,90.5
7,84,4.1478,1.6516,26.661,2.3205,1.3592,0.05478,1.7143,89.96
7,85,4.1422,1.583,25.777,2.2699,1.3035,0.05677,1.7052,89.48
7,86,4.1633,1.5091,24.376,2.1815,1.2781,0.05583,1.718,90.15
7,87,4.1055,1.4526,25.182,2.1816,1.3302,0.05483,1.7098,89.72
7,88,4.1417,1.5603,24.45,2.2241,1.327,0.05404,1.6975,89.08
7,89,4.1015,1.4632,23.969,2.2206,1.3828,0.05292,1.6878,88.57
7,90,4.1928,1.5625,24.861,2.2329,1.3224,0.05919,1.6965,89.03
7,91,4.1201,1.3482,24.992,2.1602,1.2753,0.0541,1.6923,88.81
7,92,4.1259,1.5614,23.894,2.2532,1.2403,0.05519,1.7028,89.36
7,93,4.1615,1.4985,27.673,2.1915,1.3596,,1.7097,89.72
7,94,4.104,1.545,25.227,,1.3481,0.05515,1.6878,88.57
7,95,4.1578,1.3363,24.345,2.2552,1.3245,0.05924,1.69,88.69
7,96,,1.4097,25.308,2.2366,1.2761,0.05633,1.6834,88.34
7,97,4.1223,1.4219,25.416,2.0743,1.2596,0.05434,1.6873,88.55
7,98,4.1249,1.4474,25.074,2.2217,1.2693,0.05695,1.6903,88.7
7,99,4.1247,,24.137,2.2643,1.299,0.05402,1.675,87.9
7,100,4.1541,1.632,25.598,2.3,1.3939,0.0564,1.6822,88.28
7,101,4.0962,1.7258,26.898,2.2098,1.2421,0.05647,1.6655,87.4
7,102,4.1019,1.2793,26.693,2.2842,1.3047,0.05683,1.6814,88.23
7,103,4.0958,1.4145,25.218,2.1318,1.2632,0.05663,1.6731,87.8
7,104,4.1194,1.3961,23.666,2.2794,1.2596,0.05473,1.6647,87.36
7,105,4.1254,1.4604,23.487,2.3134,1.2119,0.05773,1.6653,87.39
7,106,4.1226,1.6542,,2.343,1.2861,0.05851,1.6561,86.91
7,107,4.1239,1.4891,26.25,2.2476,1.2787,0.05829,1.6461,86.38
7,108,4.1281,1.6155,24.071,2.1808,1.1564,0.05953,1.6673,87.5
7,109,4.1534,1.4351,24.779,2.2728,1.3397,0.06147,1.6612,87.17
7,110,4.1388,1.6767,25.327,2.2586,1.2595,0.05624,1.6599,87.11
7,111,4.1021,1.6397,25.935,2.3706,1.1803,0.06212,1.6499,86.58
7,112,4.0996,1.4423,26.321,2.3015,1.2443,0.05685,1.6365,85.88
7,113,4.1575,1.6128,26.573,2.3136,1.123,0.05607,1.6358,85.84
7,114,4.1195,1.45,24.425,2.3472,1.2805,0.05968,1.6483,86.5
7,115,4.1327,1.3567,25.104,2.1416,1.1748,0.05816,1.6372,85.92
7,116,4.0828,1.3682,25.407,2.3991,1.2686,0.06032,1.6591,87.06
7,117,4.1146,1.5274,24.91,2.3405,1.1698,0.06082,1.6351,85.81
7,118,4.1215,1.3205,24.417,2.3707,1.2387,0.05972,1.6359,85.85
7,119,4.1257,1.3532,25.332,,1.2611,0.05747,1.6263,85.34
7,120,4.1394,1.4926,25.201,2.4174,1.197,0.06156,1.6283,85.45
7,121,4.1419,1.6031,25.167,2.2328,1.1422,0.05829,1.6196,84.99
7,122,4.0982,1.5299,24.319,2.2925,1.1855,0.05948,1.6308,85.58
7,123,4.0949,1.4394,,2.2305,1.2926,0.05904,1.6204,85.03
7,124,4.1086,1.6284,25.033,2.4026,1.1897,0.06089,1.6045,84.2
7,125,4.135,1.3538,24.571,2.3824,1.1982,0.06195,1.6282,85.44
7,126,4.1268,1.3526,24.848,2.2629,1.2443,0.06031,1.6142,84.71
7,127,4.1106,1.4074,,2.2549,1.2873,0.06001,1.6191,84.97
7,128,,1.51,24.222,2.2557,1.2825,0.06053,1.6106,84.52
7,129,4.1308,1.4522,24.791,2.2538,1.2744,0.05655,1.5975,83.83
7,130,4.1245,1.7089,26.254,2.273,1.3011,0.05789,1.602,84.07
7,131,4.1332,1.4139,26.027,2.2941,1.2601,0.05704,1.6086,84.42
7,132,4.1103,1.6578,25.738,2.4019,1.2491,0.06058,1.6069,84.33
7,133,4.14,1.5766,23.854,2.2696,1.2921,0.05845,1.6083,84.4
7,134,4.1374,1.433,23.931,2.2964,1.3252,0.05935,1.6069,84.32
7,135,4.0943,1.666,25.625,2.2963,1.286,0.06236,1.5912,83.5
7,136,4.0882,1.6594,25.837,2.2431,1.124,0.05909,1.588,83.33
7,137,4.0672,1.3886,24.775,2.3105,1.2952,0.06091,1.5832,83.08
7,138,4.1306,1.4922,25.967,2.3563,1.2174,0.06709,1.5895,83.42
7,139,4.0904,1.5653,25.113,2.3674,1.1432,0.05946,1.596,83.75
7,140,4.1419,1.5813,26.461,,1.2174,0.06079,1.5892,83.4
7,141,4.1422,1.5136,25.615,2.4402,1.207,0.06207,1.5907,83.48
7,142,4.1137,1.4229,25.914,2.3447,1.2975,0.06362,1.5859,83.22
7,143,4.1339,1.5584,26.834,2.3184,1.2103,0.06196,1.575,82.65
7,144,4.0931,1.5907,26.171,2.4285,1.2001,0.06146,1.578,82.81
7,145,4.0949,1.6519,,2.4283,1.2193,0.06143,1.5816,83.0
7,146,4.1238,1.4547,26.764,2.3902,1.1524,0.06629,1.574,82.6
7,147,4.0865,1.4224,26.861,2.4669,1.2456,0.06528,1.5717,82.48
7,148,4.1273,1.5617,26.282,2.4027,1.1588,0.06422,1.5784,82.83
7,149,4.1078,1.4848,26.151,2.3214,1.1288,0.06518,1.5781,82.82
7,150,4.113,1.4493,26.761,2.4151,1.1762,0.06064,1.5606,81.9
7,151,4.1263,1.5453,25.954,2.3786,1.2245,0.06304,1.5593,81.83
7,152,4.0869,1.8293,25.992,2.3795,1.215,0.06242,1.5634,82.04
7,153,4.111,1.4133,,2.2707,1.2713,0.06495,1.5577,81.74
7,154,4.0673,1.428,26.873,2.6202,1.2431,0.06555,1.5605,81.89
7,155,4.0891,1.6427,25.15,2.3006,1.1175,0.06555,1.5574,81.73
7,156,4.1123,1.5216,24.997,2.3355,1.1469,0.06091,1.5505,81.37
7,157,4.0823,1.5929,26.524,2.3005,1.1602,0.06755,1.5447,81.06
7,158,4.1196,1.5364,26.814,2.3983,1.1505,0.06409,1.5387,80.75
7,159,4.1062,1.3656,26.741,2.4457,1.1205,0.06348,1.545,81.08
7,160,4.0791,1.3,25.144,2.3626,1.098,0.06455,1.5404,80.83
7,161,4.1286,1.5089,24.47,2.4278,1.1789,0.06517,1.5493,81.3
7,162,4.0865,1.1793,24.716,2.4154,1.1729,0.06201,1.5532,81.51
7,163,4.0978,1.3749,26.222,2.3663,1.1303,0.06304,1.5242,79.98
7,164,4.1073,1.5488,26.171,2.3873,1.1122,0.06322,1.5354,80.58
7,165,4.1574,1.3629,25.48,2.4001,1.1452,0.06695,1.528,80.18
7,166,4.0994,1.6227,27.588,2.4806,1.1519,0.06482,1.5265,80.1
7,167,4.1085,1.4234,26.661,2.4103,1.1555,0.0625,1.5271,80.14
7,168,4.0571,1.4554,25.512,2.4171,1.2499,0.0663,1.525,80.03
7,169,4.1201,1.6604,27.706,2.3569,1.1175,0.06662,1.5339,80.5
7,170,4.109,1.4957,25.558,2.5012,1.097,0.06677,1.5201,79.77
7,171,4.0636,1.426,25.433,2.4395,1.1331,0.06535,1.5221,79.88
7,172,4.1607,1.5343,26.504,2.3768,1.1122,0.06947,1.5041,78.93
7,173,4.1091,1.3806,25.609,2.3733,1.0926,0.06583,1.4982,78.62
7,174,4.0938,1.5153,25.019,2.5049,1.1087,0.06541,1.4908,78.23
7,175,4.0992,1.6832,28.298,2.4593,1.1957,0.06943,1.5044,78.95
7,176,4.1401,1.6215,26.373,2.4369,1.0504,,1.509,79.19
7,177,4.0597,1.5497,,2.4189,1.1422,0.06661,1.4924,78.32
7,178,4.1224,1.516,26.508,2.3491,1.1261,0.06855,1.4954,78.47
7,179,4.0795,1.4614,25.311,2.382,1.0677,0.0662,1.5082,79.14
7,180,4.0794,1.5161,26.003,2.487,1.1044,0.06545,1.5033,78.89
7,181,4.0701,1.5907,26.173,2.4302,1.1933,0.06938,1.4892,78.15
7,182,4.1143,1.5544,25.88,2.4492,1.0395,0.06977,1.4807,77.7
7,183,4.076,1.4572,24.782,2.411,1.105,0.06431,1.4958,78.49
7,184,4.1291,1.5243,25.993,2.4577,1.1269,0.06492,1.4957,78.49
7,185,4.0893,1.5575,26.297,2.4474,1.0464,0.06853,1.482,77.77
7,186,4.1601,1.4814,26.468,2.606,1.132,0.06718,1.4851,77.93
7,187,4.1341,1.389,26.452,2.4107,1.1086,0.06459,1.475,77.4
7,188,4.0885,1.3824,27.117,2.409,1.1386,0.06924,1.4915,78.27
7,189,4.04,1.6118,26.322,2.4222,1.1124,,1.4823,77.79
7,190,4.0604,1.4942,26.398,2.5087,1.0744,0.0707,1.4779,77.56
7,191,4.0833,1.3956,25.012,2.4619,1.0785,0.07032,1.4817,77.76
7,192,4.0711,1.5568,25.823,2.4495,1.1589,0.06827,1.4665,76.96
7,193,4.0983,,26.42,2.4599,1.1543,,1.4708,77.18
7,194,4.1185,1.494,26.519,2.4339,1.1301,0.06753,1.466,76.93
7,195,4.1427,1.6341,27.734,2.3608,1.0385,0.06776,1.4786,77.59
7,196,4.0868,1.3323,27.072,2.5857,1.1679,0.07069,1.4636,76.81
7,197,4.0703,1.5383,28.094,2.4372,1.0797,0.07085,1.4629,76.77
7,198,4.0697,1.4983,25.972,2.4638,1.1581,0.06715,1.4683,77.05
7,199,4.093,1.809,27.014,2.4558,1.1296,0.06821,1.4655,76.9
7,200,4.084,1.4992,25.125,2.4616,0.9887,0.0683,1.4402,75.58
7,201,4.092,1.4808,26.321,2.4193,1.0956,0.06924,1.4543,76.32
7,202,4.0958,1.5617,26.365,2.6146,1.0835,0.06868,1.443,75.73
7,203,4.0644,1.6128,26.022,2.4369,1.0629,0.06739,1.4447,75.81
7,204,4.0766,1.6354,26.768,2.5676,1.1223,0.07053,1.4319,75.14
7,205,4.0853,1.5383,26.497,2.5658,1.0918,0.0683,1.4588,76.55
7,206,4.0669,1.5949,26.917,2.4648,1.115,0.06674,1.4462,75.89
7,207,4.0753,1.8745,27.058,2.4428,1.0149,0.07245,1.4407,75.6
7,208,4.0666,1.5716,27.102,2.519,1.0817,0.07028,1.4344,75.27
7,209,4.0944,1.5823,27.482,2.4859,1.0394,0.06979,1.4369,75.4
7,210,4.0408,1.3178,27.036,2.5753,1.0164,0.0704,1.4389,75.51
7,211,4.0785,1.5683,25.58,2.4206,1.06,0.07003,1.4275,74.91
7,212,4.1043,1.4817,26.185,2.5066,1.065,0.07211,1.4195,74.49
7,213,4.0492,1.4948,26.598,2.4171,1.0007,0.07092,1.4189,74.46
7,214,4.0474,1.6479,26.24,2.5624,1.0701,0.07127,1.4181,74.42
7,215,4.0169,1.3958,26.354,2.5169,0.9786,0.07069,1.4203,74.54
7,216,4.0887,1.5301,27.223,2.5617,1.087,0.07264,1.4109,74.04
7,217,4.1529,1.3863,26.045,2.5532,1.1017,0.07201,1.4149,74.25
7,218,4.0298,1.7234,26.721,2.5751,0.963,0.07167,1.4209,74.57
7,219,4.0958,1.5709,27.006,2.4398,1.057,0.07092,1.4089,73.93
7,220,4.1057,1.5511,25.68,2.5109,1.1911,0.07469,1.4152,74.26
7,221,4.0821,1.645,26.68,2.4817,1.037,0.07262,1.3853,72.69
7,222,,1.5266,25.948,2.5773,0.9757,0.07053,1.3977,73.35
7,223,4.1332,1.4512,24.894,2.4765,1.0752,0.07333,1.4002,73.48
7,224,4.1144,1.5562,26.042,2.6086,1.039,0.07056,1.4208,74.56
7,225,4.0474,1.4779,26.487,2.5591,1.0297,,1.3971,73.31
7,226,4.0835,1.5426,26.32,2.4902,1.0639,0.0749,1.3854,72.7
7,227,4.0801,1.649,26.282,2.5187,1.0427,0.06962,1.3899,72.94
7,228,4.0782,1.6008,25.907,2.5215,1.1141,0.07651,1.3953,73.22
7,229,4.0475,1.5885,26.468,2.539,1.0072,0.06905,1.402,73.57
7,230,4.0946,1.5691,27.165,2.5383,1.0603,0.07366,1.3869,72.78
7,231,4.0781,1.7438,27.178,2.5298,1.0435,0.07228,1.3853,72.7
7,232,4.0808,1.4741,26.637,2.482,1.0416,0.07401,1.3818,72.52
7,233,4.0249,1.6058,27.019,2.4717,1.0735,0.07016,1.3815,72.5
7,234,4.0733,1.2628,26.666,2.5079,1.0082,0.0716,1.3894,72.91
7,235,,1.3124,27.613,2.5206,0.9948,0.07094,1.3779,72.31
7,236,4.0413,1.5515,,2.505,0.9765,0.07208,1.3829,72.57
7,237,4.0792,1.4413,26.701,2.5924,0.9449,0.07343,1.3746,72.14
7,238,4.0466,1.567,26.5,2.4689,1.0901,0.0754,1.3648,71.62
7,239,4.0356,,26.769,2.6348,1.0505,0.07428,1.3548,71.1
7,240,4.0843,1.3829,27.784,2.5713,0.9787,0.07541,1.3599,71.37
7,241,,1.6022,26.669,2.5505,0.9506,0.07392,1.3839,72.62
7,242,4.1161,1.3209,26.464,2.6265,1.0068,0.0737,1.3642,71.59
7,243,4.0473,1.3173,26.193,2.4925,1.0208,0.07258,1.355,71.11
7,244,4.0589,1.5308,26.542,2.4899,1.0182,0.07641,1.3557,71.14
7,245,4.0545,1.522,25.326,2.5468,0.9935,0.07253,1.3584,71.29
7,246,4.059,1.656,28.013,2.5022,0.9837,0.07353,1.3492,70.8
7,247,4.0725,1.5482,27.451,2.5229,1.0797,0.07464,1.3596,71.35
7,248,4.0627,1.685,26.858,2.619,0.9744,0.07323,1.3441,70.54
7,249,4.0461,1.6361,27.433,2.5104,1.0039,0.07378,1.3541,71.06
7,250,4.1147,1.493,27.419,2.5665,1.006,0.07467,1.3495,70.82
8,1,4.1569,1.6219,24.237,2.0252,,0.04145,2.1287,99.89
8,2,4.1571,1.5257,23.584,1.9843,1.605,0.04895,2.139,100.38
8,3,4.187,1.5073,25.429,1.9161,1.5527,0.04391,2.1248,99.71
8,4,,1.7224,23.79,2.0941,1.5868,0.04545,2.1056,98.81
8,5,4.1348,1.4148,24.683,2.0503,1.5493,0.04587,2.1232,99.63
8,6,4.1665,1.6935,24.411,2.1487,1.4728,,2.1376,100.31
8,7,4.1803,1.6477,24.564,2.1244,1.4925,0.04419,2.1147,99.24
8,8,4.1754,1.4789,23.304,2.1247,1.507,0.04881,2.1158,99.29
8,9,4.1922,1.5683,23.531,2.0769,1.6197,0.04658,2.1136,99.18
8,10,4.1928,1.5383,24.315,2.089,1.5617,0.0435,2.1185,99.41
8,11,4.1704,1.4547,25.114,2.0147,1.4504,0.04791,2.1111,99.07
8,12,4.1264,1.6108,24.404,2.0904,1.4922,0.04367,2.0956,98.34
8,13,4.1673,1.3493,24.221,2.0361,1.5222,0.04687,2.0953,98.32
8,14,4.1862,1.4608,24.268,2.0788,1.3935,0.04797,2.1057,98.81
8,15,4.1874,1.3478,23.745,2.0013,1.5497,0.04399,2.1016,98.62
8,16,4.1862,1.4269,23.362,2.1241,1.5554,0.04836,2.0908,98.11
8,17,4.1666,1.478,23.659,2.0804,1.4841,0.04617,2.1028,98.68
8,18,4.2015,1.5505,25.712,2.0302,1.4161,0.04859,2.0987,98.48
8,19,4.1646,1.2905,23.257,1.9855,1.4811,0.04649,2.0855,97.87
8,20,4.202,1.5842,23.043,2.1135,1.5087,0.0472,2.0902,98.09
8,21,4.1757,1.4201,24.01,2.1501,1.4657,0.04546,2.0871,97.94
8,22,4.1418,1.2966,23.744,2.1681,1.4971,0.048,2.0847,97.83
8,23,4.1806,1.5147,23.762,2.0956,1.5007,0.04564,2.0659,96.95
8,24,4.1991,1.4762,23.565,2.0742,1.539,0.04543,2.0834,97.77
8,25,4.1518,1.5328,23.888,2.0527,1.5711,0.04518,2.0832,97.76
8,26,4.2116,1.5862,23.351,2.0119,1.4553,0.04844,2.0803,97.62
8,27,4.1361,1.3993,23.554,2.0801,1.5897,0.04637,2.0761,97.42
8,28,4.1391,1.5805,24.399,2.0402,1.4675,0.04678,2.0643,96.87
8,29,4.2341,1.5705,24.358,2.0551,1.4197,0.04995,2.0723,97.25
8,30,4.1548,1.6501,24.557,2.1432,1.5008,0.04825,2.0732,97.29
8,31,4.1624,1.6057,24.092,2.1264,1.426,0.05028,2.0579,96.57
8,32,4.1355,1.4779,25.103,2.0255,1.4278,0.0487,2.0659,96.95
8,33,4.1483,1.5644,24.681,2.0662,1.4919,0.04806,2.0783,97.53
8,34,4.1232,1.5022,25.13,2.109,1.5306,0.05024,2.0562,96.49
8,35,4.1486,1.4469,23.18,2.0913,1.4822,0.05263,2.0564,96.5
8,36,4.1422,1.3327,24.066,2.1576,1.4635,0.0504,2.059,96.62
8,37,4.1813,1.3139,25.504,2.0447,1.5106,0.0489,2.0511,96.25
8,38,4.1569,1.5364,24.866,2.177,1.5396,0.05022,2.0495,96.17
8,39,4.1648,1.6351,24.973,2.0811,1.4808,0.05069,2.0619,96.76
8,40,4.1723,1.6098,24.593,1.9408,1.5497,0.0492,2.0458,96.0
8,41,4.1334,1.4658,24.001,2.0758,1.4279,0.05098,2.0373,95.6
8,42,4.1816,1.641,24.371,2.1261,1.4883,0.04872,2.058,96.57
8,43,4.182,1.6373,24.735,2.0521,1.4445,0.04728,2.0362,95.55
8,44,4.1666,1.4741,24.69,2.1504,1.4714,0.04788,2.038,95.64
8,45,4.17,1.6962,24.558,,1.4999,0.05001,2.0332,95.41
8,46,4.1894,1.6725,25.126,2.2702,1.4267,0.05477,2.0423,95.84
8,47,4.1924,1.4686,25.202,2.2165,1.4004,0.05031,2.0371,95.59
8,48,4.1539,1.4093,24.293,2.3107,1.5318,0.04788,2.0116,94.4
8,49,4.1779,1.4668,24.691,2.1517,1.3832,0.04882,2.031,95.31
8,50,4.16,1.4225,23.871,2.132,1.4921,0.05085,2.0258,95.06
8,51,4.1397,1.5308,24.366,2.1736,1.4103,0.05497,2.0353,95.51
8,52,4.1995,1.5186,25.088,2.223,1.4825,0.04978,2.0066,94.16
8,53,4.2028,1.4015,26.213,2.1663,1.4216,0.04957,2.0228,94.92
8,54,4.1068,1.4583,24.388,2.0813,1.4768,0.05104,2.014,94.51
8,55,4.1471,1.5509,24.78,2.1061,1.4428,0.0515,2.0085,94.25
8,56,4.1476,1.5779,25.223,2.1368,1.4673,0.04976,2.0024,93.96
8,57,4.1481,1.6883,25.041,2.1359,1.5093,0.05127,2.0017,93.93
8,58,4.1411,1.3873,24.428,2.137,1.3975,0.05716,2.025,95.03
8,59,4.1651,1.4534,24.19,2.217,1.3477,0.04979,2.0076,94.21
8,60,4.1868,1.4641,25.01,2.1596,1.4931,0.04903,2.0009,93.89
8,61,4.1476,1.6201,24.221,2.1606,1.4237,0.05032,2.0066,94.16
8,62,4.1376,1.5249,24.168,2.143,1.3278,0.0517,1.9883,93.3
8,63,4.1693,1.499,24.95,2.1132,1.507,0.0567,2.0046,94.07
8,64,4.216,1.428,23.681,2.1231,1.4109,0.0573,1.9956,93.64
8,65,4.1293,1.4019,25.574,2.2279,1.3947,0.04905,1.9898,93.38
8,66,4.1933,1.5926,24.955,2.2828,1.513,0.05285,1.9809,92.96
8,67,4.1353,1.4759,23.586,2.0824,1.3298,0.05521,1.9876,93.27
8,68,4.1981,1.4226,26.113,2.1532,1.332,0.05573,1.9731,92.59
8,69,4.1263,1.4706,24.068,2.1675,1.421,0.05258,1.9947,93.6
8,70,4.134,1.5949,24.787,2.1597,1.3595,0.05218,1.9668,92.29
8,71,4.1196,1.5971,25.006,2.1934,1.3753,0.05282,1.9904,93.4
8,72,4.1346,1.5506,25.291,2.3123,1.4206,0.04982,1.977,92.77
8,73,4.1421,1.7524,26.356,2.1527,1.4437,0.05257,1.9842,93.11
8,74,4.1636,1.6447,25.778,2.1904,1.5272,0.05315,1.9728,92.57
8,75,4.1109,1.6881,25.064,2.1988,1.3702,0.05309,1.9577,91.87
8,76,4.1576,,25.26,2.211,1.3761,0.0512,1.9621,92.08
8,77,4.221,1.6889,26.223,2.1527,1.3943,0.05261,1.9539,91.69
8,78,4.1302,1.6708,25.814,2.1368,1.3768,0.05586,1.9536,91.68
8,79,4.1464,1.5601,25.333,2.2117,1.3597,0.05338,1.9574,91.86
8,80,4.105,1.4982,25.611,2.1161,1.4029,0.05617,1.9508,91.54
8,81,4.1368,1.7097,25.665,2.0893,1.4186,0.05322,1.943,91.18
8,82,4.1258,1.5059,24.561,,1.3616,0.05439,1.9611,92.03
8,83,4.1549,1.5335,23.743,2.2646,1.3748,,1.944,91.23
8,84,4.1504,1.6524,24.956,2.2675,1.3926,0.0561,1.9574,91.85
8,85,4.1728,1.5993,24.785,2.1693,1.3812,0.05368,1.9524,91.62
8,86,4.0881,1.327,26.413,,1.4735,0.05613,1.9386,90.97
8,87,4.1033,1.5136,26.574,2.3056,1.3926,,1.9444,91.25
8,88,4.1191,1.6666,26.561,2.2266,1.3598,0.05866,1.935,90.81
8,89,4.1412,1.5689,24.46,2.1788,1.3373,0.05851,1.9327,90.7
8,90,4.1424,1.4813,24.578,2.2167,1.3506,0.05561,1.9537,91.68
8,91,4.1289,1.4909,24.933,2.2008,1.3506,0.05744,1.9396,91.02
8,92,4.178,1.5301,25.628,2.2671,1.3302,0.05421,1.92,90.1
8,93,4.132,1.5979,24.766,2.2615,1.2471,0.05539,1.9237,90.27
8,94,4.1334,1.4146,24.5,2.0436,1.3184,0.05839,1.9392,91.0
8,95,4.1256,1.2344,23.517,2.3001,1.3938,0.05381,1.9231,90.24
8,96,4.1361,1.3709,23.394,2.2212,1.3896,0.0577,1.9205,90.12
8,97,4.0975,1.5215,24.975,2.2263,1.3521,0.05532,1.9304,90.59
8,98,4.1649,1.5543,24.054,2.2651,1.3292,0.05592,1.8972,89.03
8,99,4.1489,1.4189,24.213,2.3048,1.3462,0.05659,1.913,89.77
8,100,4.1183,1.4588,25.395,2.1453,1.3678,0.05549,1.9226,90.22
8,101,4.1482,1.5649,24.004,2.2334,1.2965,0.05705,1.9217,90.18
8,102,4.0956,1.658,25.709,2.2229,1.3004,0.05507,1.8942,88.89
8,103,4.1251,1.701,25.329,2.2477,1.2806,0.05664,1.9122,89.73
8,104,4.1239,1.4573,25.458,2.3371,1.3554,0.05977,1.9099,89.63
8,105,4.1599,1.4426,25.026,2.2357,1.3747,0.05918,1.9113,89.69
8,106,4.1542,1.4483,25.918,2.3112,1.3782,0.05799,1.9052,89.41
8,107,4.1095,1.5399,25.572,2.172,1.3677,0.05534,1.9078,89.53
8,108,4.1324,1.4285,25.276,2.2587,,0.0591,1.8965,89.0
8,109,4.1881,1.5032,24.375,2.198,1.3941,,1.8917,88.77
8,110,4.1518,1.4666,25.803,2.3157,1.3472,0.06299,1.8848,88.45
8,111,4.1096,1.4859,27.124,2.3697,1.3952,0.05673,1.8798,88.21
8,112,4.1089,1.4228,26.446,2.2484,1.3258,0.05999,1.886,88.5
8,113,4.1305,1.3853,24.983,2.2306,1.2953,0.05901,1.876,88.03
8,114,4.1232,1.5616,24.747,2.3072,1.3196,,1.8889,88.64
8,115,4.1222,1.7417,25.619,2.2005,1.3715,0.05786,1.8787,88.16
8,116,4.1127,1.6711,25.125,2.3542,1.2739,0.05833,1.8852,88.47
8,117,4.1316,1.7901,25.537,2.2868,1.4225,0.05601,1.892,88.78
8,118,4.107,1.6153,24.266,2.3117,1.3444,0.06319,1.8655,87.54
8,119,4.1356,1.6809,,2.2481,1.2654,0.05814,1.8849,88.45
8,120,,1.2618,24.978,2.2803,1.3456,0.06265,1.8741,87.94
8,121,4.1028,1.3,25.762,2.2283,1.3603,0.06231,1.8738,87.93
8,122,4.1389,1.6734,26.487,2.158,1.2683,0.05708,1.8578,87.18
8,123,4.135,1.1947,24.869,2.3322,1.3215,0.06005,1.8722,87.86
8,124,4.0977,1.5166,25.55,2.3238,1.3449,0.06005,1.863,87.42
8,125,4.1144,1.3455,25.696,2.2953,1.3366,0.05747,1.8725,87.87
8,126,4.1411,1.4843,24.745,2.3538,1.2565,0.06464,1.876,88.03
8,127,4.1659,1.4969,26.785,2.249,1.3049,0.06185,1.8546,87.03
8,128,4.1499,1.4607,25.557,,1.2699,0.06151,1.8627,87.41
8,129,4.1271,1.5295,24.953,2.2812,1.3085,0.06027,1.8535,86.98
8,130,,1.5543,25.015,2.248,1.4024,0.05858,1.8657,87.55
8,131,4.1301,1.4823,24.749,2.2535,1.2711,0.0593,1.8519,86.9
8,132,4.1204,1.4569,25.618,2.3417,,0.06264,1.8595,87.26
8,133,4.1494,1.5189,25.58,2.2642,,0.05763,1.8366,86.19
8,134,4.1344,1.4047,24.255,2.2528,1.2715,0.06039,1.8385,86.28
8,135,4.1451,1.6702,27.429,2.2114,1.2477,0.0626,1.8415,86.41
8,136,4.1403,1.5453,26.95,2.3737,1.3409,0.0605,1.8368,86.19
8,137,4.1107,1.3398,26.629,2.3576,1.2696,0.06405,1.8375,86.23
8,138,4.0719,1.6416,24.803,2.3035,1.294,0.06233,1.8311,85.93
8,139,4.132,,25.14,2.3338,1.2102,0.0648,1.8408,86.38
8,140,4.1083,1.3627,24.931,2.3207,1.2518,0.06409,1.8207,85.44
8,141,4.105,1.5051,26.674,2.3752,1.2233,0.06056,1.8316,85.95
8,142,,1.3953,26.178,2.269,1.3442,0.0631,1.8315,85.94
8,143,4.1024,1.4559,25.791,2.3135,1.2161,0.05937,1.8165,85.24
8,144,4.1224,1.5343,25.986,2.2893,1.2847,0.06736,1.8278,85.77
8,145,4.1075,1.4589,23.402,2.3921,1.3145,0.06131,1.8307,85.91
8,146,4.0854,1.5752,25.771,2.3735,1.2714,0.06445,1.8077,84.83
8,147,4.1346,1.2713,24.502,2.3107,1.3236,0.0664,1.82,85.41
8,148,4.0981,1.2876,,2.302,1.4144,0.06128,1.8136,85.11
8,149,4.1317,1.399,25.852,2.3815,,0.06456,1.8297,85.86
8,150,4.1274,1.5205,24.885,2.3337,1.274,0.05925,1.8172,85.28
8,151,4.1096,1.3671,,2.3221,1.3583,0.06356,1.81,84.94
8,152,4.1087,1.2979,26.119,2.3026,1.2453,0.06113,1.8148,85.16
8,153,4.1378,1.6349,27.267,2.4486,1.1556,0.06097,1.805,84.7
8,154,4.1265,1.4399,25.385,2.3354,1.2707,0.06051,1.7878,83.89
8,155,4.1103,1.6671,26.04,2.3025,1.1436,0.06551,1.7901,84.0
8,156,4.0811,1.3176,24.502,2.2939,1.2385,0.0613,1.7921,84.1
8,157,4.1032,1.7902,24.869,2.3625,1.2595,0.06178,1.7974,84.35
8,158,4.1281,1.5353,27.046,2.2243,1.2067,0.06691,1.7946,84.21
8,159,4.122,1.6718,24.581,2.404,1.3021,0.06276,1.799,84.42
8,160,4.1129,1.2609,25.938,2.3137,1.3094,,1.8106,84.97
8,161,4.1451,1.6369,25.434,2.3524,1.2674,0.06359,1.7827,83.65
8,162,4.108,1.3964,24.033,2.3777,1.141,0.06245,1.7827,83.65
8,163,4.0654,1.5756,25.869,2.351,1.1693,0.06325,1.7691,83.02
8,164,4.1049,1.6233,26.888,2.3517,1.1458,0.06317,1.7841,83.72
8,165,4.0863,1.3982,25.914,2.515,1.2111,0.06479,1.7782,83.45
8,166,4.1364,1.6299,26.792,2.4537,1.2094,0.06432,1.7664,82.89
8,167,4.1207,1.2587,26.078,2.3369,1.281,0.06586,1.7885,83.93
8,168,4.1111,1.5505,26.367,2.4111,1.3008,0.06599,1.7587,82.53
8,169,4.1326,1.7945,27.113,2.3895,1.25,0.06579,1.7707,83.09
8,170,4.1576,1.4356,26.887,2.3716,1.1526,0.06502,1.7686,82.99
8,171,4.1175,1.5366,25.278,2.4699,1.2779,0.06869,1.762,82.68
8,172,4.1017,1.6102,25.734,2.3908,,0.06272,1.7661,82.88
8,173,4.0911,1.4968,26.363,,1.1789,0.06509,1.7631,82.74
8,174,4.0809,1.4548,25.877,2.423,1.2334,0.06377,1.7539,82.3
8,175,4.1249,1.4181,26.981,2.4078,1.2127,0.06672,1.7682,82.98
8,176,,1.5489,25.901,2.2697,1.2418,0.06537,1.7556,82.38
8,177,4.1124,1.4848,26.924,2.4049,1.2238,0.06596,1.7599,82.59
8,178,4.0821,1.488,25.132,2.4375,1.1868,0.06542,1.765,82.83
8,179,4.101,,24.206,2.4251,1.1031,0.06819,1.7453,81.9
8,180,4.0949,1.6829,26.36,2.494,1.1891,0.06187,1.7598,82.58
8,181,4.1412,1.5913,25.869,2.4211,1.2547,0.06655,1.7446,81.87
8,182,4.0852,1.6476,26.971,2.3592,1.1896,0.06888,1.7641,82.79
8,183,4.1061,1.3311,26.518,2.4224,1.1999,0.06768,1.7422,81.75
8,184,4.0824,1.4986,25.835,2.5385,1.2455,0.06514,1.7356,81.45
8,185,4.0859,1.5313,26.975,2.2895,1.1921,0.06605,1.7531,82.27
8,186,4.1056,1.5186,26.155,2.4751,1.2128,0.0674,1.7363,81.48
8,187,4.1417,1.5488,25.891,2.2987,1.124,0.06651,1.7338,81.36
8,188,4.0815,1.5703,25.886,2.3606,1.2239,0.0703,1.7296,81.17
8,189,4.101,1.2997,24.848,2.3829,1.2458,0.06612,1.7195,80.69
8,190,4.0954,1.533,25.691,2.5392,1.1747,0.06803,1.7197,80.7
8,191,4.105,1.6768,27.835,2.376,1.2421,0.06902,1.721,80.76
8,192,4.0913,1.5064,27.06,2.4799,1.2668,0.06844,1.7299,81.18
8,193,4.0317,1.3356,25.803,2.3594,1.2248,0.06554,1.7191,80.67
8,194,4.0811,1.6737,26.05,2.455,1.1911,0.07009,1.7138,80.42
8,195,4.0914,1.3257,25.945,2.4275,1.1971,0.06692,1.7226,80.83
8,196,4.0921,,25.888,2.5462,1.2149,0.07062,1.7228,80.84
8,197,4.0741,1.4478,26.449,2.4238,1.1501,0.06791,1.7032,79.93
8,198,4.0864,1.6633,25.361,2.4569,1.2423,0.06839,1.7031,79.92
8,199,4.1136,1.4117,26.264,2.3755,1.0786,0.06858,1.7031,79.92
8,200,4.0897,1.6638,28.08,2.4461,1.2195,0.0698,1.6951,79.55
8,201,4.0414,1.7253,25.843,2.5248,1.1957,0.06717,1.7001,79.78
8,202,4.1424,1.7146,26.271,2.4005,1.1737,0.06891,1.7035,79.94
8,203,4.1071,1.3274,26.596,2.4338,1.1708,0.06986,1.7085,80.18
8,204,4.1126,1.4406,26.33,2.4196,1.083,0.06926,1.7064,80.08
8,205,4.0449,1.5279,26.449,2.4653,1.1187,0.06675,1.7095,80.22
8,206,4.1206,1.413,25.968,2.5789,1.1206,0.0704,1.6816,78.91
8,207,4.1122,1.3713,25.759,2.4708,1.2578,0.06832,1.699,79.73
8,208,4.0969,1.6056,27.167,2.4052,1.1291,0.07039,1.6845,79.05
8,209,4.08,1.5287,25.722,2.5684,1.1658,0.07224,1.6964,79.61
8,210,4.0876,1.3515,24.621,2.5347,1.1572,0.07061,1.6845,79.05
8,211,4.0625,1.6591,28.115,,1.182,0.0707,1.6721,78.47
8,212,4.1309,1.4774,27.509,2.4866,1.1485,0.07318,1.679,78.79
8,213,4.0817,1.6975,27.792,2.5375,0.9541,0.07144,1.6802,78.85
8,214,4.0828,1.6053,26.903,2.5081,1.1331,0.07368,1.6775,78.72
8,215,4.0968,1.5915,27.616,2.5303,1.1403,0.07278,1.6799,78.83
8,216,4.1307,1.6641,,2.6113,1.0376,0.07219,1.673,78.51
8,217,4.1294,1.5629,26.044,2.4582,1.1031,0.07043,1.6639,78.08
8,218,4.0631,1.5651,27.007,2.4161,1.0549,0.07178,1.6648,78.12
8,219,4.0997,1.599,28.005,2.5371,1.2721,0.07748,1.6696,78.35
8,220,4.0261,1.5321,27.082,2.4765,1.1659,0.07086,1.6492,77.39
8,221,4.067,1.5091,,2.453,1.117,0.07266,1.6556,77.69
8,222,4.108,1.423,25.662,2.5021,1.151,0.06991,1.6574,77.78
8,223,4.1278,1.4581,27.816,2.3417,1.1865,0.07004,1.6677,78.26
8,224,4.0552,1.5254,26.07,2.4741,1.2215,0.07166,1.6626,78.02
8,225,4.0691,1.7128,25.655,2.4708,1.1041,0.07508,1.6696,78.35
8,226,4.0261,1.3767,25.754,2.5476,1.1647,0.07152,1.6521,77.53
8,227,4.0958,1.3985,26.968,2.5165,1.1071,0.07304,1.6441,77.15
8,228,4.0898,1.3741,27.077,2.5573,1.1366,0.07356,1.6472,77.3
8,229,4.0992,1.5422,25.88,2.5471,1.0365,0.07305,1.6435,77.12
8,230,4.0653,1.5551,26.259,2.5308,1.1186,0.07137,1.6392,76.92
8,231,4.0812,1.6103,28.038,2.5847,1.147,0.07211,1.6508,77.47
8,232,4.0808,,27.267,2.2983,1.1531,0.0747,1.6266,76.33
8,233,4.0999,,26.38,2.5823,1.0471,0.07285,1.6335,76.66
8,234,4.0541,1.5716,27.942,2.5828,1.1452,0.06969,1.6326,76.61
8,235,4.0784,1.5311,26.459,2.6252,1.1096,0.07428,1.6211,76.07
8,236,4.0752,1.8463,26.495,2.4747,1.0609,0.07645,1.6376,76.85
8,237,4.0597,1.4319,27.87,2.5349,1.1763,0.07332,1.634,76.68
8,238,4.0804,1.4608,26.694,2.4444,1.128,0.07508,1.6296,76.47
8,239,4.0891,1.5205,28.134,2.5706,1.172,0.07658,1.6313,76.55
8,240,4.0817,1.6289,26.115,2.4524,1.0331,0.07358,1.6203,76.03
8,241,4.0357,1.5541,26.88,2.5931,1.1964,0.07483,1.6165,75.86
8,242,4.0873,1.5374,26.757,2.4728,1.0698,0.07368,1.6115,75.62
8,243,4.0834,1.7555,27.762,2.5507,1.0795,0.07209,1.6214,76.09
8,244,4.0527,,25.796,2.6245,1.1081,0.07353,1.6083,75.47
8,245,4.0209,1.5706,28.047,2.5223,1.0016,0.07357,1.614,75.74
8,246,4.0758,1.3667,28.686,2.4557,1.0783,0.07245,1.6189,75.97
8,247,4.0575,1.6134,28.132,2.5116,1.0326,0.0756,1.5983,75.0
8,248,4.0744,1.5703,26.97,2.5414,1.0759,0.0769,1.6086,75.49
8,249,4.0724,1.5366,27.237,2.4967,1.1255,0.07576,1.6203,76.03
8,250,4.0901,1.5398,26.272,2.5614,,0.07692,1.597,74.94
9,1,4.1796,1.5437,24.451,2.0681,1.4996,0.04711,2.0179,99.81
9,2,4.2411,1.5919,23.232,2.0633,1.5406,0.04454,2.0144,99.64
9,3,4.1527,1.5655,22.711,1.9678,1.525,0.04491,2.006,99.23
9,4,4.1658,1.3241,24.224,2.0078,1.4716,0.04617,2.0106,99.45
9,5,4.1601,1.262,24.068,2.0625,1.4718,0.04353,2.0122,99.54
9,6,4.1893,1.5126,25.398,2.1018,1.4912,0.0472,2.0126,99.55
9,7,4.178,1.6566,23.553,2.0629,1.5544,0.04646,2.011,99.47
9,8,4.1337,1.2288,25.431,2.0823,1.463,0.04666,2.0058,99.22
9,9,4.1677,1.3884,22.844,1.94,1.4091,0.04812,1.9994,98.9
9,10,4.1889,,24.273,2.0504,1.4938,0.04537,1.9972,98.79
9,11,4.222,1.6756,22.622,2.0423,1.4909,0.04725,2.0129,99.57
9,12,4.131,1.6586,23.887,1.9836,1.4267,0.04722,1.9876,98.32
9,13,4.1802,1.3845,22.622,,1.5022,0.04589,1.993,98.59
9,14,4.2103,1.5731,25.173,2.0408,1.4838,0.04748,1.9936,98.61
9,15,4.1709,,,1.9986,1.5081,0.04742,1.9916,98.51
9,16,4.184,1.4586,23.606,2.1122,1.5079,0.04591,1.9925,98.56
9,17,4.1678,1.4363,25.348,2.1008,1.4766,0.04517,1.9876,98.31
9,18,4.1566,1.4244,24.743,2.106,1.3521,0.04684,1.9964,98.75
9,19,4.163,1.5221,22.807,1.9154,1.4253,0.04784,1.9896,98.42
9,20,4.1499,,23.773,2.2074,1.4534,0.04718,1.961,97.0
9,21,4.1711,1.4774,24.966,2.1169,1.4867,0.04724,1.9917,98.52
9,22,4.193,1.4629,25.205,2.0287,1.5394,0.04858,1.9804,97.96
9,23,4.1824,1.4254,24.213,2.0648,1.4578,0.04964,1.9735,97.62
9,24,4.1411,1.3754,24.355,2.1154,1.4326,0.05106,1.9836,98.12
9,25,4.1531,1.4171,24.018,2.0767,1.528,0.04997,1.9841,98.15
9,26,4.1852,1.6027,24.482,2.1233,1.4913,0.0491,1.9761,97.75
9,27,4.1509,1.4694,,2.0134,1.4917,0.04893,1.9677,97.33
9,28,4.1614,1.4821,24.46,2.0393,1.3871,0.0494,1.9614,97.02
9,29,4.1611,1.4652,24.208,2.1216,1.5325,0.04528,1.958,96.85
9,30,4.1037,1.6717,22.932,2.2526,1.4372,0.05118,1.9755,97.72
9,31,4.1551,1.4615,23.656,2.1555,1.4342,0.04708,1.9753,97.71
9,32,4.1432,1.4653,24.428,2.0721,1.4278,0.05191,1.9691,97.4
9,33,4.1562,1.4839,24.74,2.0512,1.4702,0.04947,1.9613,97.02
9,34,4.2096,1.6804,23.984,2.0492,1.4546,0.04623,1.9468,96.3
9,35,4.1525,1.6999,24.0,2.1092,1.5124,0.04855,1.9702,97.46
9,36,4.1911,1.4387,23.349,2.0313,1.4739,0.0501,1.9596,96.93
9,37,4.1565,1.3339,22.362,2.2923,1.4712,0.04971,1.9641,97.16
9,38,4.1271,1.4103,25.743,2.1623,1.403,0.04711,1.956,96.75
9,39,4.1546,1.7517,24.619,2.054,1.4346,0.05021,1.9478,96.35
9,40,,1.6511,24.772,,1.4075,0.04648,1.9399,95.96
9,41,4.1693,1.3986,25.922,2.1766,1.3453,0.04638,1.9472,96.32
9,42,4.2004,1.6132,25.939,2.1324,1.4207,0.04754,1.9386,95.89
9,43,4.1557,1.4783,25.784,2.1251,1.4992,0.04698,1.9474,96.33
9,44,4.1509,1.5915,25.331,2.1029,1.4774,0.05202,1.9643,97.16
9,45,4.1422,1.5122,24.462,2.2211,1.4617,0.05026,1.9353,95.73
9,46,4.1081,1.4331,24.702,2.2053,1.438,0.05344,1.944,96.16
9,47,4.1466,1.4902,24.879,,1.5034,0.04842,1.9442,96.17
9,48,4.1768,1.4696,24.108,2.138,1.4644,0.04976,1.938,95.86
9,49,4.1867,1.5553,25.461,2.1913,1.5277,0.05311,1.9251,95.22
9,50,4.1693,1.4406,24.165,2.0626,1.4035,0.05209,1.926,95.27
9,51,4.1296,1.3249,26.091,2.1684,1.3764,0.05204,1.9294,95.44
9,52,4.1721,1.1734,26.354,2.0381,1.411,0.04897,1.9457,96.24
9,53,4.1633,1.2594,24.275,2.2222,1.3704,0.04858,1.9204,94.99
9,54,4.1472,1.4367,23.621,2.186,1.442,0.04935,1.9234,95.14
9,55,4.1587,1.3925,24.674,2.2456,1.4056,0.04917,1.9152,94.74
9,56,4.1504,1.4904,25.041,2.1999,1.4118,0.0516,1.9239,95.17
9,57,4.1844,1.6086,24.919,2.0987,1.4686,0.05213,1.9355,95.74
9,58,4.1478,1.3928,25.413,2.2041,1.4132,0.05187,1.9125,94.6
9,59,4.1002,1.3393,23.921,2.1116,,0.0537,1.9099,94.47
9,60,4.1882,1.4151,24.51,2.1637,1.4563,0.05241,1.9124,94.6
9,61,4.1112,1.4012,25.49,2.044,1.4678,0.05332,1.9127,94.61
9,62,4.1313,1.7368,26.157,2.1641,1.4035,0.05115,1.9038,94.17
9,63,4.1348,1.5,26.204,2.1668,1.3447,0.04983,1.9091,94.43
9,64,4.1322,1.5392,23.519,2.2159,1.3423,0.05277,1.9072,94.34
9,65,4.1937,1.5303,26.373,,1.4638,0.05238,1.9016,94.06
9,66,,1.6185,25.359,2.1586,1.3844,0.0552,1.9052,94.24
9,67,4.135,1.4208,23.986,2.2292,1.3465,0.05468,1.9114,94.55
9,68,4.1358,1.6979,23.884,2.2817,1.4053,0.04901,1.9032,94.14
9,69,4.1733,1.459,24.007,2.0891,1.5109,0.05143,1.9097,94.46
9,70,4.1552,1.314,23.832,2.2472,1.4047,0.05263,1.885,93.24
9,71,4.137,1.5032,24.246,2.1536,1.3523,0.05207,1.8935,93.66
9,72,4.1669,,23.787,2.1802,1.4913,0.05158,1.8998,93.97
9,73,4.1494,1.4979,24.507,2.2619,1.4016,0.05545,1.8884,93.41
9,74,4.169,1.7012,26.194,2.3334,1.4398,0.05254,1.8925,93.61
9,75,4.164,1.7417,24.416,2.2292,1.3438,0.05503,1.8928,93.62
9,76,4.1578,1.3422,25.357,2.2109,1.3811,0.05802,1.8824,93.11
9,77,4.1539,1.5236,25.111,2.334,1.3746,0.05311,1.8792,92.96
9,78,4.1372,1.3191,24.126,2.1261,1.285,0.05363,1.8954,93.76
9,79,4.174,1.5874,25.52,2.1508,1.4129,0.05726,1.8781,92.9
9,80,4.1546,1.3602,25.636,2.3129,1.3841,0.05341,1.88,92.99
9,81,4.133,1.4689,25.453,2.2252,1.4151,0.05546,1.8737,92.68
9,82,4.1306,1.4448,24.769,2.3187,1.4592,0.05651,1.8662,92.31
9,83,4.1086,1.5389,24.411,2.31,1.2818,0.05573,1.8723,92.61
9,84,4.142,1.5925,25.937,2.2113,1.396,0.05376,1.8625,92.13
9,85,4.1668,1.5526,24.66,2.1993,1.4097,0.05302,1.8696,92.48
9,86,4.1563,1.4602,23.822,2.3,1.2993,0.05492,1.8582,91.92
9,87,4.1334,1.4069,25.504,2.2273,1.4025,0.05422,1.859,91.96
9,88,4.0928,1.323,26.246,2.2489,1.3752,0.05642,1.8792,92.95
9,89,4.1474,1.3974,25.599,2.2634,1.4241,0.05921,1.8649,92.25
9,90,4.1088,1.7262,24.537,2.2462,1.3375,0.05494,1.8611,92.06
9,91,4.1452,1.5752,24.53,2.2171,1.3111,0.05552,1.8627,92.14
9,92,4.1847,1.4827,23.383,2.3139,1.3682,0.05578,1.8538,91.7
9,93,4.1145,1.7465,,2.1282,,0.05857,1.8495,91.48
9,94,4.1152,1.3952,24.268,2.3253,1.3393,0.05292,1.8524,91.63
9,95,4.1408,1.4604,24.276,2.1719,1.396,0.0569,1.8524,91.63
9,96,4.1429,1.5537,24.842,2.2253,1.3984,0.05935,1.8513,91.57
9,97,4.1311,1.6153,26.808,2.3479,1.2946,0.05919,1.8358,90.81
9,98,4.162,1.6093,,2.275,1.386,0.05672,1.8443,91.23
9,99,4.0962,1.5969,25.471,2.1889,1.3169,0.05719,1.84,91.01
9,100,4.1351,1.305,26.046,2.2474,1.2757,0.05208,1.8356,90.8
9,101,4.1485,1.5404,25.951,2.2988,1.3425,0.05661,1.8465,91.34
9,102,4.1446,1.6829,25.361,2.3389,1.3462,0.058,1.8331,90.67
9,103,4.175,1.7169,24.858,2.3815,1.3284,0.05691,1.8539,91.7
9,104,4.1414,1.3856,25.437,2.186,1.4097,0.05858,1.8155,89.8
9,105,4.1072,1.7017,24.06,2.2666,1.2972,0.0567,1.8492,91.47
9,106,4.1094,1.3647,24.756,2.2653,1.3785,0.05831,1.825,90.27
9,107,4.0949,1.4641,25.81,2.2795,1.2795,0.05971,1.8366,90.85
9,108,4.112,1.5746,25.39,2.2309,1.2889,0.05582,1.8212,90.08
9,109,4.1585,1.5457,26.13,2.2951,1.2847,0.05478,1.8204,90.05
9,110,4.1137,1.4267,26.017,2.3248,1.4229,0.05667,1.8143,89.75
9,111,4.1698,1.4888,25.697,2.341,1.3137,0.05805,1.8327,90.65
9,112,4.0706,1.5253,24.806,2.2058,1.3306,0.05554,1.8131,89.68
9,113,4.1412,1.4689,25.268,2.1997,1.3487,0.05893,1.8227,90.16
9,114,4.1412,1.44,24.081,2.331,1.3426,0.05761,1.8165,89.85
9,115,4.1597,1.6539,25.113,2.1861,1.2409,0.05818,1.8159,89.82
9,116,4.1096,1.4458,24.833,2.2447,1.307,0.05636,1.8224,90.15
9,117,4.1237,1.815,,2.3742,1.3744,0.05822,1.8176,89.91
9,118,4.1039,1.4085,25.306,2.2833,1.2195,0.06375,1.8039,89.23
9,119,4.1281,1.4427,25.146,2.2624,1.298,0.05925,1.8032,89.19
9,120,4.1317,1.6025,25.555,2.2989,1.2869,0.06141,1.8098,89.52
9,121,4.1216,1.4956,25.359,2.2892,1.2932,0.0584,1.8041,89.24
9,122,4.1458,1.7324,,2.329,1.1999,0.0613,1.8058,89.33
9,123,4.1,1.5583,25.049,2.2473,1.264,0.06122,1.7862,88.36
9,124,4.1228,1.4732,26.112,2.3452,1.196,0.06197,1.7886,88.47
9,125,4.1297,1.4061,25.684,2.4491,1.2932,0.05908,1.7893,88.51
9,126,4.0866,1.6928,25.994,2.2348,1.2351,0.06015,1.7905,88.57
9,127,4.0941,1.6527,25.634,2.243,1.2636,0.06374,1.798,88.94
9,128,4.1041,1.6335,25.869,2.2552,1.3279,0.06238,1.7776,87.93
9,129,4.1066,1.4644,25.733,2.2245,1.3484,0.06388,1.7895,88.52
9,130,4.1304,1.6618,27.319,2.3991,1.1922,0.05997,1.7831,88.2
9,131,4.1087,1.7336,27.156,2.2581,1.2708,0.05922,1.7872,88.4
9,132,4.115,1.6343,25.034,2.1526,1.1953,,1.7798,88.04
9,133,4.1248,1.3904,24.496,2.2562,1.2169,0.05985,1.7743,87.76
9,134,4.1369,1.4014,25.204,2.2812,,0.06077,1.7729,87.7
9,135,4.0904,1.5143,,2.241,1.2699,0.06467,1.7842,88.26
9,136,4.1156,1.3629,24.3,2.2708,1.2445,0.06051,1.7672,87.41
9,137,4.0771,1.4454,25.98,2.2381,1.2489,0.06203,1.7703,87.57
9,138,4.1264,1.3382,26.173,2.3439,1.2664,0.06381,1.7641,87.26
9,139,4.102,1.6856,27.363,2.282,1.2573,0.06377,1.7658,87.35
9,140,4.1319,1.6146,25.368,2.3506,1.2615,0.05937,1.766,87.36
9,141,4.1002,1.6326,26.62,2.3731,1.2799,0.06275,1.7569,86.9
9,142,4.1263,1.5783,24.674,2.2817,1.2077,,1.7652,87.31
9,143,4.0614,1.7092,26.036,2.3907,1.286,0.06504,1.7743,87.77
9,144,4.0811,1.5089,26.151,2.3201,1.2884,0.06215,1.761,87.11
9,145,4.0876,1.4747,25.873,2.2182,1.2128,0.05841,1.7527,86.7
9,146,4.1442,1.3796,26.17,2.5087,1.3227,0.06279,1.7507,86.6
9,147,4.0796,1.3332,25.587,2.3625,1.3065,0.0615,1.7606,87.09
9,148,4.1174,1.5064,25.726,2.2898,1.2624,0.06315,1.7535,86.73
9,149,4.1296,1.6457,26.505,2.281,1.2501,0.06106,1.7466,86.39
9,150,4.0898,1.6758,26.638,2.4143,1.2973,0.06246,1.749,86.51
9,151,4.1556,1.5028,24.732,2.4079,1.2489,0.06613,1.743,86.22
9,152,4.1111,1.7059,24.84,2.3138,1.1972,0.05885,1.7465,86.39
9,153,4.0972,1.6316,26.305,2.3869,1.2185,0.06183,1.7497,86.55
9,154,4.1337,1.5171,25.307,2.2811,1.2479,0.06237,1.7416,86.15
9,155,4.1043,1.4699,26.059,2.3884,1.3338,0.06512,1.7385,85.99
9,156,4.0893,1.3313,25.658,2.4073,1.2728,0.06614,1.7499,86.56
9,157,4.1407,1.5638,24.725,2.4045,1.2346,0.0646,1.7151,84.83
9,158,4.1197,1.347,25.598,2.2632,1.2653,,1.7415,86.14
9,159,4.0917,1.418,25.446,2.3888,1.2036,0.06539,1.7217,85.17
9,160,4.1355,1.3898,26.897,2.4521,1.3071,0.06388,1.7383,85.99
9,161,4.0829,1.3919,25.812,2.4185,1.2887,0.06335,1.722,85.18
9,162,4.1045,1.4481,26.47,2.3908,1.2304,0.06516,1.7258,85.37
9,163,4.1218,1.4238,26.582,2.3858,1.2014,0.06503,1.7292,85.54
9,164,4.1332,1.3991,,2.3741,1.1955,0.06361,1.7252,85.34
9,165,4.0622,1.606,27.692,2.2787,1.1683,0.0663,1.7126,84.71
9,166,4.1262,1.5127,25.543,2.3634,,0.06263,1.7184,85.0
9,167,4.1346,1.6938,26.589,2.2428,1.1852,0.06769,1.7245,85.3
9,168,4.1385,1.4968,24.967,2.3772,1.2176,0.06829,1.7281,85.48
9,169,4.1044,1.5342,26.389,2.4203,1.1755,0.06316,1.7151,84.83
9,170,4.0625,1.722,24.778,2.3487,1.2613,0.0654,1.7224,85.2
9,171,4.1137,1.5337,25.92,2.3505,1.2028,0.06436,1.699,84.04
9,172,4.0966,1.4809,25.608,2.4935,1.1298,0.06636,1.7272,85.43
9,173,4.0666,1.4277,26.243,2.3391,1.2166,,1.7039,84.29
9,174,4.0654,1.4245,25.769,,1.2104,0.0665,1.7054,84.36
9,175,4.1012,1.388,26.889,2.4692,1.2164,0.06551,1.716,84.88
9,176,4.0955,1.2797,26.298,2.4498,1.2724,0.06466,1.7053,84.35
9,177,4.1065,1.5368,26.26,2.4008,1.2083,0.06772,1.7003,84.1
9,178,4.081,1.506,25.805,2.3658,1.1175,0.06641,1.7064,84.41
9,179,4.0956,1.5258,26.514,2.487,1.1738,,1.6986,84.02
9,180,4.1461,1.3877,26.545,2.4743,1.0734,0.06742,1.6922,83.71
9,181,4.0919,1.4496,25.639,2.3865,1.1765,0.06574,1.6959,83.89
9,182,4.1279,1.3816,24.643,2.4814,1.1779,0.06606,1.6865,83.42
9,183,4.1029,1.4646,26.558,2.353,1.1713,,1.6865,83.42
9,184,4.0928,1.608,26.719,2.4447,1.1873,0.06786,1.6949,83.84
9,185,4.0675,1.5156,25.695,2.5009,1.1996,0.06577,1.676,82.9
9,186,4.0996,1.5197,26.473,2.421,1.1112,0.06302,1.6797,83.09
9,187,4.1099,1.4846,27.215,2.4161,1.2466,0.06974,1.677,82.95
9,188,4.0653,1.5303,27.271,2.4361,1.2081,0.06478,1.6866,83.43
9,189,4.0752,1.289,25.734,2.2742,1.1264,0.0728,1.6917,83.68
9,190,4.0588,1.5315,25.6,2.4767,1.129,0.06834,1.6714,82.68
9,191,4.159,1.5891,26.282,2.4099,1.1422,0.0664,1.6634,82.28
9,192,4.1356,1.4625,24.555,2.3592,1.2153,0.06754,1.6645,82.33
9,193,4.1224,1.4357,26.745,2.3905,1.1976,0.06738,1.6679,82.5
9,194,4.1132,1.6189,26.338,2.4044,1.2467,0.06946,1.6651,82.37
9,195,4.0759,1.6522,26.615,,1.1704,0.06908,1.6621,82.22
9,196,4.1219,1.6805,26.994,2.519,1.1641,0.0699,1.6629,82.26
9,197,4.1168,1.6395,27.036,2.5551,1.1375,0.06833,1.6696,82.59
9,198,4.0817,1.291,27.225,2.379,1.1683,0.06592,1.658,82.01
9,199,4.0708,1.3935,26.416,2.3999,1.1313,0.06922,1.6628,82.25
9,200,4.0695,1.4111,26.312,2.4761,1.2319,0.06686,1.6624,82.23
9,201,4.1189,1.7669,25.938,2.4023,1.1733,0.06796,1.6516,81.7
9,202,4.0952,1.7162,25.636,2.5389,1.1227,0.06993,1.6462,81.43
9,203,4.0968,1.4948,27.004,2.4387,1.1814,0.06895,1.6632,82.27
9,204,4.0533,1.409,25.212,2.4483,1.0754,0.0681,1.6555,81.89
9,205,4.1247,1.4119,25.325,2.4701,1.2297,0.06937,1.6379,81.02
9,206,4.1196,,26.976,2.4214,1.169,0.067,1.6446,81.35
9,207,4.1226,1.6873,27.059,2.343,1.0826,0.06848,1.638,81.03
9,208,4.0551,1.5016,27.912,2.4845,1.1533,0.06792,1.6398,81.11
9,209,4.0552,1.3298,26.364,2.4866,1.0888,0.07038,1.6262,80.44
9,210,4.1344,1.6239,,2.5074,1.2104,0.06619,1.6492,81.58
9,211,4.0714,1.4675,26.209,2.4843,1.0855,0.06975,1.6475,81.49
9,212,4.0901,1.5775,26.378,2.5094,1.1898,0.07243,1.638,81.02
9,213,4.1076,1.6365,,2.5429,1.1306,0.06874,1.6353,80.89
9,214,4.0754,1.5935,26.12,2.5439,1.0621,0.06741,1.628,80.53
9,215,4.0622,1.3813,25.928,2.4286,1.1306,0.06956,1.6271,80.49
9,216,4.0827,1.6541,27.954,2.4855,1.1387,0.07055,1.622,80.23
9,217,4.0921,1.6917,25.323,2.4637,1.1451,0.07099,1.6284,80.55
9,218,4.0494,1.6295,26.166,2.3756,1.1658,0.07208,1.6151,79.89
9,219,4.0586,1.5192,27.624,2.3853,1.045,0.07002,1.6199,80.13
9,220,4.0686,1.6101,27.643,2.5009,1.1496,0.07194,1.6187,80.07
9,221,4.0482,1.4098,25.463,2.4772,1.1316,0.06862,1.6172,79.99
9,222,4.0582,1.405,26.05,2.4208,1.1487,0.0713,1.6158,79.93
9,223,4.0686,1.4848,28.156,2.392,1.1826,0.07507,1.6199,80.13
9,224,4.0709,1.7048,26.676,2.4491,1.0971,0.07074,1.6177,80.02
9,225,4.1065,1.4409,26.605,2.4082,1.1122,0.06969,1.6021,79.25
9,226,4.0756,1.6607,27.257,2.5275,1.1018,0.07145,1.5984,79.06
9,227,4.0638,1.6342,27.874,2.4469,1.0766,0.07115,1.6123,79.75
9,228,,1.6904,26.128,2.5807,1.0824,0.07659,1.5924,78.77
9,229,4.0734,1.4251,26.108,2.5828,1.128,0.07454,1.5968,78.99
9,230,4.0929,1.4179,25.592,2.5193,1.1124,0.07271,1.5899,78.64
9,231,4.0979,1.711,26.073,2.5955,1.1982,0.07199,1.6043,79.36
9,232,4.041,1.4794,28.371,2.5103,1.0657,0.07147,1.5833,78.32
9,233,4.097,1.5239,28.505,2.5487,1.1372,0.07248,1.5842,78.36
9,234,4.0529,1.3708,,2.4897,1.1421,0.07335,1.5842,78.36
9,235,4.045,1.5714,26.731,2.5683,1.0589,0.07443,1.5888,78.59
9,236,4.0806,1.6296,27.445,2.6284,1.1161,0.07472,1.6024,79.26
9,237,4.054,1.3906,27.726,2.4574,1.129,0.07427,1.5871,78.51
9,238,4.06,1.4408,27.088,2.5016,1.0307,0.07744,1.5929,78.79
9,239,4.0476,1.5068,27.878,2.3925,1.1449,0.07186,1.5773,78.02
9,240,4.0551,1.775,27.31,2.4811,1.0721,0.07398,1.5839,78.35
9,241,4.0825,1.536,25.833,2.5052,1.1155,0.07258,1.5814,78.22
9,242,4.0719,1.5102,27.872,2.423,1.0509,0.0765,1.5835,78.33
9,243,4.1278,,27.333,2.5774,1.1494,0.07479,1.5909,78.69
9,244,4.0817,1.5993,26.312,2.5113,1.0556,0.0719,1.5818,78.24
9,245,4.0592,1.5051,27.03,2.5684,1.0832,0.07389,1.5593,77.13
9,246,4.0912,1.5247,26.635,2.5253,1.0372,0.07346,1.5633,77.33
9,247,4.0617,1.6157,,2.631,1.1335,0.07855,1.5643,77.38
9,248,4.082,1.4787,27.611,2.4999,1.0003,0.07781,1.5714,77.73
9,249,4.0789,1.4317,27.807,2.6185,1.0942,0.07737,1.5551,76.92
9,250,4.1234,1.627,26.432,2.5478,1.0614,0.0745,1.5633,77.33
10,1,4.1164,1.4589,,1.9874,1.3817,0.04342,2.1269,99.48
10,2,4.1632,1.5468,25.194,2.0711,1.5893,0.04746,2.1347,99.85
10,3,4.1896,1.6199,23.831,1.9953,1.5608,0.0424,2.1262,99.45
10,4,,1.5547,24.289,2.1068,1.4863,0.04353,2.1238,99.34
10,5,4.1578,1.4283,22.489,2.063,1.6115,,2.1349,99.86
10,6,4.1758,1.2891,23.103,1.9897,1.5181,0.04656,2.1371,99.96
10,7,4.1411,1.4429,23.299,1.9723,1.5389,0.04584,2.1419,100.18
10,8,4.1769,1.3566,23.933,2.1295,1.5468,0.04632,2.1108,98.73
10,9,4.1776,1.5689,24.562,2.0483,1.5358,0.04345,2.1193,99.13
10,10,4.1932,1.6025,24.318,2.1452,1.5481,0.04573,2.1158,98.96
10,11,4.211,1.5941,25.684,2.1888,1.4555,0.04375,2.1101,98.7
10,12,4.1976,1.5806,24.319,1.9885,1.5097,0.04681,2.0952,98.0
10,13,4.181,1.5816,24.155,2.132,1.5527,0.04419,2.1225,99.28
10,14,4.2043,1.558,24.462,2.1622,1.4392,0.04916,2.1256,99.42
10,15,4.2006,1.5167,23.206,2.0363,1.5657,0.04638,2.1088,98.64
10,16,4.1571,1.5795,25.688,1.9398,1.6526,0.04733,2.1059,98.5
10,17,4.1614,1.5021,24.361,,1.4734,0.04941,2.1137,98.86
10,18,4.1829,1.4582,23.397,2.1912,1.4591,0.0449,2.0948,97.98
10,19,4.1522,1.5036,24.357,2.0879,1.5022,0.04588,2.1039,98.41
10,20,4.1682,1.4435,25.356,2.0678,,0.04985,2.1088,98.63
10,21,4.1878,1.5031,24.204,2.0619,1.4001,0.04896,2.1121,98.79
10,22,4.1907,1.4893,24.783,1.9968,1.4457,0.04269,2.1019,98.32
10,23,4.1503,1.395,24.418,2.0562,1.4299,0.05285,2.0971,98.09
10,24,4.1421,1.4232,24.057,2.0731,1.5651,0.04772,2.0961,98.04
10,25,4.1579,1.5549,25.183,2.1558,1.5684,0.04746,2.1094,98.67
10,26,4.1063,1.4804,25.161,2.1413,1.4923,0.05152,2.0927,97.88
10,27,4.1499,1.4479,23.363,2.1272,1.5084,0.04946,2.0879,97.66
10,28,4.1659,1.2428,24.328,2.0977,1.4371,0.04815,2.0858,97.56
10,29,4.2111,1.377,24.466,2.0282,1.4629,,2.0853,97.54
10,30,4.1664,1.5444,24.018,2.1487,1.4739,0.0484,2.0838,97.47
10,31,4.1717,1.582,24.724,2.1253,1.4725,0.04658,2.0866,97.6
10,32,4.1238,,22.873,2.1722,1.4417,,2.0705,96.84
10,33,4.1593,1.6794,25.182,2.0829,1.382,0.04632,2.0625,96.47
10,34,4.156,1.4965,24.631,2.0241,,0.04824,2.0894,97.73
10,35,4.1498,1.3165,23.858,2.1436,1.5014,0.04926,2.0788,97.24
10,36,4.1587,1.5122,24.063,2.164,1.4959,0.04821,2.0819,97.38
10,37,4.191,1.4163,24.401,2.2517,1.514,0.05266,2.0609,96.4
10,38,4.1897,1.5089,24.759,2.233,1.4605,0.0496,2.0667,96.67
10,39,4.1847,1.4386,25.212,2.015,1.4992,0.04839,2.062,96.45
10,40,4.1617,1.4418,24.101,2.0636,1.5159,0.0477,2.0733,96.98
10,41,4.1702,1.6998,24.724,2.1029,1.4835,0.04577,2.0635,96.52
10,42,4.1517,1.4207,23.128,2.1716,1.4789,0.05032,2.0542,96.08
10,43,4.1626,,24.386,2.1484,1.4255,0.05035,2.0565,96.19
10,44,4.191,1.6659,24.956,2.1242,1.4456,0.04667,2.0693,96.79
10,45,4.1555,1.4938,25.662,2.2051,1.426,0.05204,2.0476,95.78
10,46,4.1764,1.6036,25.67,2.098,1.5113,0.04677,2.0528,96.02
10,47,4.1582,1.5066,22.942,2.1048,1.5309,0.04979,2.0651,96.59
10,48,4.1593,1.6347,,2.0746,1.4628,0.05396,2.0587,96.29
10,49,4.155,1.778,25.849,2.1817,1.4736,0.05234,2.0551,96.13
10,50,4.1029,1.5549,24.537,2.1045,1.4469,0.04789,2.0554,96.14
10,51,4.1882,1.5631,22.757,2.1039,1.4928,0.05056,2.0331,95.1
10,52,4.1828,1.345,24.323,2.1111,,0.04833,2.0557,96.15
10,53,4.1401,1.5419,25.522,2.1725,1.4852,0.05083,2.0374,95.3
10,54,4.152,1.4551,26.112,2.0027,1.3556,0.05225,2.0469,95.74
10,55,4.1193,1.3817,23.779,2.1987,1.5061,0.05488,2.0381,95.33
10,56,4.1206,1.3361,25.506,2.1733,1.4445,0.05218,2.0257,94.75
10,57,4.1263,1.5701,24.619,2.077,1.4712,0.05099,2.0362,95.24
10,58,4.1508,1.6157,25.011,2.0977,1.4575,0.05267,2.0367,95.26
10,59,4.1793,1.4349,25.164,2.049,1.4343,0.05153,2.0371,95.28
10,60,4.1491,1.582,23.409,2.1326,1.3985,0.05715,2.0428,95.55
10,61,4.1544,1.5243,23.49,2.1258,1.4543,,2.0241,94.67
10,62,4.1379,1.6318,25.373,2.2338,1.3791,0.055,2.0092,93.98
10,63,4.1915,1.5098,23.13,2.2118,1.4098,0.05181,2.0254,94.74
10,64,4.1918,,25.965,2.1381,1.3805,0.05532,2.0123,94.12
10,65,4.1492,1.356,24.241,2.1906,1.3635,0.05172,2.0216,94.56
10,66,4.152,1.6874,24.777,2.1257,1.5632,0.05205,2.017,94.34
10,67,4.1409,1.4768,24.838,2.2241,1.4449,0.05519,2.017,94.34
10,68,4.1546,1.5554,25.769,2.1032,1.5508,0.05213,2.0251,94.72
10,69,4.1187,1.3685,25.449,2.3092,1.3925,0.05397,2.0121,94.11
10,70,4.1735,1.7767,26.389,2.1602,1.4469,0.05466,2.0148,94.24
10,71,4.1207,1.4148,25.668,2.2518,1.4078,0.05404,2.0111,94.07
10,72,4.105,1.4572,26.427,2.1957,1.3628,0.05387,2.019,94.44
10,73,4.0835,1.5321,24.617,2.0813,1.4212,0.05349,2.0158,94.29
10,74,4.138,1.3885,23.59,2.1412,1.4558,0.05435,2.0056,93.81
10,75,4.1203,1.4664,25.449,2.2149,1.3872,0.04878,2.0034,93.71
10,76,4.1337,1.4025,24.465,2.2361,1.406,0.0561,1.9968,93.4
10,77,4.1377,1.2789,24.317,2.127,1.4682,0.05506,1.9883,93.0
10,78,4.1342,1.3893,23.962,2.2057,1.4989,0.05518,2.0067,93.86
10,79,4.1397,1.5081,26.579,2.2668,1.4163,0.0547,1.9937,93.26
10,80,4.1564,1.4624,24.24,2.2562,1.4043,0.0565,1.9973,93.42
10,81,4.1566,1.5552,27.598,2.2076,1.3502,0.05416,2.0063,93.84
10,82,4.1107,1.422,25.776,2.1809,1.3972,0.05699,2.0037,93.72
10,83,,1.3458,,2.2166,1.3609,0.05264,1.9837,92.79
10,84,4.1701,1.4123,24.373,2.1312,1.3765,0.05576,1.9855,92.87
10,85,4.1472,1.5063,25.718,2.2445,1.3699,0.0598,2.0028,93.68
10,86,4.1472,1.5791,25.404,2.2979,1.3625,0.05689,1.9838,92.79
10,87,4.1654,1.4873,24.748,2.2522,1.4086,0.0538,1.9835,92.78
10,88,4.1587,1.5043,24.687,2.2311,1.4248,0.05237,1.9912,93.13
10,89,4.1563,1.2311,24.902,2.2537,1.4167,0.05728,1.9816,92.69
10,90,4.1135,1.2975,25.711,2.2568,,0.05435,1.9741,92.34
10,91,4.1015,1.4093,25.084,2.2555,1.4692,0.05544,1.9814,92.68
10,92,4.1157,,26.798,2.2644,1.4351,0.05556,1.9662,91.97
10,93,4.1556,1.4533,24.827,2.1798,1.3574,0.05626,1.9713,92.2
10,94,4.1448,1.5482,25.043,2.1733,1.3813,0.05527,1.9629,91.81
10,95,4.1647,1.3639,26.715,2.2198,1.397,0.05489,1.968,92.05
10,96,4.1337,1.4671,24.652,2.2092,1.3982,0.05687,1.975,92.38
10,97,4.1186,1.4222,24.702,2.2558,1.4058,0.05823,1.9637,91.85
10,98,4.1455,1.4945,23.776,2.2172,1.3523,0.05468,1.9622,91.78
10,99,4.1388,1.3789,24.474,2.3255,1.2878,0.05651,1.9558,91.48
10,100,4.1162,1.4913,24.399,2.2695,1.4323,0.05868,1.9492,91.17
10,101,4.1001,1.486,25.569,2.2876,1.456,0.05926,1.9649,91.91
10,102,4.1999,1.5269,25.025,,1.3205,0.05738,1.9621,91.78
10,103,4.1204,1.5016,25.998,2.3081,1.31,0.06151,1.9393,90.71
10,104,4.1392,1.3215,24.538,2.3049,1.3694,0.0577,1.9525,91.33
10,105,4.0967,1.5042,26.392,2.3091,1.3531,0.06073,1.9513,91.27
10,106,4.108,1.7395,26.022,2.2297,1.3513,0.05611,1.9376,90.63
10,107,4.1368,1.5184,24.378,2.2637,,0.05587,1.948,91.12
10,108,4.1856,1.7493,26.115,2.2331,1.3531,,1.9541,91.4
10,109,4.1639,1.2721,24.798,2.3004,1.3086,0.0576,1.9388,90.69
10,110,4.1685,1.3612,24.059,2.1967,1.2747,0.05527,1.9451,90.98
10,111,4.1609,1.4792,25.332,2.1994,1.3777,0.06207,1.9308,90.31
10,112,4.1727,1.5605,25.43,2.2826,1.364,0.06215,1.9296,90.26
10,113,4.1427,1.4664,25.987,2.2021,1.3516,0.06433,1.9391,90.7
10,114,4.1345,1.5497,25.245,2.2516,1.3417,0.05818,1.913,89.48
10,115,4.1161,1.7599,25.49,2.2979,1.3085,0.06067,1.933,90.42
10,116,4.1383,1.3941,,2.3664,1.3032,0.0602,1.9353,90.52
10,117,4.1526,1.4352,24.556,2.2259,1.3079,0.05985,1.92,89.81
10,118,4.0995,1.5143,24.518,2.3084,1.3776,0.05911,1.9263,90.1
10,119,4.1703,1.4989,24.671,,1.2784,0.05886,1.9261,90.09
10,120,4.1085,1.488,26.146,2.3406,1.3775,0.06007,1.9173,89.68
10,121,4.0666,1.5623,23.703,2.1606,,0.06005,1.9182,89.72
10,122,4.1635,1.5738,25.353,2.3613,1.4063,0.06067,1.9149,89.57
10,123,4.1109,1.3448,25.256,2.2174,1.3091,0.06028,1.9105,89.36
10,124,4.0926,1.4578,25.395,2.2537,1.3074,0.05847,1.899,88.82
10,125,4.1104,1.4932,25.243,2.2916,1.3414,0.06136,1.9014,88.94
10,126,4.0839,1.6715,26.026,2.2289,1.3345,0.06226,1.9061,89.16
10,127,4.1291,1.6462,24.732,2.2841,1.3078,0.06093,1.9232,89.96
10,128,4.1286,1.4067,24.413,2.3871,1.3482,0.06126,1.9204,89.83
10,129,4.1286,1.4009,25.739,2.2214,1.2981,0.05919,1.903,89.01
10,130,4.1128,1.4116,25.286,2.2963,1.3957,0.06121,1.8778,87.83
10,131,4.1334,1.6243,26.085,2.3122,1.3498,0.05587,1.9047,89.09
10,132,4.1603,1.5459,24.509,2.3685,1.282,0.06191,1.9169,89.66
10,133,4.1758,1.3469,25.467,2.1733,1.3048,0.06011,1.8881,88.32
10,134,4.1091,1.6567,24.977,2.2837,1.2978,0.06207,1.9057,89.14
10,135,4.1373,1.5523,26.212,2.2494,1.3267,0.06442,1.8977,88.76
10,136,4.131,1.6016,26.923,2.3504,1.3057,0.06218,1.8795,87.91
10,137,4.1087,1.3603,26.666,2.3351,1.2554,0.06198,1.8852,88.18
10,138,4.1427,1.4094,,2.3323,1.2596,0.0628,1.8985,88.8
10,139,4.1453,1.7302,26.933,2.4157,1.3707,0.06461,1.895,88.64
10,140,4.0848,1.8189,26.113,2.3872,1.2701,0.06373,1.8853,88.18
10,141,4.1063,1.5093,26.073,2.3817,1.2354,0.06324,1.8642,87.2
10,142,4.1747,1.6061,25.464,2.2401,1.3886,0.06351,1.8918,88.49
10,143,4.0752,1.4097,26.113,2.3406,1.1951,0.06343,1.88,87.93
10,144,4.1491,1.5466,25.413,2.382,1.3046,0.06493,1.8658,87.27
10,145,4.1182,1.4875,25.935,2.4252,1.264,0.0637,1.8771,87.8
10,146,4.0626,1.5468,26.104,2.3194,1.2103,0.06313,1.8676,87.35
10,147,4.0916,1.3596,25.394,2.3663,1.3069,0.06088,1.8749,87.7
10,148,4.1356,1.3815,25.684,2.4096,1.2203,0.06507,1.8721,87.56
10,149,4.1074,1.4812,26.592,2.3188,1.1682,0.06268,1.8821,88.03
10,150,4.131,1.4168,25.484,2.3915,1.2783,0.05994,1.8711,87.52
10,151,4.1067,1.6536,24.88,2.327,1.3069,0.06295,1.8754,87.72
10,152,4.0519,1.7056,26.269,2.4082,1.3203,0.06443,1.8542,86.73
10,153,4.1234,1.6949,26.136,2.4536,1.1992,0.06015,1.8593,86.96
10,154,4.0902,1.7683,27.24,2.4357,1.3198,0.06164,1.8679,87.37
10,155,4.1476,1.3433,26.94,2.3847,1.2637,0.06448,1.8449,86.29
10,156,4.1047,,27.218,2.3541,1.2408,0.06633,1.8601,87.0
10,157,4.1204,1.6123,25.356,2.4072,1.2618,0.06275,1.8383,85.99
10,158,4.0818,1.628,24.464,2.3655,1.2707,0.06288,1.8604,87.02
10,159,4.1065,1.6504,26.537,2.378,1.28,,1.8539,86.72
10,160,4.1142,1.5032,26.813,2.3589,1.2808,0.06139,1.8466,86.37
10,161,4.093,1.399,27.128,2.3962,1.3121,0.06523,1.8547,86.75
10,162,4.1001,1.6178,26.991,2.3531,1.3626,0.06405,1.8446,86.28
10,163,4.0636,1.3219,25.411,2.3462,1.2882,0.0645,1.8323,85.71
10,164,4.1073,1.5262,25.537,2.4457,1.1811,0.06528,1.8484,86.46
10,165,4.1253,1.5223,26.014,2.3472,1.3232,0.0648,1.8384,85.99
10,166,4.1121,1.5275,25.909,2.3973,1.2275,0.06521,1.8537,86.71
10,167,4.113,1.5671,26.406,2.3727,1.3289,0.06589,1.8362,85.89
10,168,4.1056,1.6403,25.603,2.4509,1.2197,0.06607,1.8552,86.77
10,169,4.1153,1.4972,25.393,2.3549,1.3234,0.06621,1.8304,85.61
10,170,4.1309,1.4185,26.537,2.4072,1.2729,0.06911,1.8203,85.14
10,171,4.1183,1.6768,25.749,2.3308,1.2271,0.06617,1.8222,85.23
10,172,4.1164,1.3568,26.927,2.4089,1.334,0.06698,1.8157,84.93
10,173,4.0822,1.5546,26.117,2.4503,,0.0698,1.8227,85.25
10,174,4.0966,1.7418,25.752,2.3922,1.1774,0.06957,1.8335,85.76
10,175,4.0652,1.4501,27.098,2.4415,1.2386,0.06804,1.8083,84.58
10,176,4.1114,1.7246,26.184,2.3389,1.2579,0.0676,1.8187,85.07
10,177,4.1254,1.5024,26.229,2.4092,1.2476,0.06947,1.8187,85.07
10,178,4.0923,1.5901,27.051,2.435,1.268,0.06336,1.8189,85.08
10,179,4.1313,1.5795,26.226,2.4344,,0.06931,1.7942,83.92
10,180,4.0768,1.4362,24.174,2.43,1.2854,0.06898,1.82,85.13
10,181,4.0947,1.4594,25.463,2.3844,1.1787,0.07023,1.8158,84.93
10,182,4.0932,1.295,26.175,2.3976,1.2032,0.06497,1.7982,84.11
10,183,4.084,1.511,27.775,2.4091,1.2491,0.06603,1.8068,84.51
10,184,4.0966,1.8281,26.372,2.423,1.1774,0.06157,1.7986,84.13
10,185,4.1563,1.5992,27.652,2.3825,1.0992,0.06498,1.7968,84.04
10,186,4.1022,1.5266,25.84,2.4607,1.1931,0.06794,1.8044,84.4
10,187,4.0866,1.4223,25.809,2.5189,1.2715,0.06948,1.801,84.24
10,188,4.0595,1.6598,27.172,2.4175,1.1933,0.06463,1.7913,83.78
10,189,4.1246,1.4469,25.594,2.4844,1.1819,0.07124,1.8026,84.32
10,190,4.0848,1.5339,26.011,2.4803,1.2542,0.06998,1.793,83.87
10,191,4.0826,1.5276,25.985,2.5024,1.259,0.06774,1.7935,83.89
10,192,4.1321,1.5452,26.254,2.5103,1.1789,0.0674,1.7828,83.39
10,193,4.0602,1.5668,25.786,2.3845,1.1691,0.06699,1.7865,83.56
10,194,4.0989,1.5104,26.379,,1.1934,0.06949,1.7798,83.25
10,195,,1.5621,26.431,2.4341,1.1738,0.06741,1.7904,83.74
10,196,4.0425,1.7089,28.331,2.4347,,0.07068,1.7829,83.4
10,197,4.1146,1.4784,28.171,2.4163,1.2401,0.06828,1.7704,82.81
10,198,4.0781,1.6695,27.081,2.451,1.2129,0.06743,1.7967,84.04
10,199,4.1173,1.4712,27.289,2.4536,1.2482,0.07048,1.7566,82.16
10,200,4.1054,1.4888,27.319,2.4699,1.2169,0.06846,1.7557,82.12
10,201,4.0787,1.3142,25.717,2.3473,1.1168,0.06935,1.7663,82.62
10,202,4.0883,1.4704,25.631,2.417,1.1493,0.06911,1.776,83.07
10,203,4.1062,1.4624,26.692,2.4929,1.2001,0.07096,1.7577,82.22
10,204,4.0759,1.663,27.051,2.553,1.2659,0.07008,1.7515,81.93
10,205,4.0638,1.4737,26.102,2.407,1.1373,0.0704,1.7642,82.52
10,206,4.1106,1.4922,27.274,2.4638,1.1841,0.06951,1.7779,83.16
10,207,4.1031,1.5478,25.959,2.3999,1.1952,0.0707,1.7609,82.36
10,208,4.0581,1.6813,27.544,2.3293,1.2448,0.06954,1.7582,82.24
10,209,4.1144,1.7297,27.586,,1.1085,0.06603,1.7603,82.34
10,210,4.1191,1.4337,26.225,2.4182,1.148,0.07235,1.764,82.51
10,211,4.0793,1.8506,25.805,2.487,1.1214,0.07001,1.7569,82.18
10,212,4.1057,1.5005,26.251,2.4394,1.1179,0.0717,1.7545,82.06
10,213,4.095,1.5236,26.43,2.5286,1.2216,0.07339,1.7537,82.03
10,214,4.1175,1.4822,26.386,2.5317,1.2111,0.0701,1.7526,81.97
10,215,4.0782,1.4501,27.9,2.5087,1.1255,0.06871,1.7394,81.36
10,216,4.0688,1.5124,27.499,2.4068,1.2772,0.06903,1.7396,81.37
10,217,4.1246,1.6911,26.687,2.4902,1.1798,0.07131,1.7327,81.05
10,218,4.0199,1.4313,27.987,2.5805,1.1448,0.06924,1.7318,81.0
10,219,4.0924,1.6049,24.732,2.6594,1.2166,0.07088,1.7425,81.51
10,220,4.1057,1.5924,26.825,2.5002,1.1502,0.0722,1.7327,81.05
10,221,4.0891,1.5681,27.848,2.3777,1.1176,0.07157,1.7424,81.5
10,222,4.0702,1.6878,26.77,2.367,1.1311,0.07176,1.7289,80.87
10,223,4.0936,1.5904,26.673,2.4065,,0.07051,1.7332,81.07
10,224,4.0965,1.5821,27.446,2.4573,1.2253,,1.7288,80.86
10,225,4.0938,1.4527,24.956,2.4456,1.1864,0.07216,1.7301,80.92
10,226,4.0571,1.2992,27.611,2.4717,1.1252,0.07078,1.7263,80.74
10,227,4.0999,1.418,27.557,2.4763,1.1177,0.07165,1.7355,81.18
10,228,4.0444,1.6273,26.712,2.5257,1.156,0.07346,1.7174,80.33
10,229,4.0553,1.6027,25.851,2.514,1.0673,0.07251,1.7054,79.77
10,230,4.0959,1.3124,27.214,2.6001,1.2837,0.07355,1.7328,81.05
10,231,4.0869,1.7262,26.894,2.5577,1.093,,1.7072,79.85
10,232,4.0518,1.5341,26.534,2.4199,1.1055,0.0735,1.6963,79.34
10,233,4.0767,1.6228,26.669,2.5796,1.085,0.07682,1.7137,80.16
10,234,4.0658,1.5004,26.974,2.535,1.1904,0.0704,1.7214,80.52
10,235,4.0213,1.514,28.0,2.4165,1.0523,0.07364,1.7142,80.18
10,236,4.0819,1.3068,25.254,2.5087,1.0738,0.07359,1.7199,80.45
10,237,4.0611,1.7533,27.62,2.5784,1.1742,0.07314,1.7085,79.91
10,238,4.0655,1.6174,26.477,2.6115,1.0882,0.07399,1.7035,79.68
10,239,4.0612,1.7965,26.873,2.4918,1.0904,0.07376,1.7014,79.58
10,240,4.044,1.4851,27.35,2.5736,1.1234,0.07392,1.7006,79.54
10,241,4.059,1.4258,25.558,2.472,1.165,0.07307,1.6966,79.36
10,242,4.062,1.6857,26.384,2.5327,1.1146,0.07418,1.6949,79.28
10,243,4.0721,1.6316,27.051,2.6223,1.1199,0.07075,1.6977,79.41
10,244,4.08,1.5405,26.769,2.3924,1.0196,0.07758,1.699,79.47
10,245,4.0939,1.3444,25.916,2.563,1.1071,0.07548,1.6874,78.93
10,246,4.0641,1.4553,25.943,2.608,1.1902,0.07244,1.6901,79.05
10,247,4.0602,1.5779,26.912,2.5566,1.105,0.07441,1.6795,78.56
10,248,4.0553,1.734,28.414,2.5561,1.0178,0.07482,1.7058,79.79
10,249,4.0685,1.4098,27.485,2.5892,1.1639,0.07412,1.6805,78.6
10,250,4.0763,1.7482,27.353,2.5597,1.0905,0.07399,1.6743,78.31
11,1,4.1922,1.5419,24.509,2.0024,1.4479,0.04503,1.9825,100.16
11,2,4.166,1.5292,24.786,2.1272,1.5612,0.04261,1.9766,99.86
11,3,4.1714,1.5101,23.857,2.0258,1.4706,0.04633,1.9648,99.27
11,4,4.2368,1.5031,24.892,2.0263,1.5122,0.04568,1.9609,99.07
11,5,4.1728,1.6869,23.091,2.1184,1.4927,0.04356,1.9759,99.82
11,6,4.2235,1.252,23.916,2.1049,1.5095,0.04875,1.982,100.14
11,7,4.1835,1.7743,25.163,2.0441,1.4563,0.04833,1.9743,99.75
11,8,4.1662,1.4725,24.347,2.0573,1.411,0.04828,1.9549,98.77
11,9,4.2264,1.5378,25.167,2.1085,1.5416,0.04722,1.9555,98.8
11,10,4.2028,1.7998,24.264,2.1199,1.4751,0.04721,1.958,98.92
11,11,4.1211,1.4776,24.905,2.0285,1.519,0.04669,1.9539,98.72
11,12,4.1972,1.5835,24.581,2.1376,1.4806,0.04315,1.9495,98.49
11,13,4.129,1.5808,24.97,2.1354,1.4925,0.0485,1.9454,98.29
11,14,4.171,1.3323,23.68,2.1788,1.5178,0.048,1.9333,97.67
11,15,4.1484,1.5247,25.098,2.1074,1.3853,0.04701,1.9419,98.11
11,16,4.1929,1.4192,23.117,2.1353,1.4864,0.04738,1.9255,97.28
11,17,4.1882,1.4252,24.53,2.0679,1.5297,0.0476,1.9557,98.81
11,18,4.1358,1.5101,24.183,2.0271,1.4489,,1.9387,97.95
11,19,4.1361,1.4701,23.818,2.1025,1.4614,0.04646,1.9331,97.66
11,20,4.1727,1.6186,24.605,2.1787,1.5107,0.05039,1.9269,97.35
11,21,4.2096,,24.608,2.167,1.5264,0.04598,1.9389,97.96
11,22,4.172,1.7249,23.424,2.0504,1.3623,0.04793,1.9307,97.54
11,23,4.1685,1.5156,24.735,2.0903,1.473,0.04854,1.941,98.06
11,24,4.1668,1.5926,25.142,2.1798,1.462,0.04859,1.9136,96.68
11,25,4.1539,1.4275,24.113,2.0261,1.4675,0.0501,1.9238,97.2
11,26,4.1792,1.4284,23.413,2.2292,,0.04556,1.9096,96.48
11,27,4.1746,1.5841,,2.0605,1.413,0.05146,1.9144,96.72
11,28,4.1874,1.4334,25.157,2.1568,1.4512,0.04719,1.9177,96.89
11,29,4.2082,1.3731,23.556,2.0737,1.4172,0.04845,1.9085,96.42
11,30,4.178,1.5118,24.596,2.1502,1.3538,0.05074,1.9128,96.64
11,31,4.155,1.5455,24.366,2.1454,1.4387,0.04814,1.896,95.79
11,32,4.1833,1.5411,24.987,2.0741,1.544,0.04666,1.9123,96.61
11,33,4.158,1.466,23.992,2.0733,1.4893,0.04655,1.8984,95.91
11,34,4.1809,1.4594,24.785,2.1114,1.375,0.0469,1.9029,96.14
11,35,4.1793,1.5343,24.148,2.1118,1.411,0.04571,1.8977,95.88
11,36,4.1769,1.5135,25.864,2.0655,1.3909,0.04959,1.8904,95.51
11,37,4.1158,1.5779,24.736,2.0005,1.4166,0.04782,1.8894,95.46
11,38,4.1294,1.5556,25.932,2.1462,1.3108,0.05013,1.8813,95.05
11,39,4.1349,1.5483,25.23,2.092,1.3353,0.04566,1.8808,95.02
11,40,4.1581,1.4441,23.866,2.1686,1.4375,0.0502,1.8745,94.71
11,41,4.1451,1.3748,23.924,2.0999,1.3134,0.04883,1.8839,95.18
11,42,4.1811,1.5693,24.692,2.2242,1.3617,0.04811,1.8837,95.17
11,43,4.1613,1.4259,,2.113,1.3709,0.04843,1.8813,95.05
11,44,4.1653,1.6886,24.522,2.1235,1.4809,0.05225,1.8724,94.6
11,45,4.1207,1.4093,23.588,2.1463,1.3811,0.05361,1.8685,94.4
11,46,,1.5363,25.013,1.9924,1.3137,0.04999,1.8522,93.58
11,47,,1.4573,24.376,2.0971,,0.0537,1.8731,94.64
11,48,4.1577,1.4066,24.47,2.2323,1.3833,0.04713,1.8698,94.47
11,49,4.151,1.2888,24.52,2.1831,1.4905,0.04822,1.8544,93.69
11,50,4.1817,1.5699,23.878,2.09,1.403,0.05118,1.8606,94.0
11,51,4.1893,1.4596,23.049,2.1436,1.4172,0.0518,1.8478,93.36
11,52,4.1939,1.374,24.134,2.2511,1.295,0.05113,1.8524,93.59
11,53,4.1865,1.5872,25.289,2.0972,1.4622,0.04896,1.8571,93.83
11,54,4.1654,1.4489,24.752,2.1895,1.4748,0.05235,1.8356,92.74
11,55,4.1722,1.4084,25.281,2.1691,1.4052,0.04804,1.8373,92.83
11,56,4.1173,1.7179,24.015,2.2126,1.3472,0.05124,1.8218,92.04
11,57,4.1954,1.5787,25.086,2.2467,1.351,,1.8369,92.81
11,58,4.1761,1.4901,24.334,2.118,1.3426,0.05013,1.842,93.06
11,59,4.1477,1.5606,25.171,2.1091,1.3253,0.05162,1.8352,92.72
11,60,4.131,1.7125,23.748,2.297,1.3895,0.05417,1.8236,92.13
11,61,4.168,1.7086,24.116,2.167,1.3344,0.04893,1.8343,92.67
11,62,4.1989,1.4885,26.317,2.3048,1.5212,0.05625,1.8196,91.93
11,63,4.1598,1.5368,25.036,2.1793,1.3843,0.05406,1.8412,93.02
11,64,4.1168,1.5532,24.278,2.1482,1.3609,0.05194,1.8162,91.76
11,65,4.1466,1.649,25.124,2.1791,1.3778,0.05022,1.8263,92.27
11,66,4.1715,1.6288,23.865,2.0959,1.3393,0.05569,1.8176,91.83
11,67,4.1305,1.3357,24.06,2.1441,1.4106,0.05507,1.8142,91.66
11,68,4.1682,1.5883,23.978,2.1872,1.3759,0.05349,1.8016,91.02
11,69,4.1522,,26.196,2.1547,1.3281,,1.7938,90.63
11,70,4.1509,1.583,24.039,2.2191,1.3211,0.05311,1.8074,91.31
11,71,4.1131,1.4771,,2.2054,1.4121,0.05386,1.8162,91.76
11,72,4.1808,1.5505,25.58,2.2426,1.2095,0.05349,1.7992,90.9
11,73,4.1264,1.6879,24.802,2.3161,1.2787,0.05159,1.789,90.39
11,74,4.1382,1.548,24.856,2.1945,1.3364,0.05424,1.8013,91.0
11,75,4.1866,1.4869,24.569,2.1739,1.4228,0.05538,1.7978,90.83
11,76,4.0972,1.4118,24.99,2.2073,1.3671,0.05377,1.775,89.68
11,77,4.1647,1.5209,25.865,2.1098,1.343,0.05452,1.799,90.89
11,78,4.102,1.4805,25.233,2.24,1.4027,0.05588,1.7901,90.44
11,79,4.1613,1.4877,25.051,2.2617,1.3376,0.0552,1.7824,90.05
11,80,4.1618,1.66,27.015,2.2574,1.3174,0.05562,1.7881,90.34
11,81,4.1589,1.6916,23.855,2.3085,1.4298,0.05586,1.7817,90.02
11,82,4.1371,1.5131,25.558,2.2576,1.3717,0.05609,1.7802,89.94
11,83,4.1623,1.3895,25.529,,1.3331,0.05796,1.7802,89.94
11,84,4.1415,1.4357,26.034,2.3233,1.3232,0.05742,1.7632,89.08
11,85,4.1409,1.5283,,2.1743,1.3379,0.05949,1.7813,90.0
11,86,,1.5758,24.992,2.2419,1.4129,0.05643,1.7617,89.0
11,87,4.1809,1.4783,24.18,2.3358,1.3331,0.05723,1.7689,89.37
11,88,4.1501,1.3816,24.965,2.1941,1.2769,0.05495,1.7547,88.65
11,89,4.111,1.6072,25.475,2.1717,1.3426,0.05392,1.74,87.91
11,90,4.1366,1.4745,24.977,2.3894,1.2826,0.05625,1.7617,89.0
11,91,4.115,1.3223,24.398,2.2834,1.3016,0.05546,1.7597,88.91
11,92,4.1184,1.5031,23.897,2.259,1.3286,0.05763,1.7583,88.83
11,93,4.1334,1.3605,24.752,2.3324,,0.05343,1.7394,87.88
11,94,4.0974,1.3586,25.495,2.1584,1.325,0.05633,1.7407,87.94
11,95,4.1429,1.4017,25.695,2.2052,1.2885,0.05539,1.7395,87.88
11,96,4.1504,1.1998,24.995,2.1434,1.2918,0.0563,1.7468,88.25
11,97,4.1489,1.601,24.666,2.2024,1.3026,0.05355,1.736,87.71
11,98,4.1696,1.3339,24.705,2.2176,1.4024,0.05568,1.7326,87.53
11,99,4.1097,1.516,25.423,2.202,1.3497,0.05742,1.7301,87.41
11,100,4.1268,1.5442,25.083,2.3436,1.3073,0.05702,1.7384,87.83
11,101,4.1217,1.5437,25.92,2.2182,1.3028,0.05749,1.7255,87.17
11,102,4.0914,1.4043,24.017,2.2626,1.2514,0.05625,1.7296,87.38
11,103,4.1236,1.3806,25.699,2.2927,1.2983,0.05676,1.7147,86.63
11,104,4.1217,1.4242,25.355,2.3038,1.3031,0.06001,1.7055,86.17
11,105,4.1175,1.6403,25.561,2.2527,1.3808,0.05876,1.7149,86.64
11,106,4.1152,1.6751,25.648,2.2707,1.3213,0.05948,1.7155,86.67
11,107,4.1539,1.5702,25.812,2.2268,1.3778,0.05537,1.719,86.85
11,108,4.098,1.5044,24.844,2.2811,1.3019,0.05605,1.7146,86.63
11,109,4.1658,1.3589,24.455,2.3269,1.2859,0.05838,1.7095,86.37
11,110,4.1106,1.4542,24.751,2.2556,1.3496,0.0548,1.7155,86.67
11,111,4.0959,1.6849,25.062,2.2607,1.1947,0.0578,1.6954,85.65
11,112,4.1359,1.5039,24.097,2.261,1.2858,0.05646,1.7094,86.36
11,113,4.1513,1.4535,25.881,2.2763,1.3334,0.06263,1.7053,86.16
11,114,4.1479,1.6737,,2.2518,1.2406,0.05841,1.6889,85.33
11,115,4.1233,1.6178,24.005,2.2293,1.3032,0.05991,1.6924,85.51
11,116,4.1418,1.6766,25.565,2.2299,1.3099,0.06237,1.6844,85.1
11,117,4.1283,1.6484,25.674,2.1874,1.2868,0.05708,1.6834,85.05
11,118,4.0837,1.6605,24.941,2.3146,1.2907,0.05948,1.6779,84.77
11,119,4.136,1.5344,24.861,2.2444,1.2584,0.05903,1.688,85.28
11,120,4.1535,1.5593,24.862,2.1665,1.2236,0.05671,1.6867,85.22
11,121,4.1316,1.5283,26.972,2.3293,1.3528,0.06095,1.675,84.62
11,122,4.1161,1.3894,24.972,2.3002,1.2283,0.05764,1.6871,85.24
11,123,4.0995,1.3344,24.38,2.2894,1.2067,0.0593,1.6794,84.85
11,124,4.1386,1.4393,24.372,2.2708,1.2875,0.06166,1.6784,84.8
11,125,4.1538,1.7263,25.385,2.3968,1.2392,0.06204,1.6741,84.58
11,126,4.0739,1.403,24.419,2.2024,1.2951,0.06426,1.6745,84.6
11,127,4.1442,1.6972,25.927,2.3106,1.2346,0.06132,1.6644,84.09
11,128,4.1339,1.5705,25.58,2.2177,1.2926,0.05779,1.6711,84.43
11,129,4.1408,1.3825,24.921,2.4428,1.2412,0.05804,1.6666,84.2
11,130,4.1022,1.289,25.723,2.2624,1.2598,0.05897,1.6657,84.15
11,131,4.1256,1.2089,25.528,2.3022,1.3124,0.06151,1.6626,84.0
11,132,4.1028,1.425,25.473,2.2999,1.3067,0.06053,1.6606,83.9
11,133,4.0995,1.6358,25.625,2.3119,1.2861,0.05913,1.6423,82.97
11,134,4.0984,1.5492,25.467,2.2344,1.2796,0.06141,1.6319,82.45
11,135,4.1297,1.3644,25.7,2.3824,1.2902,0.06264,1.6505,83.39
11,136,4.0754,1.5186,24.889,2.4068,1.288,0.05942,1.6491,83.32
11,137,4.1246,1.6286,24.458,2.1998,1.2302,0.05638,1.6422,82.97
11,138,4.1327,1.669,25.361,2.3439,1.2594,0.05921,1.6415,82.93
11,139,4.1243,1.4482,25.719,2.3273,1.2657,0.06096,1.6451,83.12
11,140,4.1015,1.4085,25.707,2.2845,1.2632,0.06298,1.6373,82.72
11,141,4.1219,1.4288,24.323,2.3053,1.2164,0.06296,1.627,82.2
11,142,4.1388,1.4036,25.287,2.4411,1.1226,,1.6319,82.45
11,143,4.1108,1.4693,26.161,2.3608,1.149,0.06098,1.6197,81.83
11,144,4.1337,1.8136,26.667,2.2859,1.2103,0.06264,1.6259,82.15
11,145,4.1265,1.2492,25.882,2.3205,1.2063,0.06533,1.6194,81.82
11,146,4.1211,1.6172,26.029,2.2548,1.2757,0.0621,1.6111,81.4
11,147,4.1061,1.4762,24.783,2.363,1.1781,0.06398,1.6146,81.57
11,148,4.154,1.4968,25.13,2.2662,1.3182,0.06408,1.6206,81.88
11,149,4.1553,,24.929,2.3121,1.1972,0.06074,1.6086,81.27
11,150,4.1303,1.3577,25.864,2.429,1.2233,0.06285,1.611,81.39
11,151,4.1328,1.3814,25.864,2.3629,1.2563,0.06195,1.604,81.04
11,152,4.0806,1.5753,25.575,2.3116,1.1602,0.06431,1.603,80.99
11,153,4.0858,1.6305,25.86,2.4231,1.1772,0.06336,1.5958,80.62
11,154,4.1454,1.6798,26.986,2.3291,1.1469,0.065,1.6035,81.01
11,155,4.1393,1.5248,26.472,2.4126,1.2047,0.06398,1.6109,81.39
11,156,4.0901,1.4411,25.24,2.275,1.1994,0.06364,1.5984,80.75
11,157,4.1409,1.6825,27.238,2.327,1.1204,0.0657,1.6013,80.9
11,158,4.1478,1.5819,24.397,2.3959,1.2193,0.06646,1.6039,81.03
11,159,4.1312,1.4534,25.029,2.408,1.1502,0.06703,1.6019,80.93
11,160,4.1222,1.5623,25.829,2.325,1.0773,0.06314,1.5745,79.55
11,161,4.1353,,26.21,2.3041,1.2053,0.05984,1.5817,79.91
11,162,4.1036,1.189,24.997,2.329,1.1529,0.06371,1.6002,80.85
11,163,4.0862,1.3854,26.476,2.4579,1.1644,0.06452,1.5758,79.61
11,164,4.108,1.5522,25.855,2.412,1.1896,0.06257,1.5697,79.31
11,165,4.1006,1.7258,26.587,2.5067,1.2365,0.06525,1.5859,80.13
11,166,,1.5889,,2.3566,1.2129,0.065,1.5683,79.23
11,167,4.0805,1.645,26.579,2.4646,1.222,0.06487,1.5784,79.74
11,168,4.149,1.4903,26.603,2.3727,1.0757,0.06271,1.568,79.22
11,169,4.1215,1.5745,27.034,2.4207,,0.06647,1.5703,79.33
11,170,4.0891,1.5822,26.202,2.3631,1.1569,0.06823,1.566,79.12
11,171,4.1078,1.5325,24.945,2.5036,1.2186,0.06702,1.5734,79.49
11,172,4.1036,1.5105,26.623,2.3784,1.1445,0.06688,1.5418,77.89
11,173,4.0878,1.5491,27.206,2.4548,1.2116,0.06589,1.5514,78.38
11,174,4.0582,1.7688,28.132,2.4339,1.203,0.0658,1.5673,79.18
11,175,4.086,1.5204,26.569,2.4351,1.2547,0.0662,1.5513,78.37
11,176,4.1419,1.3799,25.52,2.4292,1.1713,0.06323,1.5387,77.74
11,177,4.0633,1.6012,27.192,2.3411,1.2001,0.0681,1.5423,77.92
11,178,4.0503,1.3981,25.538,2.5088,1.1427,0.06435,1.5407,77.84
11,179,4.0671,1.5886,25.472,2.3678,1.1674,0.06998,1.5448,78.05
11,180,4.073,1.4554,26.519,2.4882,1.0435,0.06677,1.5589,78.76
11,181,4.0504,1.3667,25.558,2.4258,1.1937,0.06743,1.5351,77.56
11,182,4.0988,1.4427,,2.4649,1.1965,0.06654,1.5442,78.02
11,183,4.106,1.5848,,2.386,1.1051,0.06847,1.5269,77.14
11,184,4.086,1.6781,25.325,2.5517,1.1072,0.06881,1.5287,77.23
11,185,4.1035,1.4962,26.901,2.4093,1.108,0.07083,1.5288,77.24
11,186,4.0794,1.3491,27.543,,1.2382,0.06812,1.5276,77.18
11,187,4.1001,1.794,24.843,,1.1202,0.06701,1.5261,77.1
11,188,4.0887,1.5508,26.298,2.3572,1.1506,0.06899,1.5239,76.99
11,189,4.1416,1.6886,27.17,2.4885,1.1295,0.06996,1.516,76.59
11,190,4.1147,1.4601,26.2,2.4734,1.1731,,1.5306,77.33
11,191,4.1337,1.4,25.419,2.3631,1.077,,1.5112,76.35
11,192,,1.5884,26.402,2.3717,1.2376,0.07079,1.5236,76.98
11,193,4.0718,1.502,25.764,2.4519,1.1381,0.06748,1.5139,76.49
11,194,4.146,1.5576,26.762,2.4241,1.0382,0.06811,1.4971,75.64
11,195,4.11,1.638,27.118,2.5099,1.2073,0.06918,1.5038,75.98
11,196,4.1041,1.3014,25.99,2.3994,1.1302,0.06694,1.5129,76.44
11,197,4.1159,1.674,27.868,2.3534,1.0556,0.0745,1.5067,76.12
11,198,4.0965,1.5335,26.371,2.3396,1.0761,0.06854,1.5076,76.17
11,199,4.0758,1.8369,26.591,2.4757,1.1208,0.07006,1.4915,75.35
11,200,4.1212,1.5832,25.47,2.4544,1.0987,0.06856,1.491,75.33
11,201,4.1054,1.5921,26.794,2.4673,1.0002,0.07068,1.4966,75.61
11,202,4.0645,1.564,27.019,2.5345,1.1314,0.06988,1.4942,75.49
11,203,4.081,1.5799,26.035,2.5325,1.0246,0.07099,1.4955,75.56
11,204,4.1123,1.4369,26.444,2.4723,1.1226,0.06738,1.4858,75.07
11,205,4.0416,1.4506,25.151,2.5199,1.1205,0.07051,1.4884,75.2
11,206,4.0794,1.6041,26.65,2.4663,1.166,0.07388,1.4928,75.42
11,207,4.1077,1.5693,26.832,2.4899,1.0775,0.06267,1.4753,74.53
11,208,4.069,1.5022,26.322,2.4285,1.109,,1.4887,75.21
11,209,4.0897,1.5274,27.283,2.3989,1.0494,0.07153,1.4684,74.19
11,210,4.0629,1.4607,26.392,2.4755,1.0775,0.06814,1.4667,74.1
11,211,4.1182,1.3024,25.052,2.5424,1.168,0.06606,1.4757,74.56
11,212,4.1255,1.4283,27.722,2.4735,1.1035,0.069,1.4737,74.46
11,213,4.105,1.7389,27.995,2.4856,1.2417,0.07326,1.4729,74.42
11,214,4.0588,1.3485,25.23,2.4325,1.1521,0.07165,1.4669,74.11
11,215,4.0799,1.5013,27.222,2.4387,1.0961,0.0714,1.4554,73.53
11,216,4.1225,1.4969,25.794,2.5448,1.0789,0.07174,1.4512,73.32
11,217,4.1027,1.7932,25.946,2.5172,1.0342,0.07642,1.4462,73.07
11,218,4.089,1.3854,25.69,2.5408,1.0093,0.0685,1.4633,73.93
11,219,4.0848,1.5785,26.371,2.5543,1.0295,0.07253,1.4512,73.32
11,220,4.096,1.6748,26.486,2.4613,0.9867,0.06736,1.4506,73.29
11,221,4.0779,1.4028,25.839,2.5947,1.1121,0.069,1.4451,73.01
11,222,4.0903,1.4581,25.967,2.4852,1.1204,0.074,1.4407,72.79
11,223,4.0912,1.5327,25.909,2.49,1.0,0.07409,1.4361,72.55
11,224,4.0689,1.4557,27.479,2.581,1.0111,0.07158,1.4521,73.36
11,225,4.0595,1.5801,26.236,2.4789,1.056,0.06902,1.4369,72.6
11,226,4.1013,1.4451,28.354,2.6332,1.0291,0.0768,1.4187,71.67
11,227,4.0617,1.2242,26.944,2.5164,1.0813,0.07178,1.4403,72.77
11,228,4.0667,1.619,26.595,2.4966,0.9768,0.07254,1.4214,71.81
11,229,4.0999,1.4463,26.447,2.6501,1.0357,0.0716,1.4194,71.71
11,230,4.0319,1.6846,27.777,2.5524,0.8843,0.07208,1.4307,72.28
11,231,4.1042,1.661,27.276,2.4523,1.1216,0.0722,1.4135,71.41
11,232,4.0822,1.5956,26.53,2.6084,1.0828,0.07573,1.4359,72.54
11,233,4.074,,28.078,2.5883,1.0535,0.06925,1.4206,71.77
11,234,,1.5393,26.763,2.4438,1.0648,0.07739,1.4233,71.91
11,235,4.0934,1.8179,27.892,2.4931,1.0535,0.07416,1.4121,71.34
11,236,4.1042,1.203,25.791,2.5282,0.9932,0.06592,1.4238,71.93
11,237,4.0733,1.4725,26.013,2.5387,1.054,0.0725,1.4042,70.94
11,238,4.0743,1.4311,,2.5237,1.0957,0.07191,1.4187,71.68
11,239,4.0748,1.775,27.51,2.4973,1.0731,0.07522,1.4102,71.25
11,240,4.0429,1.6003,27.051,2.451,1.0447,,1.4,70.73
11,241,4.0627,1.6901,28.087,2.6017,1.0409,0.07511,1.3888,70.17
11,242,4.0435,1.4276,26.331,2.6297,1.0833,0.07188,1.3994,70.7
11,243,4.0606,1.5178,26.509,2.6321,1.0265,0.07459,1.3968,70.57
11,244,4.0445,1.5496,27.837,2.638,0.9686,,1.3959,70.52
11,245,4.0975,1.5799,27.58,2.4702,0.9951,0.07001,1.3923,70.34
11,246,4.0152,1.6968,28.432,2.5624,0.9457,0.07527,1.3884,70.15
11,247,4.0807,1.6792,26.791,2.5021,1.0207,0.07079,1.4022,70.84
11,248,4.0719,1.6412,26.776,2.4635,1.0946,0.07251,1.4031,70.89
11,249,4.079,1.5462,26.416,2.5507,0.9694,0.0765,1.3856,70.0
11,250,4.067,1.4693,28.649,2.4834,0.9383,0.07484,1.3851,69.98
12,1,4.1803,1.5602,24.47,2.1732,1.5258,0.04376,2.0476,100.25
12,2,4.1136,1.4964,24.894,2.0855,1.5251,0.04654,2.042,99.98
12,3,4.2143,1.5541,23.848,1.9119,1.5595,0.04639,2.0472,100.23
12,4,4.161,1.6164,23.982,2.0514,1.5037,0.04638,2.0376,99.76
12,5,4.1918,1.4142,23.408,2.1096,1.4518,0.04737,2.0251,99.15
12,6,4.1361,1.6646,24.518,2.0811,1.5531,0.04872,2.0331,99.54
12,7,4.1923,,23.864,1.9644,1.5119,0.0486,2.0319,99.48
12,8,4.1497,1.6329,24.008,1.9356,1.5512,0.04407,2.0329,99.53
12,9,4.2046,1.474,24.444,2.2076,1.5513,0.04656,2.0404,99.9
12,10,4.1784,1.5713,23.457,1.9628,1.4878,0.04628,2.0473,100.23
12,11,4.1396,1.5809,23.565,2.1038,1.541,0.04553,2.0248,99.13
12,12,4.2132,1.6065,24.393,2.1585,1.4935,0.0452,2.0124,98.53
12,13,4.1715,1.5946,25.381,2.0738,1.5481,0.04613,2.01,98.41
12,14,4.141,1.4414,23.083,2.1948,1.5081,0.04649,2.0098,98.4
12,15,4.1407,1.4858,25.763,2.0656,1.6127,0.04837,2.0278,99.28
12,16,4.2062,1.5026,23.805,2.0696,1.4382,0.04679,2.0224,99.02
12,17,4.2146,,26.183,1.95,1.4217,0.04633,2.0099,98.4
12,18,4.1692,1.3266,23.812,2.0086,1.4147,0.05116,2.0198,98.89
12,19,4.1758,1.4917,24.017,2.0335,1.4626,0.04795,2.0031,98.07
12,20,4.1947,1.3567,24.859,2.113,1.4493,0.04776,2.0152,98.66
12,21,4.1717,1.5608,23.635,2.2067,1.3803,0.04868,2.0064,98.23
12,22,4.1862,1.4183,25.101,2.0828,1.4151,0.04545,2.0027,98.05
12,23,4.1297,1.7195,25.379,2.2011,1.5581,0.04706,1.9988,97.86
12,24,4.1023,1.4549,25.646,2.0447,1.4573,0.04677,1.9888,97.37
12,25,4.2009,1.319,23.005,2.1845,1.5057,0.04748,1.9967,97.76
12,26,,1.6156,24.396,2.1327,1.351,0.0476,2.0053,98.18
12,27,4.1663,1.6547,25.487,,1.5075,0.04625,1.9955,97.7
12,28,4.1838,1.404,24.85,2.0713,1.4338,0.04977,1.988,97.34
12,29,4.1448,1.6293,24.59,2.0171,1.5017,0.04767,1.9789,96.89
12,30,4.1038,1.6129,23.808,2.0321,1.4877,0.05021,1.9723,96.57
12,31,4.1889,1.7512,25.751,2.1797,1.4711,0.04783,1.9752,96.71
12,32,4.1766,1.3539,23.593,2.024,1.4671,0.04901,1.9791,96.9
12,33,4.1857,1.3796,23.7,2.159,1.4985,0.04737,1.9723,96.56
12,34,4.1452,1.4814,24.501,2.1471,1.4683,0.04963,1.9773,96.81
12,35,4.174,1.5714,25.057,2.0733,1.4932,0.04657,1.9648,96.2
12,36,4.1569,1.3539,24.024,2.1313,1.3559,0.04853,1.968,96.35
12,37,4.2144,1.531,24.582,2.135,1.4724,0.0514,1.9554,95.74
12,38,4.1957,1.6552,24.589,2.1158,1.2857,0.04707,1.9549,95.71
12,39,4.1925,1.5933,24.519,2.2388,1.4943,0.04889,1.9695,96.43
12,40,4.1346,1.3294,,2.0784,1.428,0.0514,1.9808,96.98
12,41,4.1613,1.5132,22.658,2.0368,1.4198,0.04823,1.961,96.01
12,42,4.1962,1.4974,23.443,2.0823,1.5224,0.0531,1.9574,95.84
12,43,4.1216,1.5433,,2.1327,1.4085,0.04943,1.962,96.06
12,44,4.1316,1.6705,25.438,2.1171,1.4498,0.05106,1.9501,95.48
12,45,4.1816,1.6069,24.699,2.1077,1.5067,0.0517,1.972,96.55
12,46,4.1706,1.6074,23.004,2.083,1.4463,0.04667,1.9446,95.21
12,47,4.1521,1.566,25.073,2.236,1.4282,0.04989,1.9351,94.74
12,48,4.1488,1.5921,25.289,2.1586,1.4508,0.05331,1.9367,94.82
12,49,4.1921,1.4202,24.434,2.1148,1.4646,0.04885,1.9457,95.26
12,50,4.111,1.5788,25.692,2.2006,1.4628,0.05268,1.9405,95.01
12,51,4.1724,1.5891,24.194,2.1351,1.4263,0.05045,1.9467,95.31
12,52,4.1257,1.5354,25.391,2.1515,1.5538,0.0494,1.9266,94.32
12,53,4.1884,1.6358,25.323,2.2156,1.4214,0.05469,1.9406,95.01
12,54,4.1344,1.5467,23.466,2.244,1.43,0.05418,1.9453,95.24
12,55,4.1088,1.8247,25.155,2.0958,1.4709,,1.9322,94.6
12,56,,1.537,23.828,2.1164,1.5007,0.05146,1.9294,94.46
12,57,4.143,1.6373,23.268,2.1756,1.5314,0.0559,1.9223,94.12
12,58,4.1868,1.6655,24.794,2.2167,1.4993,0.04943,1.9316,94.57
12,59,4.1625,1.5212,24.745,2.1771,1.4239,0.05432,1.9296,94.47
12,60,4.1486,1.4082,24.232,2.181,1.3707,0.05409,1.9268,94.33
12,61,4.1811,1.4325,23.986,2.2355,1.4106,0.05191,1.9244,94.22
12,62,4.1686,1.3586,25.682,2.1445,1.488,0.04977,1.9245,94.22
12,63,4.147,1.2724,25.009,2.056,1.3857,,1.9194,93.98
12,64,4.1286,1.6056,24.695,2.1498,1.4601,0.05035,1.9107,93.55
12,65,4.1724,1.3619,26.035,2.1631,1.4385,0.05454,1.9092,93.48
12,66,4.1383,1.5047,25.368,2.1186,1.3335,0.05589,1.9096,93.5
12,67,4.1587,1.4858,24.661,2.2661,1.3862,0.05233,1.903,93.17
12,68,4.1368,1.4298,24.332,,1.4254,0.05247,1.9047,93.25
12,69,4.1093,1.6754,26.075,2.3171,1.4416,0.05415,1.9127,93.65
12,70,4.1329,1.4631,24.744,2.2668,1.3471,0.05148,1.9131,93.67
12,71,4.166,1.4263,25.3,2.2696,1.4456,0.05423,1.9027,93.16
12,72,4.191,1.5126,25.631,2.3073,1.4248,0.05165,1.8981,92.93
12,73,4.1397,1.5961,25.347,2.3251,1.4002,0.05311,1.8869,92.38
12,74,4.1762,1.5104,23.696,2.196,1.3271,0.05303,1.8857,92.32
12,75,4.1236,1.4527,24.248,2.1527,1.3274,0.05303,1.8928,92.67
12,76,4.1605,1.5355,25.91,2.3116,1.4077,,1.8836,92.22
12,77,4.157,1.5176,24.922,2.1378,1.4179,0.05418,1.8947,92.76
12,78,4.1678,1.4366,25.857,2.0469,1.4724,0.05168,1.8983,92.94
12,79,4.1551,1.6467,,2.0746,1.3554,0.05404,1.8887,92.47
12,80,4.1451,1.3829,25.339,2.1926,1.4619,0.05409,1.8663,91.38
12,81,4.1382,1.3174,24.589,2.2526,1.3981,0.05413,1.8841,92.25
12,82,4.1592,1.5626,25.734,2.1944,,0.05591,1.867,91.41
12,83,4.1774,1.5159,24.979,2.2368,1.3335,0.05367,1.8766,91.88
12,84,4.1192,,26.542,2.2764,1.3768,0.05818,1.8739,91.75
12,85,4.204,1.4575,26.572,2.3364,1.2702,0.05813,1.8661,91.36
12,86,4.1271,1.5759,24.317,2.2481,1.3103,0.05567,1.8684,91.48
12,87,4.1505,1.4699,25.441,2.1343,1.3175,0.05458,1.8793,92.01
12,88,4.1505,1.5774,25.127,2.1738,1.4307,0.05416,1.8729,91.7
12,89,4.1371,1.5809,24.681,2.2866,1.4225,0.05766,1.868,91.46
12,90,4.1286,1.8522,24.709,2.2785,1.3678,0.05567,1.8639,91.26
12,91,4.1263,1.5649,25.423,2.3882,1.403,0.05695,1.8621,91.17
12,92,4.1846,1.3973,24.835,2.1148,1.3765,0.05774,1.8632,91.22
12,93,4.174,1.4277,24.755,2.2397,1.4227,0.05444,1.8486,90.51
12,94,4.1571,1.5823,25.711,2.2792,1.3165,0.05966,1.8569,90.92
12,95,4.1312,1.676,24.847,2.255,1.3054,0.06144,1.8517,90.66
12,96,4.134,1.5768,25.248,2.215,1.3515,,1.8691,91.51
12,97,4.1429,1.5095,,,1.3165,0.05839,1.8364,89.91
12,98,4.1708,1.5741,25.107,2.2783,1.2386,0.06097,1.8508,90.62
12,99,4.1901,1.4105,24.187,2.2655,1.3534,0.05756,1.8468,90.42
12,100,4.1193,1.3368,25.231,2.1686,1.2644,0.05624,1.8441,90.29
12,101,4.1842,1.6327,26.518,2.2866,1.3503,0.06213,1.844,90.28
12,102,4.1238,1.4751,25.909,2.1921,1.3642,0.0584,1.828,89.5
12,103,4.1535,1.7,25.437,2.2829,1.2925,0.05543,1.8431,90.24
12,104,4.1129,1.5926,25.784,2.3228,1.2469,0.05926,1.8487,90.51
12,105,4.1178,1.4857,26.072,2.2997,1.3172,0.05532,1.8321,89.7
12,106,4.1511,1.3626,25.013,2.4195,1.3424,0.0592,1.822,89.21
12,107,4.1012,1.6115,25.192,2.331,1.3248,0.06495,1.8201,89.11
12,108,4.1411,1.4209,26.107,2.2946,1.2742,0.05753,1.8228,89.24
12,109,4.1647,1.3586,24.846,2.3779,1.3167,0.05865,1.8363,89.91
12,110,4.0997,1.4157,25.04,2.3431,1.3735,0.05984,1.8316,89.67
12,111,4.1608,1.5103,25.887,2.3285,1.4027,0.05841,1.8202,89.12
12,112,4.1645,1.6934,25.221,2.2097,1.3765,0.05536,1.8164,88.93
12,113,4.1249,1.5292,24.543,2.2863,,0.0576,1.8038,88.31
12,114,4.1394,1.6525,24.386,2.1842,1.3354,0.06239,1.8308,89.64
12,115,4.1318,1.369,24.648,2.2881,1.2787,0.05619,1.8045,88.35
12,116,4.0806,1.5746,25.96,2.3144,1.2553,0.06093,1.7999,88.12
12,117,4.1275,1.4987,24.883,2.2907,1.3847,0.06132,1.8142,88.82
12,118,4.1404,1.3855,25.863,2.2321,1.3343,0.0651,1.8045,88.35
12,119,4.1995,1.5767,24.92,2.2365,1.4154,0.06027,1.8,88.13
12,120,4.1209,1.5697,25.517,2.307,1.3841,0.05714,1.798,88.03
12,121,4.1237,1.4583,26.26,2.1995,1.1782,0.05997,1.8057,88.41
12,122,4.0913,1.313,26.784,2.3176,1.2938,0.06403,1.7974,88.0
12,123,4.1689,1.3769,24.354,2.328,1.3145,0.06226,1.8047,88.36
12,124,4.1418,1.6373,26.402,2.2706,1.3116,0.05833,1.7815,87.22
12,125,4.0977,1.4277,25.22,2.2665,1.2491,0.0574,1.7902,87.65
12,126,4.1108,1.5585,24.175,2.3776,1.299,0.05923,1.8062,88.43
12,127,4.1446,1.1647,24.462,2.2929,1.2766,0.06525,1.7851,87.4
12,128,4.1472,1.7366,26.356,2.2616,1.2173,0.06185,1.7838,87.34
12,129,4.1356,1.6674,27.822,2.3527,1.2295,0.06058,1.7977,88.02
12,130,4.1153,1.7002,25.747,2.3247,1.2645,0.06092,1.7935,87.81
12,131,4.0808,1.4667,24.545,2.2831,1.2377,0.06274,1.7822,87.26
12,132,4.1346,1.3677,25.347,2.2281,1.2703,0.06213,1.7867,87.48
12,133,4.132,1.671,,2.2969,1.3194,0.06277,1.7845,87.37
12,134,4.1292,1.4848,23.983,2.3406,1.2056,0.06174,1.7704,86.68
12,135,4.1013,1.4682,26.543,2.285,1.2123,0.06193,1.7603,86.18
12,136,4.1386,1.399,25.679,2.4661,1.2555,0.06169,1.7688,86.6
12,137,4.097,1.5757,25.471,2.3579,1.2834,,1.7553,85.94
12,138,4.0868,1.4289,,2.415,1.2166,0.06186,1.7747,86.89
12,139,4.1339,1.6629,25.54,2.3843,1.3295,0.06525,1.7658,86.46
12,140,4.1209,1.464,24.47,2.3087,1.2676,0.06158,1.7666,86.49
12,141,4.0802,1.4993,27.287,2.387,1.2912,0.0627,1.7654,86.43
12,142,4.0722,1.5762,23.837,2.3105,1.2561,0.06115,1.7557,85.96
12,143,4.1613,1.6454,25.15,2.4453,1.2915,0.06028,1.774,86.85
12,144,4.1392,1.4497,25.78,2.3527,1.1986,0.06174,1.7549,85.92
12,145,4.1365,1.4128,25.869,2.2532,1.1926,0.06004,1.7444,85.41
12,146,4.1188,1.5657,24.413,2.3279,1.2118,0.06359,1.7483,85.6
12,147,4.1118,1.4327,27.063,2.2629,1.2276,0.06286,1.7465,85.51
12,148,4.0943,1.3048,24.989,2.2844,1.3297,0.06729,1.7446,85.42
12,149,4.0778,1.6109,25.136,2.3108,1.213,0.06188,1.7442,85.4
12,150,4.0797,1.4383,26.542,2.344,1.2482,0.05854,1.7398,85.18
12,151,4.0949,,26.124,2.3133,1.1594,0.06747,1.7482,85.59
12,152,4.1332,1.7411,26.293,2.4302,1.2172,0.06472,1.7451,85.44
12,153,4.0986,1.5346,24.864,2.372,1.2203,0.05938,1.7316,84.78
12,154,4.1021,1.6254,26.227,2.4409,1.2605,0.06237,1.731,84.75
12,155,4.1015,1.5818,26.006,2.3181,1.2341,,1.7322,84.81
12,156,4.1177,1.334,26.557,2.3902,1.311,0.06149,1.7226,84.34
12,157,4.1327,1.5017,25.585,2.2937,1.1656,0.06234,1.7377,85.08
12,158,4.1488,1.3435,25.827,2.3889,1.2433,0.06485,1.7166,84.05
12,159,4.0973,1.5344,25.714,2.4411,1.3339,0.06169,1.7323,84.81
12,160,4.1222,1.6524,27.669,,1.2897,0.06752,1.7064,83.55
12,161,4.1296,1.3703,25.77,2.3846,1.2215,0.06424,1.7324,84.82
12,162,4.0882,1.6202,26.341,2.317,1.1711,0.06104,1.7312,84.76
12,163,4.1051,1.4254,24.366,2.3973,1.2119,0.06313,1.7206,84.24
12,164,4.1002,1.581,25.801,2.3032,1.2124,0.06677,1.707,83.58
12,165,4.1075,1.4857,25.251,2.3203,1.1328,0.06716,1.713,83.87
12,166,4.1074,1.5604,26.336,2.3333,1.1989,0.06397,1.7144,83.94
12,167,4.1304,1.5452,27.151,2.4521,1.1492,0.06459,1.7288,84.64
12,168,4.1197,1.4983,25.935,2.3541,1.2628,0.06227,1.7066,83.56
12,169,4.0579,1.4018,26.164,2.4042,1.1919,0.06753,1.7013,83.3
12,170,4.1018,1.5556,25.745,2.4223,1.1504,0.06899,1.7136,83.9
12,171,4.0731,1.431,26.306,2.3665,1.235,0.0648,1.7099,83.72
12,172,4.1028,1.8163,26.926,2.3075,1.3112,0.06784,1.711,83.77
12,173,4.1183,1.3833,24.492,2.3889,1.2713,0.06655,1.6998,83.22
12,174,4.1347,1.5286,27.069,2.4837,1.1997,0.06545,1.7085,83.65
12,175,4.041,1.5599,26.748,2.4043,1.2154,0.06591,1.6939,82.94
12,176,4.1424,1.4823,25.596,2.4808,1.2402,0.06667,1.6748,82.0
12,177,4.0715,1.5168,27.18,2.3585,1.1462,0.0664,1.695,82.99
12,178,4.1161,1.3613,23.93,2.4569,1.1385,0.06514,1.6877,82.63
12,179,4.125,1.5689,26.479,2.4237,1.0824,0.06451,1.6674,81.64
12,180,,1.4944,26.35,2.4665,1.1138,0.06658,1.6792,82.22
12,181,4.0754,1.504,26.55,2.4078,1.2225,0.06691,1.6866,82.57
12,182,4.0688,1.557,26.332,2.3504,1.2136,0.06938,1.6764,82.08
12,183,4.0795,1.4358,24.776,2.5325,1.1594,0.06524,1.6716,81.84
12,184,4.0875,1.4442,27.291,2.3397,1.102,,1.6659,81.56
12,185,4.0912,1.5949,26.443,2.413,1.1093,0.06386,1.672,81.86
12,186,4.0692,1.5602,,2.3914,1.1677,0.06724,1.6653,81.53
12,187,4.0877,1.448,27.177,2.4002,1.2482,0.06679,1.6721,81.87
12,188,4.0919,1.5559,25.987,2.4275,1.251,0.06966,1.6668,81.61
12,189,4.0614,1.3867,26.306,2.4691,1.1493,0.06628,1.6734,81.93
12,190,4.1116,1.6555,26.113,2.3934,1.2217,0.06727,1.6741,81.96
12,191,4.0712,1.4673,26.953,2.3376,1.1991,0.0665,1.6561,81.08
12,192,4.0899,1.5023,26.077,2.4032,1.1382,0.07068,1.6573,81.14
12,193,4.09,1.4516,25.932,2.3932,1.2038,0.06665,1.6572,81.14
12,194,4.0942,1.4956,25.854,2.4902,1.0216,0.07143,1.637,80.15
12,195,4.0765,,26.714,2.4667,1.1327,0.06517,1.6614,81.34
12,196,4.1157,1.5482,26.55,2.4733,1.2022,0.06435,1.6679,81.66
12,197,4.08,1.5102,26.993,2.3326,1.09,0.06728,1.6462,80.6
12,198,4.1117,1.7255,26.417,2.4914,1.1924,0.06984,1.6483,80.7
12,199,4.0805,1.402,25.365,2.4645,1.1519,0.06805,1.6449,80.53
12,200,4.085,1.4204,26.091,2.4944,1.1033,0.06942,1.6484,80.7
12,201,4.0705,1.4949,25.149,2.4543,,0.07126,1.6406,80.33
12,202,4.0748,1.6696,25.802,2.4049,1.0576,0.07186,1.6383,80.21
12,203,4.0468,1.4326,26.411,2.4193,1.1505,0.06912,1.6521,80.89
12,204,4.0642,1.5537,25.62,2.4287,1.0599,0.06867,1.6384,80.21
12,205,4.1113,1.5236,26.586,2.4548,1.0361,0.06561,1.6285,79.73
12,206,4.0943,1.5027,25.784,2.4435,1.125,0.07128,1.6286,79.74
12,207,4.073,1.5251,26.735,2.4846,1.2247,0.06978,1.6349,80.05
12,208,,1.4547,24.733,2.4698,1.1737,0.06485,1.6365,80.12
12,209,4.1011,1.597,25.668,,1.1377,0.07126,1.6267,79.64
12,210,4.095,1.6646,26.554,2.4828,1.1971,0.06993,1.6222,79.42
12,211,4.102,1.7038,27.808,2.5115,1.0132,0.06905,1.6122,78.93
12,212,4.0857,1.7344,25.961,2.6047,1.1108,0.06891,1.6145,79.05
12,213,4.1073,1.6099,26.072,2.5011,1.0799,0.06897,1.624,79.51
12,214,4.0632,1.6584,26.296,2.4605,1.0835,0.07276,1.6145,79.04
12,215,4.1118,1.6605,26.416,2.478,1.1007,0.07189,1.6079,78.72
12,216,,1.5379,25.372,2.4733,1.1562,0.0712,1.6097,78.81
12,217,4.0729,1.4774,25.683,2.4546,1.223,0.07159,1.6169,79.16
12,218,4.0567,1.3409,25.761,2.5277,1.0978,0.06924,1.6026,78.46
12,219,,1.5231,26.154,2.4658,1.227,0.07372,1.5985,78.26
12,220,4.0372,1.5149,26.142,2.5171,1.1735,0.07205,1.615,79.07
12,221,4.064,1.6076,27.357,2.4968,1.1196,0.07162,1.5943,78.06
12,222,4.098,1.6089,26.814,2.4865,1.1097,0.07008,1.6015,78.41
12,223,4.0932,1.4479,27.265,2.4892,,0.07303,1.591,77.89
12,224,4.0673,1.5827,27.378,2.3999,1.1969,0.07641,1.6021,78.44
12,225,4.0989,1.6044,26.567,2.4883,1.1585,0.07005,1.6009,78.38
12,226,4.0684,,26.154,2.485,1.0983,0.0701,1.5829,77.5
12,227,4.0522,1.5654,27.191,2.5313,1.129,0.07099,1.5699,76.86
12,228,4.0868,1.5088,27.472,2.5252,,0.07143,1.5807,77.39
12,229,4.1278,1.5408,27.196,2.447,1.1481,0.07474,1.5939,78.04
12,230,4.0912,1.5682,27.154,2.5548,1.1238,0.07232,1.5795,77.33
12,231,4.1038,1.4681,26.732,2.4009,1.1284,0.07517,1.5881,77.75
12,232,4.0789,1.5084,26.487,2.5238,1.0556,0.07237,1.5774,77.23
12,233,4.0899,1.5637,26.527,2.5146,1.0804,0.07525,1.5702,76.88
12,234,4.0906,1.4505,27.4,2.5762,1.145,0.07602,1.5719,76.96
12,235,4.1052,1.7302,26.199,2.4792,1.016,0.07532,1.5758,77.15
12,236,4.0293,1.4037,25.326,2.5352,1.0304,0.06994,1.5594,76.35
12,237,4.0738,1.3112,26.046,2.5152,1.0685,0.07278,1.5692,76.83
12,238,4.1266,1.4981,25.796,2.5066,1.0972,0.07345,1.5769,77.21
12,239,4.1277,1.3303,26.259,2.6156,1.0582,0.07526,1.5704,76.89
12,240,4.1029,1.7656,27.465,2.4204,1.0476,0.07817,1.5686,76.8
12,241,4.084,1.2344,25.492,2.582,1.0777,0.07317,1.5502,75.9
12,242,4.0212,1.6195,26.821,2.439,1.077,0.0752,1.553,76.04
12,243,4.0735,1.541,26.4,2.5351,1.112,0.07623,1.556,76.18
12,244,4.0533,1.6129,27.436,,1.0526,0.07564,1.5619,76.47
12,245,4.0245,1.7336,28.152,2.5465,1.0633,0.07518,1.5646,76.6
12,246,4.0649,1.3599,25.391,2.6781,1.0719,,1.5465,75.72
12,247,4.0482,1.5002,27.037,2.5279,1.0308,0.0756,1.5494,75.86
12,248,4.0782,1.6218,26.986,2.5314,1.1413,0.07287,1.5491,75.85
12,249,4.0818,1.4618,26.08,2.5982,1.0532,0.07235,1.5307,74.94
12,250,4.0272,1.5271,25.521,2.5603,1.0357,0.07664,1.5591,76.34
13,1,4.1394,1.5287,23.844,1.9467,1.4339,0.04365,1.9596,99.82
13,2,4.1968,1.4586,24.351,1.9338,1.4616,0.04604,1.974,100.56
13,3,4.1652,1.4959,,2.0587,1.5279,0.046,1.9614,99.92
13,4,4.221,1.5999,25.561,2.0206,1.4044,0.0452,1.9627,99.98
13,5,4.2142,1.3651,23.835,2.0878,1.4856,0.04526,1.9554,99.61
13,6,4.2043,1.6852,24.32,2.016,1.5571,0.04356,1.9586,99.77
13,7,4.2105,1.6798,24.848,1.939,1.4302,0.04645,1.9686,100.28
13,8,4.1685,1.5747,24.05,1.9965,1.5189,0.04699,1.9474,99.2
13,9,4.1937,1.5128,25.188,2.0803,1.5402,0.04233,1.9493,99.3
13,10,4.1656,1.3984,24.925,2.126,,0.04763,1.9535,99.52
13,11,4.157,1.4014,22.741,2.0542,1.4639,0.04791,1.9531,99.5
13,12,4.1481,1.5305,23.977,2.0206,1.3908,0.04769,1.9491,99.29
13,13,4.1881,1.4146,24.19,1.996,1.4198,0.04663,1.949,99.29
13,14,,1.3752,23.726,2.1381,1.4264,0.04696,1.9461,99.14
13,15,4.167,1.5344,23.145,2.0432,1.5371,0.04981,1.9445,99.05
13,16,4.2003,1.2833,23.173,2.0654,1.5859,0.04629,1.9478,99.22
13,17,4.1818,1.5453,24.24,2.014,1.3282,0.0496,1.9455,99.11
13,18,4.1252,1.5553,24.617,2.1352,1.5141,0.04532,1.9332,98.48
13,19,4.1635,1.6014,,2.0989,1.5027,0.04906,1.9296,98.3
13,20,4.1976,1.1733,25.139,2.1117,1.525,0.04505,1.9408,98.87
13,21,4.2152,1.392,23.874,2.1275,1.4893,0.04968,1.9197,97.79
13,22,4.1437,1.5881,24.948,1.9873,1.5247,0.04267,1.934,98.52
13,23,4.1538,1.5881,24.79,2.0953,1.4767,0.04759,1.939,98.78
13,24,4.2238,1.3427,21.549,2.0748,1.4275,0.04712,1.935,98.57
13,25,4.1906,1.338,24.466,2.1413,1.4619,0.04897,1.9204,97.83
13,26,4.1696,1.4623,24.656,2.1394,1.4935,0.0447,1.9339,98.52
13,27,4.1412,1.5714,24.991,2.0898,1.4081,0.04943,1.9234,97.98
13,28,,1.717,25.397,2.1221,1.5344,0.04884,1.9223,97.92
13,29,4.1501,1.4199,24.247,2.1382,1.3699,0.04758,1.918,97.71
13,30,4.1826,1.5014,24.557,2.0375,1.395,0.04848,1.9221,97.91
13,31,4.1718,1.4028,24.066,2.2042,1.4669,0.04839,1.923,97.96
13,32,4.1478,1.5056,24.611,2.1506,1.4538,0.0481,1.9092,97.26
13,33,4.2163,1.4382,23.288,2.0199,1.4163,0.05084,1.9119,97.39
13,34,4.2016,1.5042,25.301,2.0747,1.3951,0.04926,1.9099,97.29
13,35,4.1598,1.5403,24.939,2.0361,1.416,0.04816,1.9169,97.65
13,36,4.174,1.4448,22.762,2.1098,1.3759,0.05031,1.9078,97.18
13,37,4.109,1.4126,24.622,2.0404,1.4697,0.05154,1.9165,97.63
13,38,4.1436,1.2284,24.781,2.2478,1.5164,0.04917,1.9073,97.16
13,39,4.1834,1.4906,24.839,2.1485,1.4273,0.05174,1.8983,96.7
13,40,4.1489,1.3952,22.355,2.1098,1.3716,0.05064,1.9141,97.51
13,41,4.1559,1.6036,24.934,2.1267,1.5055,,1.9014,96.86
13,42,4.1518,1.6009,24.787,2.0684,1.4641,0.05255,1.8993,96.75
13,43,4.1992,1.7548,26.206,2.1568,1.4112,0.0465,1.9106,97.33
13,44,4.1732,1.5118,23.032,2.122,1.4494,0.04823,1.8997,96.77
13,45,4.1705,1.6409,26.079,2.1184,1.425,0.05083,1.8995,96.76
13,46,4.1727,,22.9,2.1677,1.4397,0.05005,1.9019,96.88
13,47,4.1573,,25.813,2.1694,,0.04653,1.8771,95.62
13,48,4.1758,1.4813,25.037,2.1257,1.4653,0.05275,1.8984,96.71
13,49,4.1231,1.7511,25.635,2.0745,,0.0513,1.8791,95.72
13,50,4.1496,,24.53,2.2194,1.4962,0.05004,1.8816,95.85
13,51,4.1668,1.7034,24.534,2.2048,1.361,0.05116,1.8802,95.78
13,52,4.1569,1.4938,25.103,2.2624,1.3817,0.04724,1.8785,95.69
13,53,4.1636,1.5322,24.549,2.2462,1.4086,0.05115,1.8846,96.01
13,54,4.112,1.5476,24.901,2.0958,1.3965,0.05119,1.8785,95.7
13,55,4.1354,1.5569,24.548,2.1257,1.3544,0.05134,1.8783,95.68
13,56,4.16,1.4799,24.895,2.2437,1.4241,0.05224,1.8892,96.24
13,57,4.1504,1.5306,24.33,2.071,1.4144,0.05253,1.8854,96.04
13,58,4.1798,1.4221,23.185,2.1249,1.3163,0.05264,1.8765,95.59
13,59,4.1781,1.6245,24.117,2.1206,1.4173,0.05404,1.8713,95.33
13,60,4.16,1.2453,23.976,2.2376,1.5364,0.05172,1.8597,94.74
13,61,4.1397,1.5171,24.216,2.1179,1.3648,0.05311,1.8643,94.97
13,62,4.1301,1.4289,24.328,2.1145,1.3517,0.05373,1.8715,95.33
13,63,4.1078,1.6324,25.248,2.0935,1.367,0.05098,1.8695,95.23
13,64,4.1419,1.5009,24.618,2.0889,1.456,0.054,1.8752,95.53
13,65,4.1555,1.6266,24.977,2.2742,1.5266,0.05255,1.8623,94.87
13,66,4.1256,1.2443,25.484,2.1614,1.4232,0.05507,1.8622,94.86
13,67,4.1266,1.7194,25.011,2.1453,1.3243,0.05276,1.8567,94.58
13,68,4.1665,1.532,26.125,2.2686,1.3979,0.05871,1.8759,95.56
13,69,4.1764,1.4632,25.506,2.1733,1.3984,0.05806,1.8604,94.77
13,70,4.1604,1.4175,24.892,2.1287,1.4209,0.05512,1.8684,95.18
13,71,4.1896,1.6934,25.204,2.2259,1.3427,0.05298,1.8579,94.64
13,72,4.1356,1.4983,23.534,2.2293,1.4195,0.05362,1.8492,94.2
13,73,4.1408,1.3437,24.201,2.285,1.2411,0.05213,1.8348,93.46
13,74,4.1292,1.4177,26.415,,1.4164,0.05487,1.8615,94.83
13,75,4.1779,1.7399,23.841,2.1974,1.3642,0.05314,1.8546,94.48
13,76,4.1522,1.7425,26.083,2.2827,1.3067,0.05251,1.8597,94.73
13,77,4.1784,1.3955,24.048,2.1369,1.4986,0.05396,1.8445,93.96
13,78,4.1164,1.6268,23.669,2.1464,1.3257,0.0548,1.8531,94.4
13,79,4.1825,1.5722,24.483,2.268,1.3378,0.0533,1.841,93.78
13,80,4.0827,1.6002,24.51,2.1658,1.4578,0.05354,1.853,94.39
13,81,4.1505,1.5581,24.841,2.1924,1.4348,0.05658,1.8519,94.34
13,82,4.117,1.4422,25.7,2.2844,1.381,0.05161,1.8388,93.67
13,83,4.1752,1.5333,26.62,2.1354,1.3888,0.05292,1.8473,94.1
13,84,4.1575,1.7288,25.682,2.1921,1.3291,0.05458,1.8482,94.15
13,85,4.1754,1.6658,24.022,2.2219,1.3514,0.05364,1.8342,93.44
13,86,4.1778,1.6199,26.254,2.1777,,0.05379,1.8403,93.75
13,87,4.1491,1.6282,26.249,2.2642,1.3037,0.05274,1.8372,93.59
13,88,4.1779,1.5102,23.846,2.3497,1.3702,0.0559,1.8379,93.62
13,89,4.1404,1.5958,25.585,2.1871,1.3372,0.05445,1.8229,92.86
13,90,4.1619,1.4506,24.086,2.2443,1.3206,,1.844,93.94
13,91,4.1138,1.5332,24.918,2.3816,1.3665,0.05362,1.8201,92.72
13,92,4.1486,1.4662,26.129,2.251,1.2351,0.054,1.8154,92.48
13,93,4.1492,1.3876,25.103,2.1552,1.3349,0.0569,1.8208,92.75
13,94,4.1438,1.4161,26.222,2.2246,1.3768,0.05505,1.8364,93.55
13,95,4.1172,1.5529,25.847,2.2089,1.3056,0.05711,1.8239,92.91
13,96,4.0989,1.5568,25.134,2.2336,1.3554,0.05784,1.815,92.46
13,97,4.1083,1.4379,25.557,2.2509,1.3018,0.05507,1.8188,92.65
13,98,4.1304,1.605,26.005,2.2253,1.3769,0.05704,1.8235,92.89
13,99,4.0807,1.3983,24.333,2.2272,1.3327,0.05719,1.8192,92.67
13,100,4.1179,1.598,26.765,2.227,1.2922,0.05563,1.8179,92.6
13,101,4.1214,1.3075,23.816,2.3115,1.3873,,1.8147,92.44
13,102,,1.4627,,2.1604,1.3347,0.05832,1.8143,92.42
13,103,4.1316,1.3525,24.961,2.2358,1.2998,0.05805,1.8267,93.05
13,104,4.1365,1.5938,26.496,2.2758,1.3673,,1.7998,91.68
13,105,4.1664,1.3512,24.759,2.3262,1.3051,0.05703,1.8055,91.98
13,106,4.1352,1.6462,26.187,2.2611,1.3687,0.0584,1.8043,91.91
13,107,4.1061,1.7247,25.73,2.0965,1.3981,0.05785,1.8118,92.3
13,108,4.1163,1.5689,24.668,2.2298,1.2828,0.05738,1.8002,91.71
13,109,4.1523,1.5489,25.681,,1.3039,0.05604,1.7978,91.58
13,110,4.1537,,26.4,2.2389,1.195,0.05574,1.8148,92.45
13,111,4.1275,1.4663,23.295,2.2686,1.2539,0.05687,1.8039,91.89
13,112,4.1039,1.4048,25.378,2.3235,1.2867,0.06137,1.8041,91.9
13,113,4.0928,1.3322,23.833,2.295,1.2512,0.05574,1.7856,90.96
13,114,4.1493,1.6432,26.24,2.2204,1.3162,0.05967,1.7973,91.56
13,115,4.1324,1.3671,24.718,2.3004,1.3741,0.0611,1.7889,91.13
13,116,4.1298,1.5084,24.244,2.229,1.2596,0.06007,1.7965,91.52
13,117,4.1458,1.6595,25.653,2.2219,1.2963,0.05759,1.7972,91.55
13,118,4.1179,1.5059,25.978,,1.3446,0.05646,1.7934,91.36
13,119,4.1242,1.6171,24.469,2.1934,1.3314,0.0585,1.7891,91.14
13,120,4.1095,1.6275,25.832,2.302,1.2328,0.0604,1.7844,90.9
13,121,4.1091,1.3543,25.152,2.3541,1.2988,0.05864,1.7756,90.45
13,122,4.1277,1.5262,25.637,2.2289,1.2938,0.05613,1.7829,90.82
13,123,4.0971,1.6598,23.712,2.3934,1.206,0.05736,1.7851,90.94
13,124,,1.4846,26.184,2.2473,1.2656,0.05928,1.7814,90.75
13,125,4.0754,1.5158,25.427,2.3624,1.2176,0.05872,1.7731,90.33
13,126,4.1306,1.5848,25.977,2.3257,1.3755,0.0603,1.7855,90.96
13,127,4.1388,1.4511,25.377,2.3242,1.2364,0.05922,1.7663,89.98
13,128,4.1087,1.636,24.91,2.2434,1.3747,0.0573,1.7767,90.5
13,129,4.1682,1.5159,26.645,2.3442,1.2762,0.06022,1.7711,90.22
13,130,4.1135,1.5474,25.802,2.4567,1.2839,0.06186,1.7528,89.29
13,131,4.1346,1.5093,25.518,2.287,1.2983,0.06038,1.7776,90.55
13,132,4.0954,1.5374,26.871,2.297,1.3653,0.06117,1.7717,90.25
13,133,4.1231,1.4826,23.991,2.3657,1.3795,0.06192,1.7647,89.9
13,134,4.1151,1.659,25.767,2.3304,1.1913,0.06002,1.768,90.06
13,135,4.1419,1.6324,24.516,2.2278,1.2967,0.05971,1.765,89.91
13,136,4.078,1.5086,25.615,2.3469,1.2156,0.05739,1.7677,90.05
13,137,4.1315,1.6414,25.527,2.3671,1.288,0.06408,1.7604,89.68
13,138,4.0747,1.5126,25.742,2.3538,1.1849,0.06094,1.757,89.51
13,139,4.1148,1.4842,27.174,2.2597,1.3237,0.06372,1.7629,89.8
13,140,4.1162,1.5166,25.846,2.2911,1.2364,0.06109,1.7526,89.28
13,141,4.1088,1.2523,25.473,2.2971,1.1625,0.06122,1.7503,89.16
13,142,4.148,1.4566,26.186,2.4137,1.2227,0.06195,1.7483,89.06
13,143,4.1214,1.5663,25.47,2.3723,1.2555,0.0585,1.7636,89.84
13,144,4.0856,1.5351,25.037,2.3633,1.2531,0.05978,1.7454,88.91
13,145,4.1303,1.6595,25.209,2.2709,1.3464,0.06238,1.7427,88.78
13,146,4.0958,1.5477,27.181,2.3535,1.3018,0.06258,1.7459,88.94
13,147,4.0968,1.3879,25.804,2.4145,1.2523,,1.7354,88.4
13,148,4.1223,1.3736,24.717,2.3968,1.2292,0.06217,1.7357,88.42
13,149,4.1311,1.5422,25.244,2.3019,1.2332,0.06348,1.7391,88.59
13,150,4.1094,1.5281,25.805,2.2993,1.297,0.06204,1.7387,88.57
13,151,4.0605,1.4968,24.929,2.2892,1.3614,0.06362,1.7384,88.56
13,152,4.133,1.6408,25.834,2.4454,1.2836,0.06332,1.7457,88.93
13,153,4.1077,1.5292,25.836,2.3747,1.3243,0.06095,1.7364,88.45
13,154,4.1015,1.6755,25.792,2.3778,1.2298,0.06002,1.7419,88.73
13,155,4.0867,1.5333,25.058,2.2743,1.2273,0.06241,1.7451,88.9
13,156,,1.3456,25.787,2.3511,1.1049,0.06267,1.7203,87.63
13,157,4.0828,1.585,26.332,2.2984,1.2305,0.06549,1.7318,88.22
13,158,4.1038,1.6617,25.404,2.39,1.1723,0.06364,1.7195,87.6
13,159,4.0483,1.4597,26.203,2.3769,1.2017,0.06187,1.7286,88.06
13,160,4.0999,1.5894,26.332,2.3383,1.2802,0.06301,1.7285,88.05
13,161,4.1406,1.6502,25.968,2.5195,1.2338,0.0648,1.7314,88.2
13,162,4.0789,1.6797,25.702,2.4248,1.2796,0.06565,1.7202,87.63
13,163,4.0981,1.2032,25.507,2.4202,1.2065,0.06338,1.7132,87.27
13,164,4.1366,1.5181,27.476,2.3395,1.2285,0.06381,1.7148,87.36
13,165,4.1102,1.7801,25.98,2.4654,1.2276,0.06647,1.7323,88.24
13,166,4.114,1.3966,26.074,2.2873,1.2074,0.06711,1.7043,86.82
13,167,4.074,1.2972,26.158,2.4738,1.1665,0.06923,1.7169,87.46
13,168,4.0554,1.3379,26.437,2.3891,1.2858,0.06276,1.7109,87.16
13,169,4.1041,1.5082,25.732,2.3614,1.219,0.06589,1.7104,87.13
13,170,4.1336,1.3813,24.448,2.446,1.1618,0.06464,1.7099,87.1
13,171,4.0872,1.3507,,2.4266,1.205,0.06653,1.7014,86.67
13,172,4.1252,1.4648,24.335,2.4085,1.2422,0.06452,1.7008,86.64
13,173,4.0809,1.6064,,2.3923,1.1949,0.06555,1.7128,87.25
13,174,4.1118,1.7834,26.651,2.3525,1.1764,0.066,1.7146,87.35
13,175,4.0894,1.4719,26.258,2.5131,1.1979,0.06215,1.6837,85.77
13,176,4.1074,1.5376,27.457,2.4553,1.2427,0.06569,1.6912,86.15
13,177,4.078,1.6427,26.069,2.3111,1.229,0.06904,1.7057,86.89
13,178,4.139,1.328,,2.3924,1.1755,0.06503,1.6921,86.2
13,179,4.0862,1.4838,26.351,2.3627,1.1884,0.06519,1.6949,86.34
13,180,4.1181,1.7319,27.29,2.4256,1.1567,0.06603,1.6826,85.71
13,181,4.0415,1.4836,26.74,2.3376,1.2137,0.06747,1.6991,86.56
13,182,4.1003,1.4532,26.461,2.45,1.2048,,1.6775,85.45
13,183,4.0682,1.5238,25.587,2.4723,1.2215,0.06832,1.6898,86.08
13,184,4.089,1.4617,,2.3151,1.1129,0.06832,1.6997,86.58
13,185,4.0699,1.5155,25.909,2.4688,,0.0656,1.6732,85.24
13,186,4.1145,1.3586,26.264,2.3728,1.1469,0.07106,1.6906,86.12
13,187,4.0904,1.5382,26.989,2.3763,1.1537,0.06875,1.6822,85.7
13,188,4.1202,1.3356,,2.3257,1.1219,0.07016,1.6675,84.95
13,189,4.1237,1.3545,25.253,2.4419,1.2149,0.06608,1.6865,85.91
13,190,4.0662,,26.173,2.4267,1.1778,0.07001,1.6719,85.17
13,191,4.1233,1.3752,27.075,2.3241,1.1658,0.07117,1.6673,84.94
13,192,4.1041,1.403,25.6,2.5084,1.1969,0.06982,1.679,85.53
13,193,4.0861,1.6209,26.669,2.42,1.0994,0.07007,1.6724,85.19
13,194,4.0775,1.6706,26.728,2.4476,1.2135,0.06962,1.6738,85.26
13,195,4.0875,1.7673,26.074,2.4787,1.1631,0.06931,1.671,85.12
13,196,4.084,1.6016,26.686,2.3966,1.2308,0.06994,1.6769,85.43
13,197,4.1189,1.4298,26.257,2.4126,1.1998,0.06768,1.662,84.67
13,198,4.1058,1.4847,,2.3947,1.0929,0.07047,1.67,85.07
13,199,4.1277,1.5421,25.297,2.3868,1.073,0.06965,1.6451,83.81
13,200,4.1026,1.4934,26.012,2.4755,1.1862,0.07129,1.6502,84.06
13,201,4.0888,1.4539,26.487,2.3997,1.1338,0.06828,1.6541,84.26
13,202,4.0892,1.5911,26.448,2.4128,1.1651,0.06741,1.66,84.56
13,203,4.0815,1.555,26.678,2.5454,1.1737,0.06951,1.6606,84.59
13,204,4.1083,1.4982,25.225,2.4406,1.1594,0.06784,1.6489,84.0
13,205,4.086,1.524,27.477,2.3751,1.2513,0.06953,1.6519,84.15
13,206,4.0905,1.3238,25.415,2.4238,1.1993,0.06695,1.6559,84.35
13,207,4.091,1.5878,26.944,2.3993,1.0646,0.07092,1.6428,83.69
13,208,4.0778,1.3938,26.025,2.4821,1.1366,0.07277,1.6596,84.54
13,209,4.0906,1.2968,25.71,2.4279,1.108,0.07046,1.6539,84.25
13,210,4.0436,1.6281,26.687,,1.1792,0.06867,1.6466,83.88
13,211,4.0815,1.7132,26.073,2.5508,1.0976,,1.6534,84.23
13,212,4.111,1.4883,27.102,2.4658,1.0813,0.06485,1.6341,83.25
13,213,4.086,1.1787,26.413,2.5088,1.1067,0.06914,1.6602,84.57
13,214,4.1138,1.5441,,2.5392,1.1233,0.06754,1.6384,83.46
13,215,4.0964,1.5394,27.135,2.5253,,0.07025,1.6352,83.3
13,216,4.1387,1.3536,26.806,2.5848,1.0739,0.07292,1.6396,83.52
13,217,4.0454,1.618,26.529,2.4727,1.1162,0.07367,1.6429,83.69
13,218,4.0703,1.4791,26.318,2.4145,1.1042,0.0714,1.6313,83.1
13,219,,1.5618,26.323,2.4202,1.1421,0.07105,1.6339,83.23
13,220,4.0876,1.5953,26.97,2.4729,1.0844,0.07017,1.6284,82.95
13,221,4.07,,27.426,2.4278,1.1268,0.0725,1.6342,83.25
13,222,4.0181,1.5802,27.821,2.5342,1.0152,0.07589,1.6259,82.82
13,223,4.0527,1.6273,27.191,2.4949,1.088,0.07442,1.6136,82.2
13,224,4.0401,1.6815,27.081,2.5579,1.1465,0.07666,1.6223,82.64
13,225,4.0792,1.6201,26.601,2.5413,0.9682,0.07185,1.6186,82.45
13,226,4.0748,1.4287,27.351,2.4647,1.1244,0.07205,1.6186,82.46
13,227,4.1136,1.5575,27.466,2.5051,1.0889,0.07196,1.6219,82.62
13,228,4.0916,1.547,26.157,2.4857,1.0343,0.07199,1.614,82.22
13,229,4.1222,1.6962,26.156,2.5128,1.1206,0.07202,1.6147,82.25
13,230,4.0677,1.7592,26.738,2.5233,0.9811,0.07425,1.6117,82.1
13,231,4.0497,1.4732,,2.5049,1.1324,0.07215,1.6209,82.57
13,232,4.0589,1.8578,28.207,2.555,1.057,0.07466,1.6248,82.77
13,233,4.0222,1.3664,26.922,2.5001,1.0785,0.07512,1.6131,82.17
13,234,4.0633,1.4575,27.165,2.4081,1.0742,0.06963,1.5996,81.49
13,235,4.0923,1.6242,26.387,2.5447,1.0895,0.07592,1.6026,81.64
13,236,3.9995,1.6428,26.636,2.4981,1.1143,0.07047,1.6024,81.63
13,237,4.0867,1.5792,26.46,2.5759,1.0465,0.07219,1.6025,81.63
13,238,4.0803,1.4968,27.835,2.5362,1.0979,0.07408,1.5992,81.46
13,239,4.0785,,27.522,2.5269,1.1288,0.07287,1.6045,81.74
13,240,4.015,1.4227,27.201,2.6016,1.1018,0.0717,1.5824,80.61
13,241,,1.3789,28.428,2.6374,1.1943,0.07468,1.5892,80.95
13,242,4.08,1.6453,26.558,2.4604,1.0727,0.0725,1.5911,81.05
13,243,4.0552,1.5479,27.76,2.604,1.0995,0.07493,1.6021,81.61
13,244,4.0958,1.6882,25.658,2.6367,1.0469,0.07547,1.5825,80.61
13,245,4.0682,1.512,26.16,2.5635,1.0686,0.07178,1.5896,80.98
13,246,4.037,1.4739,27.309,2.4922,1.1273,0.07428,1.5791,80.44
13,247,4.0693,1.7045,26.112,2.6356,1.1266,0.0746,1.5835,80.66
13,248,4.0603,1.5715,26.629,2.595,1.0451,0.07466,1.5936,81.18
13,249,4.0942,1.4388,27.517,2.4805,0.9701,0.07338,1.588,80.89
13,250,4.0672,1.4733,27.012,2.5426,1.1074,0.07178,1.5876,80.87
14,1,4.1451,,23.966,2.0566,1.4588,,1.9595,99.45
14,2,4.1866,1.6497,22.427,2.0945,1.4816,,1.9652,99.74
14,3,4.1598,1.6138,23.169,2.0655,1.477,0.04545,1.9759,100.28
14,4,4.1891,1.691,23.5,2.0729,1.5249,0.04489,1.9565,99.29
14,5,4.167,1.4868,23.25,2.0693,1.4861,0.04687,1.9733,100.15
14,6,4.1603,1.5564,25.257,2.103,1.5718,0.04683,1.9553,99.24
14,7,4.1938,1.6796,25.29,2.0013,1.5204,0.04637,1.9626,99.6
14,8,4.1321,1.3164,23.584,1.981,1.4597,0.04739,1.9549,99.21
14,9,4.178,1.373,24.195,2.1017,1.403,0.04458,1.9498,98.95
14,10,4.1882,1.5212,24.106,2.0661,1.4868,0.04689,1.9423,98.58
14,11,4.1592,1.4946,23.974,2.1988,1.4515,0.0469,1.9465,98.79
14,12,4.2096,1.4045,25.101,2.0675,1.5963,0.04717,1.9522,99.08
14,13,4.1692,1.6623,24.416,2.0762,1.5013,0.04587,1.9366,98.29
14,14,4.1501,1.7096,23.441,2.0911,1.49,0.04665,1.9428,98.6
14,15,4.1483,1.565,23.634,1.9594,1.4811,0.04506,1.9325,98.08
14,16,4.1678,1.4724,24.201,2.0159,1.4232,0.0464,1.9455,98.74
14,17,4.1902,1.4657,23.003,2.0541,1.4635,0.04615,1.9294,97.92
14,18,4.1863,1.7909,25.486,1.9902,1.4423,0.04663,1.9397,98.44
14,19,4.1481,1.4391,,2.0542,1.4307,0.04665,1.9391,98.41
14,20,4.1956,1.5597,23.153,2.0953,1.3747,0.05008,1.9231,97.6
14,21,4.1692,1.4008,,2.0662,1.4525,0.05026,1.9435,98.63
14,22,4.1944,1.5238,,2.0498,1.4575,0.04524,1.9362,98.27
14,23,4.1898,1.5689,24.763,1.9865,1.5178,0.04463,1.929,97.9
14,24,4.1847,1.5466,23.322,2.035,1.4626,0.0489,1.9234,97.61
14,25,4.1786,1.3219,24.586,2.0506,1.4482,0.04783,1.9138,97.13
14,26,4.1744,1.432,24.518,2.2324,,0.048,1.9299,97.95
14,27,4.1524,1.5856,23.718,2.1076,1.5131,0.04854,1.912,97.04
14,28,4.2218,1.7157,24.996,2.1861,1.4255,0.04981,1.908,96.84
14,29,4.1331,1.8154,23.601,2.1289,1.4529,0.04951,1.9113,97.0
14,30,4.1645,,24.769,2.1127,1.4342,0.04596,1.912,97.04
14,31,4.1794,1.5297,23.908,2.0529,1.4838,0.0484,1.9268,97.79
14,32,4.1318,1.6904,25.334,2.1114,1.4591,0.05032,1.9137,97.12
14,33,4.2071,,23.908,2.054,1.4786,0.04938,1.896,96.23
14,34,4.1654,1.3848,24.677,2.1085,1.4307,0.05383,1.9086,96.87
14,35,4.1874,1.8317,25.126,2.1292,1.397,0.04829,1.9097,96.92
14,36,4.1836,1.3534,24.978,2.1238,1.4285,0.04924,1.8844,95.64
14,37,4.1936,1.5021,23.727,2.181,1.3798,0.04633,1.9099,96.93
14,38,4.1934,1.4571,24.728,2.1034,1.4607,0.05175,1.9008,96.47
14,39,4.1368,1.331,25.006,2.0627,1.4396,0.05123,1.8927,96.06
14,40,4.1578,1.6259,23.985,2.0785,1.4069,0.05236,1.8889,95.86
14,41,4.1591,1.4207,25.248,2.0333,1.4343,0.04983,1.9038,96.62
14,42,4.196,1.3932,24.51,,1.4047,0.05127,1.8993,96.39
14,43,4.1655,1.6213,25.874,2.1563,1.4196,0.04795,1.8843,95.63
14,44,4.1726,1.5229,24.624,2.1611,1.4551,0.05207,1.8976,96.31
14,45,4.1658,1.7173,25.647,2.1378,1.3314,0.05057,1.8959,96.22
14,46,4.1399,1.5168,24.704,2.2,1.3934,0.04878,1.8935,96.1
14,47,4.1403,1.2868,25.78,2.2019,1.5028,0.05239,1.8836,95.59
14,48,4.1676,1.4849,24.968,2.115,1.3537,0.0501,1.8825,95.54
14,49,4.1271,1.3614,24.895,2.1248,1.4311,0.05286,1.8854,95.69
14,50,4.1417,1.6615,25.387,2.1539,1.402,0.05175,1.8768,95.25
14,51,4.1163,1.5977,25.282,2.0169,1.4249,0.05463,1.8686,94.84
14,52,4.1548,1.486,25.935,2.2248,1.3517,0.05192,1.8601,94.4
14,53,4.1405,1.5066,25.055,2.1202,1.4902,0.05041,1.8856,95.7
14,54,4.1426,1.5865,24.113,2.1799,1.4195,0.04906,1.8541,94.1
14,55,4.164,1.5925,24.34,2.1722,1.3774,0.05306,1.8587,94.33
14,56,4.1455,1.5658,24.421,2.1917,1.416,0.05646,1.8654,94.67
14,57,4.1508,1.4309,23.775,2.1396,1.4218,0.05331,1.8566,94.22
14,58,4.1465,1.4495,23.902,2.135,1.3235,0.05468,1.8596,94.38
14,59,4.1051,1.5436,24.978,2.1817,1.3606,0.05413,1.87,94.91
14,60,4.1789,1.4205,23.518,2.1984,1.3368,0.05431,1.8566,94.23
14,61,4.1408,1.4352,24.388,2.192,1.3969,,1.8343,93.1
14,62,4.1478,1.7623,26.168,2.1573,1.3754,0.05177,1.8554,94.17
14,63,4.1274,1.4147,22.92,2.1544,1.4327,0.05226,1.8503,93.91
14,64,4.1582,1.3893,24.655,2.2342,1.3919,,1.8447,93.62
14,65,4.1673,1.4241,24.414,2.2975,1.3938,0.05316,1.8536,94.07
14,66,4.148,1.5959,24.919,2.1542,1.3568,0.0553,1.8346,93.11
14,67,4.1632,1.563,23.933,2.2025,1.4265,0.05252,1.8449,93.63
14,68,4.163,1.6095,24.988,2.2411,1.2988,0.05323,1.8454,93.66
14,69,4.1564,1.6418,24.873,2.1572,1.2876,,1.8413,93.45
14,70,4.1675,1.3426,25.591,2.1338,1.3613,,1.8377,93.27
14,71,4.1504,1.592,26.437,2.2182,1.3365,0.05444,1.835,93.13
14,72,4.164,1.6243,23.738,2.2183,1.3538,0.05228,1.8452,93.65
14,73,4.1499,1.436,24.95,2.1882,1.3958,0.05422,1.8275,92.75
14,74,4.1712,1.5777,24.976,2.0751,1.3855,0.05206,1.8287,92.81
14,75,4.1555,1.6712,26.579,2.1474,1.2911,0.05465,1.8231,92.52
14,76,4.1158,1.5094,25.401,2.1306,1.3062,0.05283,1.8237,92.56
14,77,4.1627,1.4724,24.935,2.3416,1.3052,0.05293,1.8181,92.27
14,78,4.1696,1.5615,26.457,2.2271,1.2546,0.05455,1.8233,92.53
14,79,4.179,1.6276,23.829,2.2921,1.3956,0.05383,1.8113,91.93
14,80,4.1788,1.2754,25.047,2.2783,1.3436,0.0559,1.8133,92.03
14,81,4.1239,1.4151,25.44,2.1764,1.2704,0.05496,1.8128,92.0
14,82,4.1131,1.5209,25.623,2.2182,1.2901,0.0558,1.8059,91.65
14,83,,1.6855,24.414,2.2693,1.3581,0.05266,1.8163,92.18
14,84,4.1902,1.6561,24.385,2.2212,1.3663,0.05162,1.8083,91.78
14,85,4.1456,1.5329,23.588,2.2472,1.3895,0.05476,1.7905,90.87
14,86,4.1556,1.5656,23.776,2.1702,1.3178,0.0536,1.8026,91.48
14,87,4.1567,1.3799,24.728,2.2932,1.3069,0.05714,1.8119,91.96
14,88,4.1708,1.5348,26.099,2.1961,1.4615,0.05604,1.8092,91.82
14,89,4.1309,1.5733,25.591,2.1739,1.2869,0.05527,1.8054,91.63
14,90,4.0937,1.47,26.092,2.1578,1.3956,0.05354,1.8031,91.51
14,91,4.1354,1.7385,24.866,2.1313,1.2562,0.05778,1.785,90.59
14,92,4.1683,,25.105,2.2555,1.2834,0.05632,1.7795,90.31
14,93,4.1719,1.3907,25.336,2.1774,1.2954,0.05541,1.7788,90.28
14,94,4.1373,1.4155,24.671,2.1479,1.3221,0.05998,1.8102,91.87
14,95,4.1598,1.4051,24.863,2.2545,1.2859,0.0572,1.7871,90.7
14,96,4.1504,1.4963,26.02,2.2286,1.3036,0.0594,1.7874,90.71
14,97,4.0938,1.4104,25.366,2.3245,1.2821,0.06027,1.7716,89.91
14,98,4.133,1.4127,26.632,2.2395,1.2494,0.06168,1.7788,90.27
14,99,4.1554,1.7166,25.94,2.3087,1.3178,0.05835,1.7797,90.32
14,100,4.1345,1.5294,24.918,2.2828,1.3374,0.05864,1.7743,90.05
14,101,4.1846,1.6415,25.216,2.2812,1.3828,0.05522,1.7778,90.22
14,102,4.1147,1.6233,25.377,2.2519,1.2485,0.05906,1.7868,90.68
14,103,4.0976,1.6546,26.853,2.2195,1.3541,0.05895,1.7584,89.24
14,104,4.1666,1.496,25.657,2.1854,1.2445,0.05982,1.766,89.63
14,105,4.1292,1.7447,27.071,2.2884,1.232,0.05738,1.7692,89.79
14,106,4.1345,1.4035,24.199,2.1294,1.308,0.05312,1.7562,89.13
14,107,4.1492,1.4294,24.331,2.2627,1.2577,0.05821,1.7583,89.24
14,108,4.1288,1.4746,25.256,2.3674,1.3056,0.05897,1.7506,88.85
14,109,4.1365,1.4834,25.312,2.3099,1.2698,0.05728,1.7519,88.91
14,110,4.1179,1.5373,25.074,2.3628,1.4273,0.05706,1.7511,88.87
14,111,4.156,1.4848,24.518,2.3786,1.3277,0.05896,1.7554,89.09
14,112,4.1489,1.511,24.576,2.2457,1.3546,0.0598,1.7627,89.46
14,113,4.1733,1.4981,26.144,2.2918,1.3853,0.06007,1.7476,88.69
14,114,4.1242,1.5153,24.806,2.1984,1.3029,0.05761,1.7475,88.69
14,115,4.126,1.5235,25.414,2.3872,1.3174,0.06302,1.7409,88.35
14,116,4.1474,1.4714,24.909,2.4136,1.2443,0.05446,1.7397,88.29
14,117,4.0771,1.4034,24.601,2.2892,1.1778,0.06143,1.7356,88.08
14,118,4.1237,1.4788,26.051,2.3111,1.335,0.05844,1.7243,87.51
14,119,4.1368,1.6414,26.258,2.3101,1.2889,0.05921,1.7336,87.98
14,120,4.1769,1.4889,25.135,2.2657,1.2971,0.05516,1.7387,88.24
14,121,4.1476,1.455,25.547,2.4211,1.2911,0.05504,1.7323,87.92
14,122,4.1188,1.4218,25.453,2.2799,1.328,0.05746,1.7202,87.3
14,123,4.1301,1.5594,25.665,2.1539,1.2749,0.05946,1.7279,87.69
14,124,4.1423,1.5475,25.796,2.3809,1.3291,0.06043,1.7345,88.03
14,125,4.108,1.3765,25.343,2.2783,1.1496,0.0587,1.7428,88.45
14,126,4.1218,1.4257,25.457,2.3115,1.3025,0.05884,1.7264,87.62
14,127,4.0956,1.4586,26.834,2.2443,1.2333,0.05773,1.7287,87.73
14,128,4.1259,1.604,25.646,2.2896,1.1982,0.05891,1.7131,86.94
14,129,4.1404,1.6161,25.655,2.3381,1.3006,0.06068,1.7054,86.55
14,130,4.0959,1.4777,25.159,2.3501,1.1904,0.0635,1.727,87.65
14,131,4.1648,1.5148,25.149,2.3534,1.3098,0.05929,1.7183,87.21
14,132,4.0749,1.5512,26.878,2.24,1.2368,0.06014,1.6959,86.07
14,133,4.1766,1.5709,26.399,2.3691,1.194,0.06236,1.7253,87.56
14,134,4.1154,1.6569,25.861,2.3874,1.3141,0.05757,1.6998,86.27
14,135,4.1483,1.6645,26.023,2.3477,1.2892,0.06295,1.6886,85.7
14,136,4.1427,1.4788,25.801,2.3366,1.2043,0.05983,1.7016,86.36
14,137,4.0961,1.5649,,2.3213,1.2852,0.0621,1.72,87.29
14,138,4.1313,1.4553,26.995,2.3548,1.2074,0.06224,1.6932,85.93
14,139,4.1239,1.4938,24.999,2.2808,1.3622,0.06186,1.6908,85.81
14,140,4.1019,1.5775,25.262,2.267,1.2382,0.06172,1.6928,85.91
14,141,4.0943,1.4742,25.285,2.2982,1.2519,0.06637,1.691,85.82
14,142,4.1646,1.4532,26.988,2.3489,1.2898,0.06296,1.703,86.43
14,143,4.1336,1.5796,24.397,2.3312,1.2783,0.06271,1.6876,85.65
14,144,4.0964,1.5523,25.714,2.3278,1.2009,0.06411,1.6922,85.88
14,145,4.1209,1.7678,26.44,2.4141,1.2464,0.06169,1.6892,85.73
14,146,4.1203,1.2023,25.613,2.3641,1.2167,0.06234,1.676,85.06
14,147,4.1485,1.4816,24.964,2.38,1.2309,0.06192,1.6726,84.88
14,148,4.1133,1.6837,26.372,2.3466,1.2681,0.06282,1.6769,85.11
14,149,4.1167,1.5931,25.544,2.2817,1.2711,0.06589,1.6819,85.36
14,150,4.117,1.4686,26.469,2.368,1.3868,0.0624,1.668,84.65
14,151,4.1529,1.5867,25.946,2.3588,1.2254,0.06539,1.687,85.62
14,152,4.1076,1.4889,24.43,2.4086,1.2705,0.06197,1.6658,84.54
14,153,4.0716,1.5258,25.766,2.3628,1.2243,0.06321,1.6791,85.22
14,154,4.108,1.6867,25.609,2.4959,1.1832,0.06396,1.6658,84.54
14,155,4.103,1.6891,26.523,2.3496,1.284,0.06157,1.6715,84.83
14,156,4.1239,1.6196,26.274,2.3571,1.1984,0.06598,1.6605,84.27
14,157,,1.412,26.989,2.323,1.2247,0.06654,1.6649,84.5
14,158,4.09,1.4018,27.274,2.3054,1.1824,0.06471,1.6654,84.52
14,159,4.1228,1.3477,25.557,2.4111,1.2405,0.06294,1.6574,84.11
14,160,4.1133,1.3665,26.787,2.3825,,0.06209,1.649,83.69
14,161,4.0685,1.5835,25.39,2.3988,1.2287,0.06625,1.6501,83.75
14,162,4.1352,1.6906,26.379,2.3952,1.1743,0.06246,1.6553,84.01
14,163,4.1218,1.6069,25.612,,1.1914,0.06296,1.6616,84.33
14,164,4.1455,1.3913,25.237,2.5546,1.2437,0.06321,1.6448,83.47
14,165,4.0639,1.5364,26.606,2.4743,1.0989,0.06215,1.6387,83.17
14,166,4.175,1.6312,26.448,2.3109,1.0881,0.065,1.6445,83.46
14,167,4.0982,1.4794,25.381,2.3277,1.2619,0.06327,1.6427,83.37
14,168,4.1034,1.61,25.466,2.4472,1.1612,0.06484,1.6393,83.2
14,169,4.0797,1.6119,26.966,2.4075,1.1871,0.06953,1.6527,83.88
14,170,4.1086,1.4851,26.143,2.4501,1.1735,0.06118,1.6375,83.11
14,171,4.0761,1.6147,26.189,2.4504,1.1393,0.06445,1.6398,83.22
14,172,4.0655,1.6592,24.955,2.4623,1.2041,0.06524,1.631,82.78
14,173,4.1101,1.4779,26.288,2.4418,1.1355,0.06645,1.6345,82.96
14,174,4.0535,1.5938,25.866,2.3511,1.1712,0.06509,1.6088,81.65
14,175,4.0603,1.2901,26.439,2.3777,1.2245,0.06513,1.62,82.22
14,176,4.0977,1.5317,26.225,2.3772,1.116,0.06765,1.6288,82.66
14,177,4.1418,1.4602,25.49,2.3717,1.1698,,1.6367,83.07
14,178,4.0629,1.5327,23.351,2.403,1.1234,0.06792,1.614,81.92
14,179,4.1262,1.4853,,2.3605,1.1881,0.06319,1.6285,82.65
14,180,4.0907,1.587,24.839,2.3555,1.0775,0.06864,1.6293,82.69
14,181,4.1128,1.5348,26.588,2.3941,1.1571,0.06654,1.6149,81.96
14,182,4.1089,1.8647,27.967,2.3091,1.1597,0.06603,1.6175,82.09
14,183,4.0898,1.5832,24.426,2.3263,1.2718,0.06706,1.6225,82.35
14,184,4.1033,1.4012,25.863,2.3338,1.1205,0.06625,1.6023,81.32
14,185,4.1084,1.6044,26.325,2.4706,1.1195,0.06573,1.6173,82.08
14,186,4.0893,1.5262,26.132,2.499,1.225,0.06607,1.6097,81.69
14,187,4.0781,1.4204,,2.4828,1.1012,0.06593,1.5904,80.72
14,188,4.0988,1.5228,26.915,2.4592,1.1821,0.06448,1.5907,80.73
14,189,4.1187,1.4637,24.922,2.4791,1.123,0.06981,1.5956,80.98
14,190,4.0876,1.6921,25.468,2.5182,1.1196,,1.5985,81.13
14,191,4.0834,1.4372,25.921,2.3731,1.2483,,1.5981,81.1
14,192,4.1193,1.5724,26.282,2.4468,1.1794,0.06824,1.604,81.41
14,193,4.0477,1.71,24.46,2.4511,,0.06848,1.5802,80.2
14,194,4.1015,1.5538,28.601,2.4488,1.2091,0.06528,1.5817,80.27
14,195,4.0979,1.5616,26.641,2.5437,1.1579,0.06683,1.597,81.05
14,196,4.1122,1.5831,25.227,2.4755,1.0853,0.0694,1.582,80.29
14,197,4.0843,1.4642,27.536,2.4709,1.2002,0.07443,1.5785,80.11
14,198,4.1284,1.4458,27.315,2.3996,1.1365,0.06983,1.5834,80.36
14,199,4.0586,1.4258,26.788,2.4275,1.0673,0.06874,1.5866,80.52
14,200,4.0944,1.5935,26.885,2.4061,1.1129,0.07086,1.5782,80.1
14,201,4.0797,1.3496,26.209,2.4752,1.0319,0.06698,1.5728,79.82
14,202,4.1088,1.3008,26.122,2.5003,1.1361,0.06836,1.5639,79.37
14,203,4.1146,1.5175,24.666,2.5267,1.1492,0.06929,1.5761,79.99
14,204,4.0807,1.4255,25.386,2.4535,1.095,0.06854,1.5555,78.94
14,205,4.0941,1.4713,25.928,2.4342,1.1142,0.07077,1.5753,79.95
14,206,4.1238,1.6011,24.403,2.47,1.1726,0.0705,1.5591,79.13
14,207,4.0853,1.5524,27.163,2.3815,1.09,0.07312,1.5622,79.28
14,208,4.1246,1.8895,26.57,2.3962,1.1063,0.07216,1.5638,79.37
14,209,4.1427,1.5269,26.931,2.4263,0.9953,0.07,1.5715,79.76
14,210,4.1016,1.3057,25.695,2.489,1.1317,0.07011,1.5504,78.69
14,211,4.1243,1.4495,27.759,2.5783,1.1124,0.07041,1.5726,79.81
14,212,4.0685,1.4663,27.559,2.5023,1.0845,0.06859,1.5553,78.94
14,213,4.0801,1.6415,26.038,2.5327,1.1186,0.07085,1.5477,78.55
14,214,4.1048,1.3636,25.537,2.4654,1.129,0.07341,1.5601,79.18
14,215,4.1258,1.4474,26.087,2.4636,1.0663,0.07312,1.5504,78.69
14,216,4.0702,1.6702,26.546,2.5506,1.2084,0.07108,1.5258,77.44
14,217,4.1428,1.5808,26.663,2.5392,1.1654,0.07096,1.5554,78.94
14,218,4.1248,1.5002,27.571,2.5042,1.1918,0.06946,1.5402,78.17
14,219,4.1028,1.3972,26.598,2.5836,1.0085,0.07208,1.5353,77.92
14,220,4.0804,1.4217,26.336,2.4407,1.1044,0.07085,1.5498,78.66
14,221,4.0922,1.7226,27.181,2.575,1.174,0.07035,1.5341,77.86
14,222,4.0695,1.3554,26.775,2.4326,1.1194,0.06853,1.5385,78.08
14,223,4.0404,1.6143,,2.4684,1.1494,0.07112,1.5357,77.94
14,224,4.0742,,27.636,2.55,1.0678,0.0743,1.5332,77.81
14,225,4.0602,1.5184,27.56,,1.1315,0.07189,1.5231,77.3
14,226,4.1057,1.4376,28.466,2.4937,,0.07521,1.525,77.4
14,227,4.1076,1.2997,26.13,2.5296,1.14,0.07378,1.5279,77.54
14,228,4.1039,1.5912,25.131,2.5939,1.0435,0.07299,1.53,77.65
14,229,4.0781,1.4016,25.079,2.4497,1.1237,0.06959,1.5241,77.35
14,230,4.087,1.4112,26.219,2.5175,1.0922,0.07051,1.5136,76.82
14,231,4.086,1.3819,26.802,2.4708,1.0849,0.07417,1.5198,77.13
14,232,,1.6297,27.666,2.5403,1.1312,0.07361,1.5154,76.91
14,233,4.0553,1.5096,26.738,2.5407,1.0305,0.07698,1.5015,76.2
14,234,4.0745,1.4546,25.951,2.5124,1.0742,0.07291,1.5121,76.74
14,235,4.0711,1.5249,27.502,2.5103,1.1022,0.07064,1.5242,77.35
14,236,4.0769,1.5076,26.194,2.5322,1.0769,0.0719,1.4988,76.07
14,237,4.0788,1.413,26.256,2.5583,1.0653,0.07249,1.5029,76.27
14,238,4.0476,1.5199,28.501,2.5626,0.9971,0.07497,1.4979,76.02
14,239,4.0723,1.4652,28.444,2.4624,1.078,0.07231,1.4971,75.98
14,240,4.0793,1.6865,27.678,2.4897,1.2099,0.07491,1.5071,76.49
14,241,4.0767,1.6119,27.5,2.5641,1.1076,,1.4948,75.87
14,242,4.1238,1.7726,,2.5389,1.0595,,1.4905,75.65
14,243,4.016,1.7201,28.122,2.4374,1.101,0.07414,1.4938,75.81
14,244,4.0825,1.3275,,2.5448,1.0588,0.07155,1.4918,75.71
14,245,4.0962,1.5856,26.859,2.7028,1.0083,0.07595,1.495,75.87
14,246,4.1196,1.5833,27.533,2.574,0.9993,0.07278,1.4914,75.69
14,247,4.0928,1.565,26.877,2.6284,0.9501,0.07205,1.4853,75.38
14,248,4.0986,1.5256,27.78,2.5433,1.0932,0.07451,1.4656,74.38
14,249,4.0745,1.5779,,2.452,1.0439,0.07528,1.4869,75.46
14,250,4.0576,,28.192,2.5475,1.1665,0.07606,1.4821,75.22
15,1,4.2131,1.36,22.403,2.0791,,0.04569,1.9439,100.04
15,2,4.1922,1.3227,24.036,2.138,1.4899,0.04262,1.9458,100.14
15,3,4.1926,1.7159,22.73,2.0836,1.4303,0.04638,1.9351,99.59
15,4,4.1724,1.5764,25.052,2.0533,1.4103,0.04833,1.9398,99.83
15,5,4.1918,1.4178,24.75,2.1876,1.4697,0.04579,1.9391,99.8
15,6,,1.372,24.023,2.0482,1.4878,0.04394,1.9213,98.88
15,7,4.153,1.5236,22.806,2.0791,1.4554,0.0462,1.9259,99.12
15,8,4.1928,1.4654,24.228,1.9611,1.4017,0.04518,1.9114,98.37
15,9,4.1891,1.5169,23.389,2.0065,1.4829,0.04748,1.933,99.48
15,10,4.2182,,24.167,1.9743,1.4749,0.04914,1.921,98.86
15,11,4.1961,1.6746,23.79,2.107,1.5383,0.04678,1.9084,98.21
15,12,4.1303,1.5735,24.646,2.0,1.4135,,1.9204,98.83
15,13,4.2019,1.5392,24.248,2.0723,1.4717,0.04817,1.909,98.25
15,14,4.1631,1.6508,24.875,2.107,1.4617,0.04768,1.9131,98.46
15,15,4.1793,1.6991,24.595,2.0929,1.4197,0.04779,1.8916,97.35
15,16,4.2055,1.3988,23.709,2.0525,1.5431,0.04654,1.902,97.89
15,17,4.1201,,24.498,2.1224,1.416,0.04585,1.8966,97.61
15,18,4.2393,1.6407,25.632,2.1974,1.5631,0.04656,1.9132,98.47
15,19,4.2173,1.3871,23.27,2.035,1.4372,0.04331,1.8887,97.2
15,20,4.1554,1.3595,24.921,2.0982,,0.04834,1.8817,96.84
15,21,4.1953,1.5574,24.066,1.9979,1.4675,0.045,1.8889,97.21
15,22,4.1721,1.3401,24.279,2.112,1.4506,0.04793,1.891,97.32
15,23,4.1844,1.4209,23.321,2.1439,1.4833,0.04897,1.8801,96.76
15,24,4.1207,1.6814,22.942,2.1403,1.541,0.04818,1.8811,96.81
15,25,4.1782,1.5275,26.214,2.0562,1.3863,0.04734,1.8825,96.88
15,26,4.1539,1.5555,25.235,,1.4871,0.05096,1.8915,97.34
15,27,4.1564,1.5217,24.079,2.2622,1.4042,0.04921,1.8774,96.62
15,28,4.1707,1.4697,24.84,2.1565,1.4953,0.05104,1.8603,95.74
15,29,4.1433,1.4051,24.476,2.1247,1.4389,0.04741,1.8692,96.2
15,30,4.1297,1.4336,23.419,,1.4899,0.04802,1.8786,96.68
15,31,4.1827,1.4644,24.635,2.1343,1.3659,0.04779,1.8654,96.0
15,32,4.1977,1.6586,,2.1502,1.4004,0.04871,1.8648,95.97
15,33,4.155,1.5509,24.801,2.0531,1.4724,0.04529,1.8585,95.65
15,34,4.1934,1.578,24.216,2.2438,1.3937,0.04508,1.855,95.47
15,35,4.1198,1.4055,24.805,2.0996,1.4444,0.04688,1.8578,95.61
15,36,4.1215,1.6636,24.248,2.2208,1.3723,0.05317,1.8585,95.65
15,37,4.1185,1.5107,25.444,2.1799,1.4662,,1.8414,94.77
15,38,4.1821,1.5168,23.908,2.1452,1.4036,0.05239,1.8399,94.69
15,39,4.1484,1.422,25.892,2.0977,1.47,0.04762,1.8398,94.68
15,40,4.1686,1.654,25.536,2.1424,1.3788,0.05305,1.8454,94.97
15,41,4.1049,1.2831,22.94,2.1762,1.5116,0.04584,1.8337,94.37
15,42,4.1633,,24.104,2.1781,1.3861,0.05525,1.8299,94.18
15,43,4.1695,1.5166,24.204,2.2009,1.3409,0.04616,1.8348,94.43
15,44,4.1806,1.4369,24.601,2.073,1.4493,0.05158,1.8299,94.17
15,45,4.164,1.3395,23.268,2.1408,1.4203,0.05153,1.8287,94.11
15,46,4.1779,1.6774,24.694,2.1691,1.3813,0.05027,1.823,93.82
15,47,4.2014,1.6169,25.364,2.1249,1.3461,0.05142,1.8247,93.91
15,48,4.2015,1.2129,26.189,2.1783,1.4371,0.04728,1.8308,94.22
15,49,4.1785,1.3664,22.117,2.1767,1.3836,0.05376,1.8164,93.48
15,50,4.1553,1.5912,25.536,2.116,1.4316,0.04996,1.8144,93.38
15,51,4.1738,1.6091,24.998,2.0956,1.2893,0.05074,1.8133,93.32
15,52,4.1678,1.5368,24.663,2.1803,,0.0528,1.8184,93.58
15,53,4.1473,1.5604,23.335,2.1747,1.3742,0.05388,1.8148,93.4
15,54,,1.4612,22.773,2.1533,1.3862,0.05178,1.8039,92.84
15,55,4.1426,1.4694,23.722,2.0488,1.37,0.05011,1.8043,92.86
15,56,4.1003,1.5433,26.421,2.1589,1.3754,0.05257,1.8091,93.1
15,57,4.1441,1.3876,25.071,2.0579,1.4138,0.05106,1.8019,92.74
15,58,4.1408,1.6804,25.112,2.1556,1.3515,0.05166,1.7954,92.4
15,59,4.1205,1.6388,25.329,2.2674,1.4042,0.05209,1.812,93.25
15,60,,1.5996,25.982,2.1837,1.3463,0.05091,1.7984,92.56
15,61,4.1306,1.4672,23.919,2.2112,1.3266,0.04975,1.7913,92.19
15,62,4.1378,1.4517,24.887,2.1743,1.377,0.05334,1.7763,91.42
15,63,4.104,1.3742,25.049,2.1972,1.4098,0.04947,1.7886,92.05
15,64,4.1438,1.5296,24.832,2.2157,1.3504,0.05542,1.7763,91.42
15,65,4.1228,1.5152,25.437,2.223,1.3389,0.05331,1.7911,92.18
15,66,4.1498,1.3347,25.0,2.1256,1.3577,0.05356,1.7624,90.7
15,67,4.1341,1.4848,25.731,2.1678,1.3526,0.05193,1.7731,91.26
15,68,4.1513,1.4185,24.724,2.1801,1.4215,0.05307,1.7782,91.51
15,69,4.1614,1.7247,26.055,2.1324,1.3307,0.05322,1.7564,90.39
15,70,4.158,1.4692,24.071,2.2566,1.2893,0.0518,1.7648,90.83
15,71,4.1634,1.5234,25.587,2.1553,1.2782,0.05263,1.7534,90.24
15,72,4.1528,1.3089,25.018,2.1501,1.3088,0.05599,1.7585,90.5
15,73,4.1552,1.5492,24.28,2.1806,1.3954,0.05769,1.74,89.55
15,74,4.1938,1.4281,23.538,2.2037,1.3805,0.05017,1.7634,90.75
15,75,4.1259,1.554,25.147,2.164,1.3425,,1.745,89.81
15,76,4.1142,1.4934,24.264,2.2536,1.3314,0.05367,1.7465,89.88
15,77,4.1549,1.4674,24.418,2.1416,1.3328,0.05486,1.7615,90.66
15,78,4.1108,1.4498,23.997,2.22,1.3344,0.05412,1.7296,89.01
15,79,4.1298,1.5063,24.153,2.2346,1.333,0.05208,1.7468,89.9
15,80,4.1431,1.5457,25.269,2.1769,1.3638,0.05565,1.7386,89.48
15,81,4.115,1.4344,23.716,2.2351,1.3814,0.05756,1.7316,89.12
15,82,4.1628,1.5224,23.094,2.205,1.2973,0.05726,1.7261,88.84
15,83,4.1567,1.4996,23.839,2.1937,1.3946,0.05461,1.7254,88.8
15,84,,1.4588,23.932,2.1584,1.3929,0.05538,1.7371,89.4
15,85,4.1626,1.2983,24.117,,1.4381,0.05683,1.7135,88.19
15,86,4.142,1.6233,26.317,2.2178,1.3022,0.05366,1.721,88.57
15,87,4.1665,1.2804,24.463,2.161,1.3215,0.05296,1.7277,88.92
15,88,4.1685,1.4933,25.0,2.2634,1.3557,0.05472,1.7093,87.97
15,89,4.1301,1.6431,25.185,2.2213,1.327,0.05934,1.7142,88.22
15,90,,1.7467,26.44,2.3115,1.2816,0.0546,1.7155,88.29
15,91,4.1632,1.5229,23.679,2.3161,1.2833,0.05549,1.6978,87.38
15,92,4.1509,1.574,25.154,2.2207,1.4303,0.05363,1.6978,87.38
15,93,4.1559,1.3922,24.116,2.3151,1.3292,,1.7017,87.58
15,94,4.1204,1.4838,25.045,2.2993,1.3204,0.05442,1.7064,87.82
15,95,4.0953,,24.197,2.1987,1.395,0.05346,1.7088,87.94
15,96,4.1496,1.458,25.226,2.3392,1.3256,0.05558,1.6935,87.15
15,97,4.1496,1.5907,25.29,2.2766,1.3106,0.05646,1.6965,87.31
15,98,,1.5497,23.571,2.2078,1.2654,0.05636,1.6902,86.99
15,99,4.2155,1.2198,25.095,2.2622,1.2828,0.05797,1.7022,87.61
15,100,4.126,1.5185,25.667,2.2886,1.2968,0.05583,1.6913,87.04
15,101,4.1435,1.6066,24.934,2.2722,1.3009,0.0533,1.7102,88.02
15,102,4.1157,1.4432,24.3,2.2683,1.3513,0.0575,1.6795,86.43
15,103,4.1079,1.4702,24.068,2.2863,1.346,0.05621,1.6733,86.11
15,104,4.1225,1.44,25.328,2.2293,1.239,0.05424,1.6809,86.51
15,105,4.1594,1.6006,26.574,2.2307,1.32,0.05539,1.6783,86.37
15,106,4.1734,1.5757,26.692,2.2368,,0.05589,1.681,86.51
15,107,4.1386,1.5192,24.928,2.2458,1.2908,0.05752,1.6731,86.11
15,108,4.084,1.4447,24.124,2.2281,1.2476,0.05767,1.6612,85.49
15,109,4.1857,1.365,26.113,2.2702,1.2351,0.05926,1.6626,85.57
15,110,4.1103,1.7313,23.842,2.2671,1.2761,0.06102,1.6619,85.53
15,111,4.1966,1.6077,23.567,2.1966,1.2766,0.05603,1.6599,85.42
15,112,4.1183,1.3733,24.42,2.3362,1.1639,0.06053,1.665,85.69
15,113,4.1209,1.3484,25.619,2.2575,1.1887,0.06238,1.6667,85.78
15,114,4.0919,1.5513,25.375,2.3795,1.2388,0.05794,1.6486,84.85
15,115,4.1332,1.5449,25.651,2.3013,1.238,0.06047,1.6559,85.22
15,116,4.1479,1.6839,25.071,2.4383,1.2195,0.05751,1.6479,84.81
15,117,4.1384,1.5262,26.09,2.3105,1.3587,0.05893,1.6527,85.05
15,118,4.1131,1.5743,25.894,2.3109,1.2076,0.06138,1.6391,84.35
15,119,4.1272,1.7351,26.403,2.4314,1.2785,0.05955,1.659,85.38
15,120,4.1152,1.5669,26.585,2.3504,1.2488,0.0598,1.6478,84.8
15,121,4.1437,1.6082,25.853,2.2539,1.2149,0.06044,1.6446,84.64
15,122,4.1426,1.4373,25.268,2.2349,1.1769,0.0598,1.6428,84.55
15,123,4.1271,,25.642,2.3088,1.1962,0.05907,1.6446,84.64
15,124,4.0856,1.3778,25.41,2.2668,1.2127,0.0607,1.6217,83.46
15,125,4.1258,1.6205,26.392,2.3444,1.2323,0.05875,1.6164,83.19
15,126,4.1646,1.5517,25.488,2.348,1.239,0.06057,1.6257,83.67
15,127,4.1125,1.6386,24.13,2.3451,1.2104,0.05643,1.622,83.48
15,128,4.1215,1.5314,26.166,2.3675,1.1532,0.06112,1.6137,83.05
15,129,4.1274,1.5796,24.098,2.2603,1.301,0.05992,1.6249,83.63
15,130,4.0895,1.7072,25.32,2.3723,1.2196,0.06083,1.6345,84.12
15,131,4.1057,1.6158,25.498,2.3346,1.0962,0.06005,1.619,83.32
15,132,4.138,1.6262,25.778,2.426,1.2426,0.05952,1.6219,83.47
15,133,4.1432,1.5955,25.388,2.3447,1.2949,0.06192,1.6162,83.18
15,134,,1.4391,24.931,2.205,1.3123,0.05933,1.5952,82.09
15,135,4.0707,1.6242,25.696,2.3121,1.2025,0.06238,1.5981,82.25
15,136,4.0691,1.3654,24.396,2.3515,1.2628,0.06425,1.5983,82.26
15,137,4.1339,1.4467,27.919,2.4209,1.2967,0.06304,1.5867,81.66
15,138,4.1078,1.4488,24.954,2.3754,1.2925,0.06085,1.6004,82.36
15,139,4.0804,1.5502,26.712,2.418,1.2789,0.06251,1.5891,81.78
15,140,4.1491,1.3878,25.193,2.4453,1.1562,0.06173,1.5932,81.99
15,141,4.1186,1.6591,27.103,2.3731,1.2788,0.06006,1.5951,82.09
15,142,4.1762,1.7545,24.988,2.3462,1.2123,0.06287,1.5864,81.64
15,143,4.1616,1.5259,26.645,2.3867,1.206,0.05876,1.5954,82.11
15,144,4.1303,1.5684,25.025,2.4676,1.2121,0.06,1.591,81.88
15,145,4.1317,1.6066,25.498,2.3818,1.2304,0.06268,1.57,80.8
15,146,4.1383,1.6224,26.353,2.3055,1.13,0.06267,1.5724,80.92
15,147,4.1399,1.5922,25.514,2.308,1.1977,0.06263,1.5831,81.47
15,148,4.1014,1.4746,27.39,2.4513,1.1529,0.0657,1.5821,81.42
15,149,4.1021,1.4839,25.707,2.3992,1.1951,0.06411,1.5619,80.38
15,150,4.1219,1.532,24.728,2.3925,1.1944,0.06157,1.5652,80.55
15,151,4.102,1.4933,27.211,2.491,1.0513,0.0641,1.5626,80.42
15,152,4.1062,1.6342,27.308,2.2842,,0.06715,1.5713,80.87
15,153,4.1083,1.4691,26.64,2.4417,1.1899,0.06342,1.5513,79.84
15,154,4.1463,1.4807,25.711,2.431,1.1886,0.06549,1.5451,79.52
15,155,4.1153,1.5605,25.034,2.3639,1.2366,0.0618,1.5613,80.35
15,156,4.0878,1.5418,27.044,2.4088,1.0685,0.06502,1.5483,79.69
15,157,4.1221,1.5056,25.202,2.3735,1.154,0.06446,1.5481,79.67
15,158,4.0808,1.6115,26.917,2.415,1.1406,0.06248,1.5422,79.37
15,159,4.1307,1.4248,26.525,,1.2335,0.06621,1.5414,79.33
15,160,4.0713,1.5972,26.129,2.3607,1.2408,0.0639,1.5489,79.71
15,161,4.1357,1.4755,25.439,2.3184,1.1272,0.06285,1.5379,79.15
15,162,4.0816,1.3014,25.948,2.3491,1.1682,0.067,1.5447,79.5
15,163,4.1444,1.5163,26.781,2.3568,1.1712,0.06269,1.5379,79.15
15,164,4.1006,1.3652,25.934,2.3742,1.1735,0.06205,1.5285,78.66
15,165,4.1482,1.7031,27.747,2.3957,1.1458,0.06578,1.5382,79.16
15,166,4.0618,1.6232,25.952,2.3079,1.1339,0.0645,1.5283,78.65
15,167,4.1054,,25.2,2.3887,1.114,0.06755,1.5279,78.64
15,168,4.0958,1.6512,27.257,2.4887,1.0725,0.06613,1.521,78.28
15,169,4.1027,1.5333,27.097,2.464,1.1996,0.06569,1.5253,78.5
15,170,4.0935,1.3316,25.626,2.4056,1.2228,0.06438,1.5389,79.2
15,171,4.0661,1.6554,26.293,2.3887,1.2581,0.06766,1.5223,78.34
15,172,4.0999,,28.072,2.4642,1.0535,0.0683,1.5077,77.59
15,173,4.1352,1.4392,26.394,2.3721,1.1268,0.067,1.5085,77.64
15,174,4.161,1.4028,25.105,2.4506,1.206,0.06523,1.5007,77.23
15,175,4.0782,1.4026,26.23,2.4108,,0.06673,1.5003,77.21
15,176,4.0906,1.4378,26.162,2.4122,1.1554,0.0647,1.5131,77.87
15,177,4.0709,1.4737,26.996,2.3498,1.1929,0.06342,1.5093,77.67
15,178,4.0626,1.5407,26.769,2.499,1.1938,0.06809,1.4891,76.64
15,179,4.0784,1.6214,27.431,2.3611,1.1977,0.06264,1.4928,76.82
15,180,4.0964,1.5025,26.188,2.3728,1.1564,0.06672,1.5002,77.21
15,181,4.1383,1.5424,25.568,2.3573,1.2184,0.06986,1.5022,77.31
15,182,4.0996,1.6251,27.378,2.3906,1.1329,0.06463,1.4994,77.17
15,183,4.1363,1.6569,26.492,2.2689,1.0943,0.06716,1.4889,76.63
15,184,4.098,1.5567,25.849,2.4322,1.1175,0.06567,1.4859,76.47
15,185,4.0848,1.2572,27.355,2.3822,1.173,0.06584,1.5,77.2
15,186,,1.6479,26.239,2.3967,,0.06656,1.4875,76.55
15,187,4.0808,1.8723,25.234,2.4546,1.103,0.07111,1.4651,75.4
15,188,4.0979,1.6105,26.245,2.3954,1.1141,0.06694,1.4693,75.62
15,189,4.1182,1.5767,26.801,2.4627,1.1632,0.07029,1.4734,75.83
15,190,4.115,1.373,24.325,2.5545,1.0967,0.0683,1.4712,75.72
15,191,4.0623,1.4431,26.738,2.4167,1.0924,0.06643,1.4614,75.21
15,192,4.1153,1.4707,26.816,2.4331,1.0962,,1.4781,76.07
15,193,4.0708,1.5892,28.421,2.4612,1.1117,0.06799,1.4716,75.74
15,194,4.0524,1.7332,27.393,2.4137,1.1092,0.06717,1.468,75.55
15,195,4.0938,1.5567,25.585,2.4257,,0.06733,1.4642,75.35
15,196,4.088,1.8188,27.414,2.4239,1.0938,0.06988,1.4383,74.02
15,197,4.0699,1.5774,27.732,2.4339,1.1749,0.06713,1.4431,74.27
15,198,4.1095,1.5945,27.078,2.5055,1.1003,0.06824,1.4277,73.48
15,199,4.0789,1.4818,24.917,2.3903,1.0882,0.0644,1.4507,74.66
15,200,4.0816,1.5146,26.167,2.3238,1.1678,0.06613,1.434,73.8
15,201,4.058,1.686,26.972,2.4393,1.064,0.06948,1.4412,74.17
15,202,4.0986,1.4645,26.797,2.4992,1.0586,0.06513,1.4354,73.88
15,203,4.0524,1.5399,26.279,2.436,1.024,0.07173,1.4411,74.17
15,204,4.147,1.5348,26.771,2.4758,1.1034,0.07167,1.4371,73.96
15,205,4.0436,1.6334,27.018,2.4764,1.1738,0.07311,1.4473,74.48
15,206,4.0737,1.3878,26.941,2.558,0.9844,0.07189,1.4433,74.28
15,207,4.0416,1.5874,27.316,2.4583,1.0282,0.07326,1.4317,73.68
15,208,4.1154,1.3496,26.648,2.505,1.1219,0.07295,1.4261,73.39
15,209,4.099,1.3674,25.247,2.4492,1.0964,0.07343,1.4226,73.21
15,210,4.0766,1.5682,27.356,2.5298,1.072,0.07035,1.4417,74.19
15,211,4.0798,1.4907,26.425,2.4631,1.0171,0.07205,1.4236,73.26
15,212,4.1315,1.5761,26.302,2.4514,1.0758,0.07155,1.4263,73.4
15,213,4.0474,1.4433,26.502,2.536,0.9955,0.07109,1.4179,72.97
15,214,4.0724,1.4617,25.933,2.5017,1.1253,0.07308,1.4193,73.04
15,215,4.0786,1.269,26.39,2.5322,1.1424,0.06723,1.4062,72.37
15,216,4.0864,1.3382,26.536,2.5358,0.998,0.07119,1.4041,72.26
15,217,4.1167,1.5573,26.161,2.4262,1.0793,0.07376,1.4008,72.09
15,218,4.0709,1.4424,27.791,2.3877,1.1233,0.07041,1.402,72.16
15,219,4.0729,1.5616,26.118,2.5672,1.1137,0.06931,1.4053,72.32
15,220,4.0721,1.5392,27.907,2.4647,1.105,0.07231,1.4089,72.51
15,221,4.0897,1.563,25.801,2.4714,1.0025,0.07097,1.3997,72.04
15,222,4.0946,1.3614,26.279,2.5226,1.0937,0.07034,1.4097,72.55
15,223,4.0782,1.6017,26.986,2.4596,1.1362,0.07156,1.3867,71.37
15,224,4.0627,1.6664,27.345,2.5325,0.9924,0.07407,1.3959,71.84
15,225,4.1041,1.5382,26.686,2.5043,1.1634,0.07092,1.3981,71.95
15,226,4.069,1.4699,27.684,2.4374,1.0148,0.0725,1.3802,71.03
15,227,4.0957,1.7283,27.275,2.5066,1.0896,0.06951,1.3976,71.93
15,228,4.1018,1.5595,27.579,2.4721,1.1021,0.0737,1.3714,70.58
15,229,4.0821,1.576,26.154,2.5008,1.0565,0.07163,1.3825,71.15
15,230,4.0839,1.6348,27.777,2.5591,1.0755,0.07458,1.3687,70.44
15,231,4.0231,1.6738,26.266,2.4601,0.9813,0.07769,1.3788,70.96
15,232,4.0496,1.4528,26.727,2.5622,1.0494,0.07098,1.3794,70.99
15,233,4.0599,1.6606,27.034,2.4862,1.0677,0.07373,1.3761,70.82
15,234,4.093,1.6106,27.902,2.5771,1.0187,0.0697,1.3675,70.38
15,235,4.0828,1.5414,24.461,2.5767,0.9835,0.07457,1.3705,70.53
15,236,4.0675,1.588,26.964,2.5683,1.0361,0.07229,1.3803,71.04
15,237,4.1131,1.5882,27.614,2.5648,1.0715,0.07165,1.3572,69.85
15,238,4.0855,1.6908,,2.5666,0.9902,,1.3628,70.13
15,239,4.0531,1.1877,25.953,2.5879,,0.07316,1.3526,69.61
15,240,4.0983,1.5974,26.987,2.4154,0.9908,0.07467,1.3445,69.2
15,241,4.0763,1.6184,27.158,2.5873,0.9751,0.07147,1.355,69.73
15,242,4.0882,1.5986,27.128,2.5305,1.0272,0.0748,1.3567,69.82
15,243,4.1358,1.426,29.408,2.4766,1.0339,0.07177,1.3541,69.69
15,244,4.0948,1.5405,27.755,2.5287,0.9099,0.07553,1.3508,69.52
15,245,4.0578,1.4875,27.25,2.5075,1.0287,0.07678,1.3463,69.29
15,246,4.1044,1.5563,27.226,2.5328,0.9896,0.07626,1.3602,70.0
15,247,4.078,1.4215,27.966,2.5414,1.0597,0.07323,1.339,68.91
15,248,4.1016,1.4621,25.676,2.5007,1.0452,0.07628,1.3331,68.61
15,249,4.0522,1.6181,28.182,2.561,1.0282,0.07663,1.3308,68.49
15,250,4.0386,1.4573,26.544,2.6145,0.993,,1.3518,69.57
16,1,4.2053,1.3837,23.754,1.9785,1.5114,,2.0041,100.04
16,2,4.179,1.447,23.763,2.1561,1.4219,0.04398,2.0092,100.3
16,3,4.1627,1.5593,24.062,,1.5018,0.04515,1.9983,99.75
16,4,4.1826,1.289,23.257,2.088,1.5502,0.05018,1.9851,99.09
16,5,4.1561,1.5634,25.632,2.152,1.4391,0.04532,1.9894,99.31
16,6,4.2003,1.5719,23.799,2.0961,1.5384,0.04386,1.997,99.69
16,7,4.2016,1.412,24.718,2.1116,1.5336,0.04899,1.9983,99.75
16,8,4.1847,1.1846,24.61,2.1271,1.5537,0.04409,1.985,99.09
16,9,4.2014,1.4232,24.861,2.095,1.4013,0.04725,1.9902,99.35
16,10,4.1336,1.5455,24.122,2.1549,1.4892,0.04776,1.9737,98.53
16,11,4.2006,1.3953,24.165,2.0632,1.5139,0.04683,1.9814,98.91
16,12,4.1662,1.6996,23.028,2.1172,1.5386,0.0476,1.9698,98.33
16,13,4.1976,1.548,23.84,2.0988,1.5148,0.04657,1.9879,99.23
16,14,4.1436,1.5243,23.013,2.0505,1.3507,0.04835,1.9636,98.02
16,15,4.1752,1.722,25.524,2.1082,1.4692,0.0461,1.9762,98.65
16,16,4.1693,1.5682,24.772,2.0681,1.5263,0.04646,1.9689,98.28
16,17,4.1479,1.4701,25.895,2.0304,1.4901,0.04613,1.962,97.94
16,18,4.1859,1.436,24.394,2.1476,1.4726,0.04782,1.9415,96.92
16,19,4.1891,1.4801,22.605,2.1389,1.5188,0.05024,1.9497,97.33
16,20,4.1903,1.5647,25.191,2.0356,1.3838,0.04645,1.9714,98.41
16,21,4.154,1.559,24.781,2.1063,1.3994,0.04821,1.9617,97.93
16,22,4.2127,1.6397,24.123,2.201,1.4745,0.0443,1.9456,97.12
16,23,4.2105,1.4051,24.107,2.0152,1.3961,0.04609,1.9457,97.13
16,24,4.1537,1.7122,24.514,2.1469,1.506,0.04566,1.934,96.54
16,25,4.1879,1.4276,24.773,2.2022,1.3776,0.04729,1.9346,96.57
16,26,4.1551,1.4309,,2.1022,1.4582,0.05003,1.9371,96.7
16,27,4.1958,1.433,23.283,2.0867,1.4715,0.04996,1.9359,96.64
16,28,,1.5946,25.544,2.0591,1.4395,0.0539,1.9452,97.1
16,29,4.1797,1.6116,23.413,2.0696,1.3959,0.04932,1.9379,96.74
16,30,4.1689,1.4672,23.019,2.1645,1.3535,0.04714,1.9255,96.12
16,31,4.1441,1.5289,25.395,2.0206,1.4095,0.04522,1.9154,95.61
16,32,4.1674,1.5968,22.805,2.1488,1.3885,0.04641,1.9185,95.77
16,33,4.1808,1.4929,23.513,2.1112,1.4005,0.05017,1.9213,95.91
16,34,4.19,1.5027,25.309,2.0573,1.5264,,1.9268,96.19
16,35,4.1984,1.42,24.417,2.0612,1.546,0.05284,1.8995,94.82
16,36,4.166,1.6231,24.537,2.1896,1.4139,0.05249,1.9255,96.12
16,37,4.1547,1.4496,24.537,2.1026,1.452,0.04848,1.9069,95.19
16,38,4.2009,1.515,26.249,2.1946,1.5356,0.04944,1.9144,95.56
16,39,4.1448,1.4334,23.626,1.9992,1.4721,0.04596,1.8922,94.46
16,40,4.2166,1.4126,24.685,2.107,1.4665,0.04741,1.9104,95.37
16,41,4.1896,1.5003,23.189,2.2084,1.3558,0.05008,1.8994,94.82
16,42,4.1641,1.8108,25.464,2.1232,1.4505,0.05046,1.9026,94.97
16,43,4.1667,1.4544,24.632,2.1075,1.3223,0.05244,1.8957,94.63
16,44,4.1637,1.4153,23.842,2.078,1.4611,0.05266,1.8883,94.26
16,45,4.1463,1.3036,24.941,2.1014,1.3573,0.05046,1.8905,94.37
16,46,4.1213,1.3412,24.631,2.1049,1.4358,0.05081,1.8851,94.1
16,47,4.138,1.535,25.117,2.1077,1.468,0.04731,1.8936,94.53
16,48,4.1158,1.4189,24.355,2.1987,1.3975,0.04957,1.8761,93.65
16,49,4.1276,1.5446,25.347,2.1263,1.4621,0.04898,1.8678,93.24
16,50,4.1498,1.691,24.936,2.0446,1.4499,0.05469,1.8746,93.58
16,51,4.1346,1.6114,26.317,2.2054,1.3196,0.05263,1.8732,93.51
16,52,4.1327,1.6625,25.17,2.2349,1.3473,0.05204,1.8759,93.64
16,53,4.1623,1.6852,23.717,2.077,1.4431,0.05133,1.863,93.0
16,54,4.1355,1.5142,25.216,2.1721,1.3089,0.05713,1.877,93.7
16,55,4.1217,1.546,25.058,2.222,1.4404,0.05117,1.8668,93.19
16,56,4.1663,1.3113,25.418,2.122,1.4192,0.05041,1.8488,92.29
16,57,4.1343,1.5945,24.3,2.2131,1.3587,0.05138,1.8561,92.66
16,58,4.1577,1.3978,25.136,2.1523,1.4149,0.05193,1.8578,92.74
16,59,4.1432,1.4141,24.946,2.1406,1.4601,0.05222,1.8597,92.84
16,60,4.1384,1.3891,25.445,2.2203,1.3774,0.05278,1.8415,91.93
16,61,4.1741,1.5715,25.378,2.1634,1.35,0.05365,1.8493,92.32
16,62,4.1798,1.6991,25.113,2.1174,1.3395,0.0552,1.8599,92.85
16,63,4.1893,1.4149,26.193,2.1762,1.4096,0.05733,1.8301,91.36
16,64,4.1425,1.4262,23.878,2.1614,1.3474,0.05018,1.8399,91.84
16,65,4.162,1.4022,24.533,2.2676,1.3025,0.05666,1.8383,91.77
16,66,4.1553,1.6634,26.256,2.2138,1.3357,0.05135,1.8321,91.46
16,67,4.1971,1.4641,25.02,2.1249,1.3109,0.05309,1.8304,91.37
16,68,4.1431,1.3327,24.556,2.2824,1.3247,0.05495,1.8299,91.35
16,69,4.1289,1.2811,25.554,2.2467,1.3062,0.05386,1.8023,89.97
16,70,4.1824,1.4618,23.027,2.1384,1.4055,0.0576,1.8372,91.71
16,71,4.1329,1.7986,25.535,2.1217,1.3562,0.05552,1.8246,91.08
16,72,4.1675,1.3182,23.498,,1.3461,0.05431,1.822,90.95
16,73,4.2088,1.4223,24.532,2.1562,1.4139,0.05603,1.8252,91.11
16,74,4.1983,1.426,,2.2891,1.2873,0.05504,1.814,90.55
16,75,4.1669,1.3791,25.209,2.251,1.404,0.05578,1.7933,89.52
16,76,4.1363,1.5025,24.022,2.1928,1.3382,,1.8131,90.51
16,77,4.1134,1.1335,24.238,2.2306,1.2123,0.05471,1.7962,89.66
16,78,4.1155,1.46,25.729,2.1513,1.3523,0.05505,1.8067,90.19
16,79,4.1697,1.5603,24.819,2.3541,1.3954,0.05111,1.7986,89.78
16,80,4.2057,1.3941,24.886,2.2879,1.3765,0.05619,1.7996,89.83
16,81,4.1442,1.4171,25.22,2.191,1.3206,0.05768,1.8061,90.16
16,82,4.1858,,24.908,2.1091,1.446,0.05483,1.7947,89.59
16,83,4.1673,1.5064,24.259,2.2776,1.2061,0.05353,1.7771,88.71
16,84,4.1635,1.7814,25.15,2.2498,1.4737,0.05509,1.7904,89.38
16,85,4.1108,1.7479,24.747,2.2397,1.3482,0.05537,1.7941,89.56
16,86,4.1473,1.7238,27.125,2.2159,1.3096,0.0537,1.7844,89.08
16,87,4.1441,1.6469,25.778,2.3584,1.3253,0.05323,1.8069,90.2
16,88,4.163,1.568,26.366,2.2594,1.4122,0.05605,1.7978,89.74
16,89,4.1531,1.4743,24.873,2.2079,1.3428,0.05477,1.7877,89.24
16,90,4.1495,1.5381,25.304,2.1999,1.3123,0.05246,1.7815,88.93
16,91,4.1144,1.5256,24.551,2.1133,1.4358,0.05546,1.7746,88.59
16,92,4.1254,1.7176,24.444,2.2477,1.2704,0.06124,1.7847,89.09
16,93,4.1589,1.568,25.177,2.2716,1.3869,0.0575,1.7686,88.29
16,94,4.1507,1.7439,25.087,2.131,1.2632,0.05424,1.7695,88.33
16,95,4.1161,1.5114,25.352,2.2593,1.2771,0.05839,1.7587,87.79
16,96,4.1763,1.616,25.012,2.3244,1.3287,0.05812,1.7675,88.23
16,97,4.1332,1.5269,25.091,2.1968,1.2063,0.05525,1.7666,88.19
16,98,4.163,1.6102,25.085,2.2096,1.3014,0.05481,1.7599,87.85
16,99,4.0968,1.6798,26.89,2.2995,,0.05409,1.739,86.81
16,100,4.1503,1.6146,25.889,2.3274,1.4028,0.05619,1.7522,87.47
16,101,4.0841,1.4218,25.278,2.2874,1.3018,0.05613,1.7734,88.53
16,102,4.1205,1.393,,2.3079,1.3622,0.05763,1.7662,88.17
16,103,4.1358,1.3338,25.23,2.3011,1.3507,0.05718,1.7351,86.61
16,104,4.1106,1.6316,25.946,2.2142,1.3266,0.05966,1.7497,87.34
16,105,4.1122,1.5371,25.746,2.215,1.2462,0.05864,1.7419,86.95
16,106,4.186,1.5958,24.42,2.3886,1.3492,0.05371,1.7454,87.13
16,107,4.1196,1.6166,23.52,2.2626,1.3291,0.05217,1.7281,86.27
16,108,4.1531,1.4146,24.271,2.2187,1.1588,0.05731,1.7399,86.85
16,109,4.1005,1.633,25.55,,,0.05957,1.7332,86.52
16,110,4.1203,1.6078,26.067,2.2991,1.3737,0.05675,1.7394,86.83
16,111,4.1106,1.6037,25.238,2.2357,1.3669,0.06194,1.7232,86.02
16,112,4.0954,1.7404,26.009,2.3047,1.2873,0.05684,1.7215,85.94
16,113,4.1461,1.4632,25.658,2.2824,1.2271,0.0618,1.7184,85.78
16,114,4.137,1.5837,24.034,2.2532,1.2041,0.05893,1.7241,86.06
16,115,4.1318,1.6587,24.373,2.2371,1.2986,0.05933,1.7195,85.83
16,116,4.1577,1.7026,25.976,2.1979,1.28,0.0596,1.7039,85.06
16,117,4.161,1.5036,27.092,2.3366,1.2864,0.06088,1.7098,85.35
16,118,4.1494,1.5086,24.898,2.2229,1.1529,0.05951,1.7218,85.95
16,119,4.1181,1.6413,25.508,2.4075,1.2398,0.05734,1.7041,85.07
16,120,4.1441,1.6562,25.152,2.2327,1.3409,0.0565,1.6947,84.6
16,121,4.1113,1.5658,26.392,2.3253,1.2532,0.06231,1.7104,85.38
16,122,4.2172,,23.864,2.359,1.2627,0.06123,1.7022,84.97
16,123,4.126,1.5733,25.129,2.3164,1.1909,0.06055,1.6887,84.3
16,124,4.0933,1.3628,26.275,2.2236,1.3052,0.05999,1.7066,85.19
16,125,4.1604,1.6301,25.88,2.1769,1.2924,0.05786,1.6893,84.33
16,126,4.1235,1.7466,25.605,2.2226,1.3288,0.06157,1.6885,84.29
16,127,4.1601,1.7258,25.082,2.2257,1.2979,0.05972,1.6939,84.56
16,128,4.0944,1.5893,25.965,2.3027,1.1822,0.06278,1.684,84.07
16,129,4.1499,1.267,25.314,2.2707,1.2525,0.06237,1.6851,84.12
16,130,4.122,1.521,24.337,2.2612,1.3051,0.05959,1.6836,84.04
16,131,4.1417,1.6252,25.989,2.2909,1.2414,0.062,1.6873,84.23
16,132,4.1517,1.4598,25.467,2.3171,1.2372,0.05821,1.6588,82.8
16,133,4.135,1.2746,24.285,2.3757,1.2783,0.06156,1.6746,83.59
16,134,4.1376,1.3758,25.349,2.2463,1.2308,0.05902,1.6655,83.14
16,135,4.1301,1.4518,26.434,2.2682,1.2386,0.05997,1.6746,83.6
16,136,4.1349,1.6766,25.91,2.15,1.2169,0.06445,1.6721,83.47
16,137,4.0704,1.5745,26.153,2.2869,1.2216,0.05975,1.6612,82.92
16,138,4.1193,1.3808,25.505,2.2879,1.3071,0.06335,1.6656,83.14
16,139,4.1195,,25.7,2.3799,1.3045,0.0607,1.658,82.77
16,140,4.1509,1.5508,,2.3492,,0.06021,1.6697,83.35
16,141,4.091,1.4805,25.408,2.256,1.2613,0.06146,1.6584,82.79
16,142,4.11,1.4725,24.947,2.3417,1.2305,0.06352,1.6622,82.97
16,143,4.168,1.5762,25.018,2.2781,1.2501,,1.6499,82.36
16,144,4.1376,1.632,25.191,2.3993,1.2389,0.06106,1.6518,82.45
16,145,4.1265,1.441,25.911,2.4334,1.2672,0.06256,1.6433,82.03
16,146,4.1008,1.4607,24.475,2.3635,1.2522,0.06238,1.6441,82.07
16,147,4.1155,1.6831,26.702,2.3496,1.3158,0.06804,1.6328,81.51
16,148,4.1073,1.6054,25.172,2.404,1.2176,0.0635,1.6336,81.55
16,149,4.0933,1.2841,26.717,2.4116,1.244,0.06358,1.6305,81.39
16,150,4.0937,1.4918,24.925,2.257,1.1554,0.0631,1.6142,80.58
16,151,4.1347,1.7702,,2.3482,1.298,0.05996,1.6307,81.4
16,152,4.0894,1.6203,26.103,2.2948,1.1646,0.06076,1.6113,80.43
16,153,4.1499,1.5057,27.259,2.3104,1.2256,0.06381,1.6156,80.65
16,154,4.1171,1.6413,26.461,,1.2409,0.06327,1.6302,81.38
16,155,4.1276,1.6338,25.634,2.3465,1.129,0.05999,1.6146,80.6
16,156,4.1296,,26.96,2.3569,1.1877,0.06314,1.6164,80.69
16,157,4.0854,1.5081,25.456,2.3365,1.2005,0.06361,1.6239,81.06
16,158,4.1086,1.5903,26.143,2.4564,1.1819,,1.622,80.97
16,159,4.1005,1.5837,27.879,2.3157,1.2709,0.0631,1.6172,80.73
16,160,4.1252,1.596,25.914,2.361,1.1578,0.06421,1.6196,80.85
16,161,4.1123,1.3549,25.776,2.4551,1.2355,0.06437,1.605,80.12
16,162,4.0927,1.5139,24.8,2.3549,,0.06371,1.6246,81.1
16,163,4.1284,1.5712,26.706,2.3666,1.1309,0.06419,1.5896,79.35
16,164,4.1044,1.5712,25.624,2.4103,1.1842,0.06327,1.6038,80.06
16,165,4.0961,1.5988,,2.4173,1.0997,0.06287,1.5982,79.78
16,166,4.0854,1.4598,26.684,2.4318,1.1565,0.0661,1.5896,79.35
16,167,4.104,1.6628,25.67,2.3943,1.1255,0.06303,1.5949,79.62
16,168,4.0798,1.5352,25.816,2.3783,1.1572,0.06871,1.5791,78.82
16,169,4.0728,1.4239,25.879,2.4272,1.2017,0.06717,1.5785,78.8
16,170,4.0936,1.7215,24.078,2.4013,1.1928,0.06915,1.5844,79.09
16,171,4.0925,1.3627,24.449,2.3886,1.2073,0.06793,1.5696,78.35
16,172,4.1193,1.5021,26.512,2.4712,1.1568,0.06779,1.5762,78.68
16,173,4.1186,1.65,27.0,2.3335,1.1526,0.06636,1.5684,78.29
16,174,4.1046,,25.289,2.3909,1.0806,0.06712,1.5793,78.84
16,175,4.185,1.6494,26.544,2.4225,1.1475,0.06626,1.5779,78.77
16,176,4.0517,1.55,26.253,2.5147,1.1542,0.06459,1.5733,78.54
16,177,4.1022,1.5109,25.114,2.4022,1.1299,0.06581,1.5709,78.42
16,178,4.083,1.5002,26.569,2.397,1.2885,0.06686,1.5722,78.48
16,179,4.0785,1.4141,25.385,2.449,1.0961,0.06582,1.5541,77.58
16,180,4.086,1.6076,24.943,2.3947,1.1109,0.0672,1.5708,78.41
16,181,4.1503,1.3304,26.877,2.4734,1.1636,0.06683,1.551,77.43
16,182,4.1599,1.5024,26.313,2.3873,1.0947,0.06777,1.5718,78.46
16,183,4.0574,1.5822,26.521,2.3877,1.1141,0.06781,1.5566,77.7
16,184,4.1072,1.6213,25.688,2.3998,1.1791,0.06436,1.5651,78.13
16,185,4.1091,1.5231,,2.4313,1.1124,0.06484,1.5516,77.45
16,186,4.1289,1.6508,26.137,,1.1189,0.06644,1.5469,77.22
16,187,4.1223,1.7996,25.94,2.4709,1.167,0.06678,1.5475,77.25
16,188,4.1023,1.7826,26.81,2.3877,1.1269,,1.5347,76.61
16,189,4.112,1.4452,23.598,2.4527,1.1103,0.06618,1.5407,76.91
16,190,4.1045,1.4796,27.0,2.4959,1.1181,0.06676,1.5321,76.48
16,191,4.0904,1.3183,27.605,2.483,1.1087,0.06409,1.5369,76.72
16,192,4.0789,1.5215,24.599,,1.1087,0.06766,1.5321,76.48
16,193,4.0945,1.7115,26.158,2.3898,1.0408,0.06714,1.5293,76.34
16,194,4.1167,1.5176,27.101,2.5354,1.0792,0.06759,1.5177,75.76
16,195,4.097,1.5918,27.277,2.5011,1.1477,0.07119,1.5372,76.73
16,196,4.1048,1.5082,27.178,2.4084,1.0378,0.06983,1.5236,76.06
16,197,4.0634,1.6813,27.355,2.4327,0.9654,0.06971,1.5137,75.56
16,198,4.1038,1.5862,26.334,2.4293,1.0645,0.06737,1.5248,76.12
16,199,4.0989,1.6246,25.412,2.3567,1.0981,0.06684,1.5198,75.87
16,200,4.0573,1.6716,25.948,2.5539,1.1411,0.06689,1.5164,75.7
16,201,4.0962,1.5501,26.42,2.4869,1.1439,0.06739,1.5293,76.34
16,202,4.092,1.6002,27.024,2.4726,1.0826,0.06804,1.5085,75.3
16,203,4.1035,1.4565,26.23,2.4798,1.1061,0.06935,1.4984,74.8
16,204,4.0949,1.4931,26.371,2.5368,1.13,0.06834,1.4983,74.79
16,205,4.1277,,26.485,2.5086,1.1154,0.06885,1.502,74.98
16,206,4.087,1.6099,27.661,2.3834,1.1894,0.06914,1.495,74.63
16,207,4.0684,1.3377,25.239,2.4521,1.1296,0.0699,1.506,75.18
16,208,4.1144,1.5314,26.758,2.6616,1.0983,0.06857,1.4943,74.59
16,209,4.1043,1.5675,26.714,2.5654,,0.06985,1.4978,74.77
16,210,4.0962,1.4536,27.172,2.5048,1.2274,0.07315,1.4865,74.2
16,211,4.0721,1.302,24.584,2.4886,1.0314,0.0736,1.4807,73.91
16,212,4.0778,1.4924,27.723,2.5849,1.0478,0.06832,1.4963,74.69
16,213,4.0949,1.4703,26.882,2.6022,1.0188,0.06967,1.4823,73.99
16,214,4.0628,1.4967,25.982,2.5193,1.0921,0.07128,1.4713,73.44
16,215,4.0779,1.4902,26.369,2.5144,0.9891,0.07138,1.4776,73.76
16,216,4.0743,1.345,26.119,2.5084,1.1049,0.06855,1.4708,73.42
16,217,4.1108,1.4733,26.573,2.3686,1.0384,0.07158,1.4787,73.81
16,218,4.0669,1.853,27.291,2.4179,1.147,0.06865,1.4807,73.92
16,219,4.0582,1.37,27.242,2.4813,1.1655,0.06924,1.4734,73.55
16,220,4.069,1.8799,27.763,2.5336,1.1021,0.07043,1.456,72.68
16,221,4.092,1.5769,27.532,2.4226,1.0372,0.07103,1.488,74.28
16,222,4.0476,1.5252,26.527,2.408,1.0497,0.07272,1.4718,73.47
16,223,4.1149,1.5896,27.06,2.5069,1.0127,0.07046,1.4497,72.37
16,224,4.0629,1.5562,26.036,2.5341,1.0961,0.06862,1.4621,72.99
16,225,4.0407,1.3104,25.997,,1.106,0.07478,1.4575,72.76
16,226,4.0834,1.6413,26.37,2.5391,,0.07352,1.4595,72.86
16,227,4.0824,1.7371,26.842,2.6394,1.095,0.07147,1.4623,73.0
16,228,4.0572,1.4191,26.568,2.4399,1.1232,0.07258,1.4406,71.91
16,229,4.0478,1.4421,24.902,,0.9888,,1.4483,72.3
16,230,4.0862,1.549,27.091,2.5756,1.066,0.06951,1.4567,72.72
16,231,4.0866,1.6752,25.983,2.4771,1.0771,0.07083,1.449,72.33
16,232,4.0805,1.6422,26.851,2.5583,1.0684,0.07286,1.422,70.99
16,233,4.1089,1.4192,27.318,2.4546,1.0125,0.07535,1.4396,71.86
16,234,4.0687,1.8185,28.011,2.4843,1.0189,0.07274,1.4266,71.21
16,235,4.0492,,27.28,2.4277,1.0058,0.07303,1.4444,72.1
16,236,4.0397,1.5778,27.368,2.4919,1.1293,0.074,1.4314,71.45
16,237,4.1139,1.4728,26.954,,1.0732,0.07248,1.4213,70.95
16,238,4.0689,1.4755,27.684,2.4606,1.0397,0.07374,1.4237,71.07
16,239,4.0967,1.3554,,2.4631,1.0149,0.07098,1.4238,71.07
16,240,4.0575,,27.352,2.5664,0.9826,0.07528,1.4198,70.88
16,241,4.0933,1.3787,26.375,2.547,1.0119,0.07899,1.4333,71.55
16,242,4.07,1.4643,27.046,2.6271,1.0396,0.0736,1.414,70.59
16,243,4.1009,1.5192,26.79,2.4064,1.0241,0.07336,1.407,70.24
16,244,4.0949,1.4724,28.411,2.6342,0.9908,,1.3987,69.82
16,245,4.0558,1.4128,25.111,2.5714,0.9845,0.07522,1.4239,71.08
16,246,4.0498,1.4695,25.876,2.5187,0.9892,0.07449,1.4042,70.1
16,247,4.0421,1.6691,27.039,2.644,1.0378,0.07478,1.4073,70.25
16,248,4.0838,1.5412,27.712,2.6527,0.9861,0.07599,1.4002,69.9
16,249,4.0794,1.4854,26.64,2.5225,0.993,0.0732,1.4066,70.21
16,250,4.0486,1.5898,27.153,2.5703,1.006,0.07514,1.3988,69.83
17,1,4.1889,1.3434,24.394,2.0177,1.4548,0.04284,2.0053,99.82
17,2,4.1671,1.6801,23.726,1.9214,1.5147,0.04301,1.9962,99.37
17,3,4.1681,1.4676,24.955,2.0915,1.4369,0.04316,2.0095,100.04
17,4,4.2433,1.3971,24.86,2.0267,1.437,0.04552,1.9859,98.86
17,5,4.1978,1.5985,23.706,1.9731,1.4325,0.04104,1.9946,99.29
17,6,4.177,1.3638,22.898,2.0606,1.4589,0.04529,1.9922,99.17
17,7,4.1831,1.4332,23.613,1.9508,1.4856,0.04602,1.9885,98.99
17,8,4.2242,1.5207,23.996,2.0956,1.5922,0.04647,1.9872,98.92
17,9,4.1868,1.3958,22.445,2.1713,1.5536,0.04427,1.9679,97.96
17,10,4.1795,1.3953,23.886,2.0276,1.4607,0.04339,1.9756,98.35
17,11,4.2051,1.4896,24.091,2.1089,1.4829,0.04978,1.9866,98.89
17,12,4.1961,1.4881,23.233,2.2098,1.5948,0.04602,1.9665,97.9
17,13,4.1624,1.4647,23.208,1.9988,1.5699,0.04648,1.9778,98.45
17,14,4.1534,1.5249,22.995,2.0316,1.4147,0.04927,1.9717,98.15
17,15,4.1438,1.2565,23.176,2.0539,1.5175,0.04636,1.9553,97.33
17,16,4.1803,1.4493,26.059,2.0471,1.4902,0.04857,1.9623,97.68
17,17,4.1765,1.4424,24.354,2.0909,1.4599,0.04473,1.9578,97.46
17,18,4.1866,1.3121,23.654,1.9908,1.5089,0.04712,1.9748,98.31
17,19,4.1504,1.465,24.816,2.1518,1.5066,0.04418,1.9571,97.42
17,20,4.1773,1.4148,22.811,2.0135,1.5368,0.04502,1.9527,97.21
17,21,4.1666,1.4847,23.978,2.14,1.4621,0.04627,1.9517,97.16
17,22,4.1382,1.5604,23.792,2.0573,1.4839,0.04683,1.9489,97.02
17,23,4.1988,1.3867,24.539,2.1541,1.5136,0.05211,1.9428,96.71
17,24,4.1475,1.6017,25.162,2.052,1.4767,0.05333,1.9376,96.46
17,25,4.1918,1.693,26.535,2.1157,1.5149,0.04642,1.9408,96.61
17,26,4.1571,1.2777,22.763,2.1289,1.4725,0.04604,1.9373,96.44
17,27,4.1401,1.5349,24.034,2.1103,1.4965,0.04975,1.9467,96.91
17,28,4.1819,1.3515,25.065,2.0431,1.4422,,1.9371,96.43
17,29,4.1548,1.4853,25.625,2.0313,1.4445,0.04625,1.9314,96.15
17,30,4.1483,1.5091,23.311,2.1884,1.447,0.04888,1.9312,96.13
17,31,4.1348,1.4308,24.425,2.0071,1.3589,0.04708,1.9296,96.05
17,32,4.157,1.5675,25.065,2.2251,,0.04915,1.911,95.13
17,33,4.1732,1.5528,25.197,2.1728,1.4615,0.05198,1.9171,95.43
17,34,4.1494,1.4513,24.265,2.0547,1.4029,0.0468,1.9147,95.31
17,35,4.1731,1.293,23.648,2.2311,1.4638,0.05011,1.9144,95.3
17,36,,1.5037,23.799,2.0948,1.4043,0.04634,1.9035,94.76
17,37,4.1584,1.4038,24.088,2.0307,1.4643,0.0536,1.8954,94.36
17,38,4.1912,1.5808,24.765,2.1324,1.3821,0.05094,1.9114,95.15
17,39,4.1509,1.569,23.996,2.0918,1.4636,,1.9055,94.85
17,40,4.1533,1.527,23.044,2.087,1.3575,0.04982,1.8957,94.37
17,41,4.1735,1.4448,23.86,2.0882,1.5218,0.05006,1.9035,94.76
17,42,4.1083,1.3646,24.306,2.1064,1.4243,0.05028,1.8936,94.26
17,43,4.1139,1.3738,24.285,2.0992,1.4011,,1.894,94.28
17,44,4.165,1.5719,24.666,2.1844,1.3027,0.04911,1.8804,93.61
17,45,4.1381,1.3867,24.303,2.1409,1.3865,0.05409,1.8907,94.12
17,46,4.1367,1.3342,24.677,2.0889,1.5174,0.05138,1.8831,93.74
17,47,4.1651,1.6416,22.818,2.0742,1.4601,0.05364,1.8825,93.71
17,48,4.1129,1.5273,24.997,2.1587,1.399,0.04706,1.8654,92.86
17,49,4.1523,1.4416,22.983,2.1863,1.4453,0.04929,1.8695,93.06
17,50,4.1451,1.449,24.933,2.1842,1.4542,0.05311,1.8682,93.0
17,51,4.2281,1.6936,24.318,2.1628,1.2992,0.05117,1.8655,92.87
17,52,4.2261,1.4932,24.884,2.1922,1.4998,0.04927,1.8775,93.46
17,53,4.1482,1.3675,24.225,2.1086,1.4221,0.04806,1.8826,93.72
17,54,4.1723,1.686,25.416,2.2465,1.3628,0.05227,1.8597,92.58
17,55,4.1524,1.5547,25.107,2.0708,1.3659,0.0511,1.838,91.49
17,56,4.1729,1.4824,24.73,2.1365,1.4409,0.054,1.8496,92.07
17,57,4.2256,1.4166,25.39,2.1108,1.4246,0.05323,1.8478,91.98
17,58,4.1506,1.7328,24.324,2.1946,1.399,0.05188,1.8394,91.57
17,59,4.1742,1.5102,25.603,2.187,1.3817,0.05283,1.8309,91.14
17,60,4.192,1.464,24.387,2.2521,1.3906,0.05173,1.8341,91.3
17,61,4.1682,1.4949,25.464,2.0993,1.3927,0.05392,1.8425,91.72
17,62,4.0961,1.4941,23.766,2.2546,1.3585,0.05479,1.8414,91.67
17,63,4.1614,1.5104,26.98,2.2517,1.4273,0.05662,1.824,90.8
17,64,4.1487,1.484,25.011,2.0157,1.3733,0.05313,1.8332,91.26
17,65,4.1125,1.4918,23.543,2.2907,1.3572,0.04867,1.827,90.95
17,66,4.1727,1.531,,2.1457,1.3536,0.05204,1.8238,90.79
17,67,4.1482,1.35,25.383,2.2536,1.3132,,1.8126,90.23
17,68,4.1486,1.541,25.236,2.2171,1.4411,0.05328,1.8166,90.43
17,69,4.1087,1.7066,,2.2059,1.3817,0.0536,1.8068,89.94
17,70,4.1392,1.6371,24.585,2.14,1.2768,0.05292,1.818,90.5
17,71,,,24.894,2.1565,1.4388,0.05567,1.8219,90.7
17,72,4.1433,1.4202,23.84,2.1964,1.3942,0.05348,1.7989,89.55
17,73,4.092,1.4311,25.235,2.1207,1.4172,0.05259,1.8022,89.71
17,74,4.1367,1.3699,25.084,2.1668,1.3111,0.04913,1.8051,89.86
17,75,4.1464,1.644,25.569,2.2703,1.3252,0.05126,1.8113,90.17
17,76,4.1491,1.4554,25.453,2.2249,1.382,0.05208,1.8042,89.82
17,77,4.1452,,25.869,2.2495,1.343,0.05566,1.8032,89.77
17,78,4.1601,1.536,25.549,2.1787,1.4226,0.051,1.8016,89.68
17,79,4.1343,1.4349,25.114,2.1456,1.4499,0.05178,1.7902,89.12
17,80,4.1179,1.5358,25.815,2.2476,1.4115,0.05295,1.7796,88.59
17,81,4.136,1.5395,25.906,2.1153,1.4393,0.05443,1.7898,89.1
17,82,4.1258,1.5246,24.459,2.0978,1.3371,0.0534,1.769,88.06
17,83,4.1159,1.7838,25.748,2.2328,1.3669,0.05132,1.7843,88.82
17,84,4.1868,1.4742,,2.196,1.4042,0.05459,1.7724,88.23
17,85,4.2062,1.3477,24.759,2.1761,1.292,0.05308,1.7637,87.8
17,86,4.1659,1.2847,25.782,2.2934,1.3523,0.05557,1.7667,87.95
17,87,4.1764,1.3036,25.39,2.1848,,0.05421,1.7705,88.14
17,88,4.1017,1.3101,24.738,2.3174,1.3526,0.05662,1.7713,88.17
17,89,4.13,1.5866,24.708,2.2144,1.3146,0.05459,1.7698,88.1
17,90,4.1331,1.4286,24.882,2.2453,1.2649,0.05663,1.7597,87.6
17,91,4.144,1.4338,25.853,,1.2644,0.05697,1.7536,87.29
17,92,4.1149,1.4095,25.583,2.1605,1.2806,0.05401,1.7664,87.93
17,93,4.1208,1.4798,24.493,2.3105,1.2729,0.05334,1.7581,87.52
17,94,4.155,1.606,26.254,2.1698,1.297,0.06113,1.7379,86.51
17,95,4.1232,1.5117,25.578,2.2774,1.2786,0.05523,1.7444,86.83
17,96,4.1185,1.3662,26.438,2.2242,1.2898,0.05588,1.7417,86.7
17,97,4.1472,1.4587,26.026,2.2864,1.2963,0.05531,1.7408,86.66
17,98,4.1318,1.3656,25.832,2.2081,1.35,0.05173,1.7474,86.99
17,99,4.1644,1.5155,25.685,2.2008,1.3185,0.05689,1.7331,86.27
17,100,4.186,1.6716,26.039,2.3047,1.2551,0.05606,1.7353,86.39
17,101,4.1028,1.4088,25.079,2.1865,1.2924,,1.7185,85.54
17,102,4.1722,1.3564,25.945,2.1264,1.2862,0.05484,1.719,85.57
17,103,4.1789,1.4738,24.321,2.2926,1.2747,0.05766,1.7201,85.63
17,104,4.1116,1.4211,25.792,2.2521,1.2374,0.0578,1.7154,85.39
17,105,4.1471,1.4579,25.147,2.2922,1.2397,0.05937,1.7207,85.66
17,106,4.1048,1.3829,25.052,2.236,1.3258,0.05715,1.7175,85.5
17,107,4.1106,1.5133,26.352,2.262,1.2591,0.05611,1.7171,85.48
17,108,4.1666,1.3526,25.079,2.1704,1.2635,0.05849,1.7119,85.22
17,109,4.1198,1.5512,25.474,2.2969,,0.05866,1.6968,84.47
17,110,4.1484,1.2392,24.775,2.2837,1.3461,0.05837,1.702,84.72
17,111,4.1394,1.667,25.227,2.1951,1.1988,0.05965,1.7056,84.91
17,112,4.1232,1.4465,25.424,2.2939,1.3006,0.05622,1.7032,84.79
17,113,4.1063,1.3548,24.059,2.3791,1.1565,0.0595,1.6847,83.86
17,114,4.1534,1.5504,26.484,2.3919,1.2591,0.05957,1.7034,84.8
17,115,4.1067,1.4879,24.865,2.3143,1.1782,0.06167,1.7037,84.81
17,116,4.1425,1.2338,24.24,2.3787,1.2605,0.05547,1.6951,84.38
17,117,4.1443,1.5813,25.381,2.3597,1.2315,0.06012,1.69,84.13
17,118,4.1236,1.4722,25.108,2.2957,1.2498,0.06063,1.6867,83.96
17,119,4.1657,1.4482,26.102,2.3541,1.2691,0.05943,1.6787,83.56
17,120,4.1131,1.5444,25.457,2.3695,1.2356,0.05861,1.6745,83.36
17,121,4.1416,1.5845,26.335,2.3634,1.2936,0.06118,1.6644,82.85
17,122,4.1442,1.2973,24.341,2.2258,1.3211,0.05807,1.6799,83.63
17,123,4.1248,1.3692,25.623,2.1768,1.1938,0.06016,1.6675,83.01
17,124,4.1567,1.5242,26.423,2.3287,1.2486,0.05789,1.6599,82.63
17,125,4.1348,1.7689,26.485,2.2837,1.2669,0.06084,1.6746,83.36
17,126,4.1563,1.4995,24.539,2.1982,1.194,0.05894,1.6739,83.33
17,127,4.1608,,26.669,2.2688,1.174,0.05823,1.674,83.33
17,128,,1.4585,25.62,2.3242,1.2048,0.0615,1.643,81.79
17,129,4.1222,1.3862,26.282,2.3183,1.2745,0.05805,1.6513,82.2
17,130,4.1358,1.2742,26.224,2.2435,1.2512,0.06418,1.6555,82.41
17,131,4.0838,1.4983,26.557,2.2709,1.2225,0.05994,1.6591,82.59
17,132,4.0822,1.5949,25.2,2.3216,1.2264,0.06204,1.6534,82.31
17,133,4.1562,1.6387,25.126,2.4067,1.2502,0.0613,1.6461,81.94
17,134,4.0937,1.3546,25.453,2.2898,1.338,0.05955,1.6504,82.16
17,135,4.124,1.668,25.026,2.2321,1.3001,0.06136,1.6414,81.71
17,136,4.1402,1.644,25.503,2.2914,1.1305,0.05933,1.6449,81.88
17,137,4.1008,1.3836,25.545,2.4135,1.2237,0.05917,1.6363,81.46
17,138,4.0985,1.6982,25.683,2.3402,1.3055,0.05886,1.6434,81.81
17,139,4.1093,1.5041,27.787,2.2847,1.1547,0.05981,1.6222,80.76
17,140,4.1293,1.4361,25.62,2.4557,1.2227,0.06244,1.6299,81.14
17,141,4.0991,1.4295,25.232,2.3081,1.1319,0.0622,1.6406,81.67
17,142,4.1115,1.551,25.972,2.2642,1.2314,0.06316,1.6246,80.87
17,143,,1.3732,24.653,2.3588,1.2374,0.06372,1.6075,80.02
17,144,4.1022,,25.516,2.3574,1.2173,,1.6222,80.75
17,145,4.0684,1.6214,26.124,2.2114,1.2493,0.06229,1.6123,80.26
17,146,4.0887,1.4393,24.934,2.3045,1.2913,0.06326,1.605,79.9
17,147,4.1195,1.5916,,2.3419,1.2074,0.06388,1.6262,80.95
17,148,4.1222,1.5601,,2.3314,1.171,0.06492,1.6069,79.99
17,149,4.1212,1.5036,26.642,2.2387,1.217,0.06037,1.6023,79.76
17,150,4.1088,1.3451,25.884,2.3729,1.19,0.06279,1.6053,79.91
17,151,4.1415,1.4849,26.604,2.3595,1.2639,0.06265,1.6009,79.69
17,152,4.0842,1.5187,25.212,2.4487,1.1515,0.06186,1.5917,79.23
17,153,4.1408,1.6107,26.816,2.3607,1.1928,0.06738,1.5991,79.6
17,154,4.1286,1.6559,26.722,2.2943,1.1948,0.06647,1.6054,79.92
17,155,4.1087,1.7043,26.401,2.4148,1.2112,0.06468,1.5951,79.4
17,156,4.1423,1.695,25.745,2.393,1.2538,0.06346,1.5916,79.23
17,157,4.0866,1.4228,25.425,2.3305,1.2352,0.06329,1.5737,78.34
17,158,4.0806,1.4813,25.957,2.4239,1.2451,0.06288,1.5917,79.24
17,159,4.0664,1.6284,24.989,2.4043,1.2418,0.06585,1.587,79.0
17,160,4.0968,1.61,26.603,2.3982,1.0669,0.0666,1.5634,77.83
17,161,4.1116,1.5516,26.396,2.4689,1.1948,0.06394,1.5849,78.9
17,162,4.1068,1.5243,24.561,2.4155,1.2365,0.06648,1.5744,78.38
17,163,,1.5419,26.959,2.4378,1.2516,0.06321,1.5764,78.47
17,164,4.0979,1.4114,24.805,2.4172,1.1915,0.06517,1.5608,77.7
17,165,4.0692,1.4671,25.706,2.3933,1.099,0.06294,1.5665,77.98
17,166,4.1318,1.5563,26.877,2.3857,1.1681,0.06592,1.5577,77.54
17,167,4.0892,1.3463,25.341,2.4451,1.2298,0.06349,1.5572,77.52
17,168,4.1276,1.5335,,2.2115,1.1129,0.06423,1.5422,76.77
17,169,4.1212,1.4278,25.951,2.5422,1.1664,0.06505,1.5443,76.88
17,170,4.1202,1.5909,25.346,2.3763,1.1277,0.06483,1.5502,77.17
17,171,4.1185,1.5161,27.067,2.4128,1.0818,0.06885,1.563,77.81
17,172,4.0462,1.3338,26.767,2.3101,1.2245,0.0658,1.5446,76.89
17,173,4.0957,1.5888,26.436,2.4042,1.1038,0.06648,1.5491,77.11
17,174,4.125,1.5497,26.519,2.2536,1.0928,0.06487,1.5263,75.98
17,175,4.0777,1.832,26.288,2.3497,1.1438,0.0641,1.5437,76.84
17,176,4.1261,1.588,26.631,2.4908,1.171,0.06399,1.5263,75.98
17,177,4.0722,1.4692,26.05,2.4059,1.0597,0.0643,1.5389,76.61
17,178,4.0846,1.6619,27.368,2.3501,1.1485,0.06953,1.5305,76.19
17,179,4.0893,1.6301,26.085,2.4957,1.1136,0.06553,1.5271,76.02
17,180,4.1015,1.54,24.681,2.3996,1.1868,0.06503,1.5319,76.26
17,181,4.1052,1.5032,27.262,2.4025,1.1279,0.0663,1.5287,76.1
17,182,4.1173,1.3506,26.699,2.4296,1.1657,0.07162,1.5212,75.73
17,183,4.067,1.5507,26.539,2.4803,1.1077,0.0653,1.514,75.37
17,184,4.063,1.4777,26.088,2.5548,1.0455,0.06775,1.5033,74.83
17,185,4.1023,1.4614,27.002,2.494,1.1245,0.07008,1.5072,75.03
17,186,4.1311,1.5227,27.021,2.387,1.0883,0.07168,1.5166,75.5
17,187,4.0849,1.3003,25.328,2.377,1.0919,0.06804,1.4993,74.63
17,188,4.0702,,27.043,2.5397,1.1901,0.06427,1.5098,75.16
17,189,4.1413,,26.924,2.4525,1.1106,0.06789,1.5125,75.29
17,190,4.1234,1.6612,25.268,2.4027,1.1279,0.07094,1.504,74.87
17,191,4.0788,1.3453,25.011,2.5053,1.087,0.06325,1.4761,73.48
17,192,4.1445,1.312,26.505,2.5402,1.1154,0.0719,1.4942,74.38
17,193,4.1293,1.6741,26.499,2.3594,1.0646,0.06347,1.4876,74.05
17,194,4.1046,1.5386,,2.5311,1.1306,0.06717,1.4952,74.43
17,195,4.1434,1.6039,26.153,2.4494,1.1359,0.06756,1.4891,74.13
17,196,4.0915,1.7117,27.239,2.4301,1.1526,0.06854,1.4813,73.74
17,197,4.0977,1.2763,23.658,2.4696,1.0667,0.06536,1.4857,73.96
17,198,4.114,1.5726,27.081,2.4862,1.0586,0.07031,1.4738,73.37
17,199,4.0875,1.5369,27.066,2.415,1.1604,0.07001,1.4826,73.8
17,200,4.1283,1.3747,25.881,2.4215,1.1205,0.07136,1.4754,73.45
17,201,4.1722,1.4506,26.641,2.4655,1.1006,0.06754,1.4651,72.93
17,202,4.0678,1.318,25.308,2.5524,1.1638,0.06523,1.479,73.62
17,203,4.0391,1.5272,25.502,2.5214,1.1265,0.07132,1.4744,73.4
17,204,4.0834,1.3507,25.444,2.5278,1.1125,0.06969,1.4631,72.83
17,205,4.0552,1.6172,25.657,2.5604,1.1231,0.07153,1.4731,73.33
17,206,4.1419,1.7707,27.141,2.5458,1.0742,0.06718,1.4549,72.42
17,207,4.0639,1.6883,27.548,2.4903,1.0999,0.07182,1.4644,72.9
17,208,4.0763,1.3495,27.082,2.5006,1.2255,0.06977,1.4577,72.56
17,209,4.0941,1.6094,25.866,2.476,1.1272,,1.4554,72.45
17,210,4.0879,1.5797,27.537,2.4687,1.0125,0.06967,1.4569,72.52
17,211,4.0319,1.5188,26.714,2.5469,1.0223,0.0705,1.4415,71.76
17,212,4.0702,1.5961,27.938,2.3744,1.0956,0.07277,1.4546,72.41
17,213,4.1188,1.6081,28.101,2.5243,1.1691,0.07116,1.4403,71.7
17,214,4.0679,1.6543,27.552,2.4736,1.1623,0.06997,1.4297,71.17
17,215,4.0941,1.3726,26.339,2.6356,1.0284,0.07205,1.4419,71.78
17,216,4.0595,1.3627,27.18,2.4439,1.1321,0.06986,1.4265,71.01
17,217,4.0926,1.3385,26.573,2.5182,1.1269,0.06912,1.4342,71.4
17,218,4.0984,1.7022,26.385,2.4259,1.0498,0.06913,1.4242,70.9
17,219,4.0545,1.6496,26.978,2.5613,0.9455,0.06776,1.4315,71.26
17,220,4.063,1.357,26.306,2.5169,1.0589,0.07234,1.4362,71.49
17,221,4.0876,1.695,,2.5026,1.1027,0.07263,1.426,70.99
17,222,4.0778,1.5859,26.298,2.4759,0.9881,0.06587,1.4137,70.37
17,223,4.0828,1.402,27.661,2.4471,1.1027,0.0726,1.4154,70.46
17,224,4.0927,1.36,27.364,2.6117,0.9726,0.07316,1.4334,71.35
17,225,4.0734,1.2431,26.155,2.4781,1.1326,0.07182,1.4204,70.71
17,226,4.0636,1.573,26.845,2.4686,1.0643,0.07101,1.4078,70.08
17,227,4.0946,1.6028,27.007,2.4933,1.0404,0.07388,1.3879,69.09
17,228,4.0989,1.3572,26.699,2.5218,1.0969,0.07052,1.4011,69.75
17,229,4.0421,1.4663,26.912,2.4146,1.0222,0.0737,1.3972,69.55
17,230,4.0784,1.3538,26.504,2.5257,1.0359,0.07291,1.4004,69.71
17,231,,1.4099,27.443,2.4526,1.0496,0.07635,1.3963,69.51
17,232,4.0883,1.5648,26.76,2.473,1.0305,0.07399,1.4052,69.95
17,233,4.0949,1.6813,,2.5412,0.9446,0.07747,1.397,69.54
17,234,4.091,1.4854,26.44,2.5182,0.9734,0.06812,1.3881,69.1
17,235,4.0879,1.4253,27.092,2.5826,1.0028,0.07402,1.3983,69.61
17,236,4.0378,1.5994,27.243,2.6482,1.063,0.0725,1.3946,69.42
17,237,4.1239,1.493,27.304,2.5241,1.0842,0.0757,1.3818,68.78
17,238,4.0627,1.484,25.455,2.5463,1.0329,0.07193,1.3815,68.77
17,239,4.0776,1.5758,27.275,2.4843,1.0424,0.07332,1.3646,67.93
17,240,4.0476,1.674,28.297,2.5506,1.0473,0.07537,1.3837,68.88
17,241,4.0594,1.5583,28.583,2.4754,1.1025,0.07353,1.3662,68.01
17,242,,1.7789,27.577,2.6183,0.9751,0.07298,1.3717,68.28
17,243,4.0578,1.6043,27.211,2.6552,1.1187,,1.3587,67.64
17,244,4.0992,1.6883,27.507,2.5954,1.0431,0.0723,1.3616,67.78
17,245,4.0685,1.5126,27.177,2.5476,0.9273,0.07018,1.3549,67.45
17,246,4.0527,1.509,26.516,2.5012,0.9682,0.07656,1.3681,68.1
17,247,4.0847,1.6293,27.372,2.6069,1.0117,0.07737,1.3579,67.6
17,248,4.0923,1.4246,27.096,2.4499,1.0816,0.07351,1.3639,67.9
17,249,4.0338,1.533,26.813,2.6725,1.0495,0.07385,1.3511,67.26
17,250,4.0104,1.4143,25.832,2.587,0.9945,0.07503,1.3392,66.66
18,1,4.1773,1.5998,23.839,2.0807,1.393,0.04101,1.9768,99.43
18,2,4.2053,1.4717,25.706,1.9681,1.4603,0.04552,1.9892,100.05
18,3,4.1641,1.3733,24.38,2.0645,1.4758,0.04636,1.9886,100.03
18,4,4.1747,1.4794,23.366,2.0036,1.4636,0.04554,1.9822,99.7
18,5,4.2014,1.503,23.211,2.1593,1.4861,0.04293,1.9667,98.92
18,6,4.2112,1.3918,23.684,2.0341,1.3961,0.04637,1.9927,100.23
18,7,4.1933,1.505,24.844,1.996,1.5781,0.0443,1.9853,99.86
18,8,4.162,1.4234,23.85,2.0534,1.4884,0.04432,1.9716,99.17
18,9,4.1487,1.5892,24.791,2.0682,1.4497,0.0467,1.9766,99.42
18,10,4.1764,1.4833,26.204,1.9977,1.3446,0.04492,1.9666,98.92
18,11,4.1569,1.3459,23.224,2.0101,1.5225,0.04622,1.9583,98.5
18,12,4.1756,1.6132,24.038,2.1694,1.5029,0.04488,1.9791,99.54
18,13,4.1748,1.4776,24.206,2.1211,1.3707,0.04586,1.9738,99.28
18,14,4.1799,1.3669,22.114,2.18,1.4657,0.04971,1.9727,99.22
18,15,4.1534,1.2021,23.453,2.0776,1.4961,0.04458,1.972,99.19
18,16,4.1772,1.6207,24.091,2.1088,1.4849,0.04867,1.9654,98.86
18,17,4.0956,1.4741,23.988,2.0156,1.391,0.04589,1.9559,98.38
18,18,4.1743,1.2285,22.487,2.1542,1.4569,0.04716,1.9599,98.58
18,19,4.1713,1.4578,23.682,2.0016,1.4183,0.05122,1.9485,98.01
18,20,4.1907,1.4794,23.966,2.0524,1.5297,0.04815,1.9548,98.32
18,21,4.1607,,22.14,2.1115,1.4866,0.04602,1.9496,98.06
18,22,4.1827,1.3556,24.764,2.1119,1.4526,0.04785,1.9556,98.36
18,23,4.2276,1.5766,25.016,2.1072,1.555,0.04483,1.9584,98.5
18,24,,1.5828,22.328,2.0993,1.4433,0.04937,1.9372,97.44
18,25,4.1235,1.3741,23.504,2.144,1.4746,0.04676,1.9529,98.23
18,26,4.1418,1.7499,25.071,2.1491,1.5224,0.05015,1.9491,98.03
18,27,4.1632,1.6586,24.536,2.059,1.5499,0.04637,1.9465,97.91
18,28,4.1922,1.4165,24.584,2.2164,1.3769,0.04828,1.9308,97.12
18,29,4.184,,26.239,2.101,1.4715,0.05178,1.9549,98.33
18,30,4.1995,1.3966,25.218,2.1192,1.4115,0.04904,1.9493,98.05
18,31,4.2128,,23.808,2.051,1.4428,0.04603,1.9414,97.65
18,32,4.1595,1.4542,24.911,2.0701,1.3178,0.04547,1.9325,97.2
18,33,4.1505,1.3565,25.791,2.1655,1.4384,0.04943,1.9365,97.4
18,34,4.1334,1.6288,25.244,1.9993,1.4504,0.04975,1.9329,97.22
18,35,4.2167,1.7439,24.411,2.1066,1.4202,0.04798,1.9308,97.12
18,36,4.1765,1.7408,25.961,2.1697,1.3138,0.04559,1.9244,96.79
18,37,4.2038,1.572,24.286,2.2039,1.4749,0.05171,1.9386,97.51
18,38,4.1715,1.7186,25.14,2.1839,1.4303,0.04977,1.9137,96.25
18,39,4.1457,1.4137,23.982,2.1278,1.3541,0.05114,1.9381,97.48
18,40,4.1833,1.2517,24.868,2.2098,1.4511,0.04986,1.924,96.77
18,41,4.1933,1.5689,25.053,2.2302,1.468,0.04832,1.9306,97.1
18,42,,1.5103,24.602,2.1905,1.5167,0.05009,1.9322,97.18
18,43,4.1648,1.6747,24.884,2.1044,1.5248,0.04898,1.9343,97.29
18,44,4.1288,1.6587,25.921,2.1602,1.3721,0.05027,1.9136,96.25
18,45,4.134,1.4481,24.882,2.1032,1.435,0.04685,1.9148,96.31
18,46,4.1495,1.6113,24.837,2.1641,1.3669,0.049,1.929,97.03
18,47,4.1595,1.6662,25.11,2.0898,1.4204,0.05048,1.908,95.97
18,48,4.158,1.5988,24.119,2.1247,1.4644,0.0517,1.9095,96.05
18,49,4.1938,1.3441,24.632,2.1156,1.3575,0.0493,1.9209,96.62
18,50,4.1501,1.4347,24.511,2.2961,1.3257,0.05327,1.9067,95.9
18,51,4.1461,1.2655,24.941,2.0646,1.4524,0.0546,1.9073,95.93
18,52,4.1858,1.5109,22.962,2.0818,1.4152,0.05204,1.8956,95.34
18,53,4.1569,1.6068,25.563,2.1315,1.4258,0.0535,1.8916,95.14
18,54,4.178,1.5217,24.598,2.1726,1.3698,0.0537,1.9094,96.04
18,55,4.1426,1.5039,25.04,2.1996,1.4751,0.05176,1.8887,95.0
18,56,4.1512,1.4701,25.052,2.0974,1.3921,0.05497,1.8936,95.24
18,57,4.128,1.4678,22.859,2.1592,1.4837,0.04947,1.8992,95.52
18,58,4.1376,1.6193,26.203,2.1928,1.3314,0.05192,1.8844,94.78
18,59,4.1457,1.5257,24.931,,1.4517,0.05379,1.9088,96.01
18,60,4.1197,1.3926,25.19,2.1252,1.4111,0.05184,1.8769,94.4
18,61,4.1649,1.5418,24.767,2.1902,1.4052,0.0519,1.8918,95.15
18,62,4.1991,1.4562,25.785,2.1319,1.432,0.05601,1.8861,94.87
18,63,4.135,1.4579,24.69,2.1942,1.388,0.05172,1.8853,94.83
18,64,4.1462,,25.355,2.2258,1.4644,0.05654,1.902,95.67
18,65,4.1435,1.2815,23.767,2.1908,1.3292,0.04963,1.8875,94.94
18,66,4.1697,1.4803,25.486,2.2174,1.4433,0.05727,1.8836,94.74
18,67,4.1681,1.4549,24.799,2.2748,1.3456,0.05594,1.9024,95.69
18,68,4.1551,1.4133,23.653,2.1678,1.4471,0.05176,1.8785,94.48
18,69,4.1346,1.3822,24.89,2.2258,1.3939,0.05358,1.8911,95.12
18,70,4.1509,1.4541,23.878,2.2635,1.3615,0.05274,1.8894,95.03
18,71,4.1994,1.5408,24.791,2.1891,1.357,0.05281,1.8834,94.73
18,72,4.1704,1.5002,25.952,2.1856,1.3564,0.0562,1.8705,94.08
18,73,4.144,1.515,26.067,2.2126,1.4364,0.05329,1.8719,94.15
18,74,4.1526,1.617,,2.1388,1.3784,0.05579,1.8788,94.5
18,75,4.1776,1.5238,26.161,2.1578,1.2985,0.05344,1.8774,94.43
18,76,4.1186,1.335,23.338,2.2433,1.2993,0.05522,1.8764,94.38
18,77,4.1261,1.3917,24.959,2.1571,1.3661,0.05504,1.8625,93.68
18,78,4.1683,1.5315,24.134,2.2315,1.3997,0.054,1.8684,93.98
18,79,4.2063,1.3567,25.171,2.269,1.346,0.05414,1.8596,93.53
18,80,4.144,1.6199,24.945,2.3949,1.3385,0.05736,1.857,93.41
18,81,4.1463,1.6886,23.918,2.235,1.3259,0.05385,1.863,93.7
18,82,4.119,1.314,25.072,2.2083,1.3425,,1.8531,93.21
18,83,4.136,1.8786,26.265,2.3602,1.3373,0.05546,1.859,93.5
18,84,4.1339,1.4425,27.335,,1.3406,0.05217,1.8438,92.74
18,85,4.1192,1.623,23.737,2.2101,1.2626,0.05422,1.8564,93.37
18,86,4.1263,1.4529,25.752,2.3505,1.3682,0.0536,1.8482,92.96
18,87,4.132,1.6198,25.418,2.127,1.4053,0.05737,1.8493,93.02
18,88,4.1275,1.5493,24.167,2.2194,1.372,0.05429,1.8591,93.51
18,89,4.1442,1.4594,26.137,2.2113,1.3543,0.05275,1.8483,92.97
18,90,4.1276,1.6284,24.185,2.253,1.2373,0.05703,1.8481,92.95
18,91,4.149,1.4416,24.263,2.2036,1.3527,0.05707,1.8409,92.59
18,92,4.1152,1.7343,25.651,2.194,1.3637,0.05655,1.8431,92.7
18,93,4.1308,1.6321,26.657,2.1115,1.4012,0.0562,1.8376,92.43
18,94,4.1715,,25.414,2.3122,1.3045,0.05349,1.8393,92.51
18,95,4.0933,1.5645,26.036,2.2599,1.3689,0.05587,1.8488,92.99
18,96,4.1191,1.4449,25.114,2.1466,1.365,0.05156,1.8378,92.44
18,97,4.1478,1.4192,24.08,2.2166,1.3662,0.05733,1.8353,92.31
18,98,4.1385,1.5461,25.407,2.185,1.3368,0.0586,1.8219,91.64
18,99,4.1457,1.712,25.577,2.1943,1.2893,0.05723,1.8335,92.22
18,100,4.1272,1.5707,26.222,2.1558,1.3298,0.05686,1.816,91.34
18,101,4.1381,1.5113,26.339,2.3238,1.4338,0.0571,1.8262,91.85
18,102,4.1099,1.453,25.739,2.3036,1.3577,0.05591,1.821,91.59
18,103,4.1826,1.4156,26.268,2.2779,1.285,0.05499,1.8173,91.41
18,104,4.1436,1.4064,26.379,2.2432,1.3549,0.05872,1.8154,91.31
18,105,4.1218,1.5285,24.173,2.262,1.3807,0.05804,1.8323,92.16
18,106,4.1453,1.4511,25.578,2.1694,1.2837,,1.8362,92.36
18,107,4.1303,1.6607,25.398,2.2008,1.3944,0.05195,1.8162,91.35
18,108,4.1368,1.515,25.714,2.2696,1.3398,0.05676,1.8147,91.28
18,109,4.1298,1.3932,24.597,2.3358,1.3874,0.06037,1.8011,90.59
18,110,4.132,1.6384,25.771,2.383,1.2677,0.05955,1.8188,91.48
18,111,4.147,1.3104,24.134,2.1929,1.3192,0.05903,1.7993,90.5
18,112,4.1273,1.6095,25.604,2.3102,1.321,0.06064,1.8274,91.92
18,113,4.068,1.567,23.992,2.3523,1.2763,0.05648,1.7977,90.42
18,114,4.1282,1.4919,25.957,2.3215,1.368,0.05601,1.8261,91.85
18,115,4.1209,1.4067,25.307,2.1676,1.3503,0.05822,1.8072,90.9
18,116,4.1244,1.4973,26.301,2.2133,1.2809,0.05849,1.7974,90.41
18,117,4.1313,1.4307,24.197,2.3131,1.3743,0.05914,1.7911,90.09
18,118,4.1238,1.4558,26.299,2.2883,1.1886,0.06156,1.7971,90.39
18,119,4.1415,1.1872,25.05,2.3374,1.3173,0.05969,1.8039,90.73
18,120,4.1295,1.6624,25.764,2.2908,1.3412,0.0586,1.8018,90.63
18,121,4.1256,1.589,26.299,2.3452,1.2866,0.05918,1.7842,89.74
18,122,4.1313,1.3214,,2.4619,1.2144,0.05995,1.7866,89.86
18,123,4.1373,1.4025,25.771,2.2601,1.2188,0.06166,1.7927,90.17
18,124,4.1,1.4533,24.968,2.1953,1.3273,0.06148,1.7933,90.2
18,125,4.123,1.5325,25.735,2.2158,1.3095,0.05765,1.7837,89.72
18,126,4.0967,1.3629,25.325,2.2948,1.291,0.05833,1.7902,90.04
18,127,4.1303,1.6589,25.863,2.2642,1.2157,0.05718,1.7847,89.77
18,128,4.1422,1.4124,25.635,2.2915,1.3175,0.06209,1.784,89.73
18,129,4.1478,1.5496,25.182,2.2758,1.2753,0.05947,1.7616,88.61
18,130,4.1038,1.3947,26.511,2.3103,1.3878,0.06134,1.7706,89.06
18,131,4.0945,1.4935,,2.2694,1.2539,0.06156,1.7812,89.59
18,132,4.0872,1.5538,26.091,2.2744,1.2405,0.06172,1.7783,89.45
18,133,4.1202,1.7161,23.778,2.3635,1.2934,0.05808,1.7526,88.15
18,134,4.1447,1.3789,24.897,2.3152,1.3208,0.06,1.7757,89.31
18,135,4.1026,1.5232,26.485,2.3224,1.251,0.06113,1.7695,89.0
18,136,4.0939,1.6648,27.14,2.2111,1.2944,0.06304,1.7618,88.61
18,137,4.1066,1.4513,27.106,2.4201,1.2166,0.05852,1.7568,88.37
18,138,4.1315,1.67,25.013,2.3647,1.2291,0.06281,1.7711,89.08
18,139,4.165,1.5745,25.506,2.3322,1.2571,0.05937,1.7629,88.67
18,140,4.157,,26.24,2.4474,1.3269,0.06119,1.777,89.38
18,141,4.0736,1.6141,26.823,2.4029,1.2936,0.06262,1.7592,88.48
18,142,4.1241,1.4455,26.059,2.2847,1.2806,0.06469,1.7503,88.04
18,143,4.1239,1.631,27.289,2.325,1.2823,0.06518,1.7596,88.51
18,144,4.0651,1.4357,26.252,2.3092,1.3273,0.066,1.7603,88.54
18,145,4.0889,1.4784,25.379,2.4283,1.1988,0.06388,1.7485,87.95
18,146,4.1348,1.5743,25.711,2.4475,1.2414,0.06442,1.7627,88.66
18,147,4.0678,1.4897,25.627,2.3311,1.2152,0.06389,1.7487,87.96
18,148,4.1058,1.4845,24.917,2.3562,1.3176,0.06552,1.7542,88.23
18,149,4.1627,1.4789,24.95,2.2623,1.1899,0.06355,1.7418,87.61
18,150,4.0967,1.4208,24.836,2.2923,1.2936,0.06661,1.7429,87.67
18,151,4.1292,1.4636,25.234,2.3913,1.2339,0.06394,1.7582,88.44
18,152,4.117,1.7961,25.278,2.3747,1.2604,0.06127,1.7571,88.38
18,153,4.1494,1.7873,26.51,2.2368,1.2642,0.06484,1.7464,87.84
18,154,4.1161,1.4651,25.699,2.4146,1.3056,0.06094,1.7364,87.34
18,155,4.0705,1.7438,26.849,2.2357,1.2305,0.06303,1.7326,87.14
18,156,4.1357,1.645,26.262,2.3194,1.1998,0.06381,1.7289,86.96
18,157,4.1092,1.5905,24.766,2.3141,1.2288,0.06697,1.7297,87.0
18,158,,1.572,25.901,2.4252,1.2536,0.06652,1.7384,87.44
18,159,4.0883,1.5568,26.371,2.5083,1.1346,0.06401,1.7191,86.47
18,160,,1.732,26.899,2.269,,0.06721,1.7277,86.9
18,161,4.0671,1.506,26.314,2.4267,1.1369,0.06278,1.7288,86.95
18,162,4.1446,1.576,26.954,2.3955,1.2739,0.06473,1.7338,87.21
18,163,4.0761,1.6111,25.087,2.4139,1.2006,0.0653,1.7272,86.87
18,164,4.0936,1.5688,26.654,2.4394,1.1599,0.06168,1.714,86.21
18,165,4.0791,1.7128,27.307,2.316,1.3012,0.06736,1.7122,86.12
18,166,4.0795,1.3258,25.714,2.3793,1.2132,0.06087,1.7053,85.77
18,167,4.1114,1.5997,24.508,2.3032,1.2623,0.06259,1.7052,85.77
18,168,4.0714,1.625,24.552,2.3626,1.2599,0.06638,1.7149,86.25
18,169,4.0865,1.4974,24.993,2.3772,1.2059,0.06444,1.7096,85.99
18,170,4.0767,1.321,25.405,2.3915,1.2066,0.0651,1.7196,86.49
18,171,4.0785,1.467,25.559,,1.2183,0.06445,1.701,85.55
18,172,4.1138,1.3629,23.306,2.3083,1.2385,0.06742,1.7171,86.36
18,173,4.1186,1.6004,27.313,2.4491,1.268,0.06674,1.6933,85.17
18,174,4.0933,1.6245,25.172,2.384,1.2308,0.0687,1.7086,85.94
18,175,4.1254,1.5026,26.893,2.347,1.2361,0.06581,1.6994,85.48
18,176,4.097,1.685,25.519,2.3085,1.2164,0.06276,1.6921,85.11
18,177,4.1388,1.6511,26.296,2.4972,1.2686,0.06517,1.7124,86.13
18,178,4.0771,1.5031,24.705,2.4082,1.1846,0.06546,1.7098,86.0
18,179,4.085,1.5319,27.213,2.339,1.2369,0.06691,1.6952,85.27
18,180,4.0982,1.4409,26.445,2.4353,1.1533,0.06392,1.6979,85.4
18,181,4.1174,1.6478,27.312,2.4287,1.1778,0.06672,1.6939,85.2
18,182,4.081,1.5209,25.996,2.415,1.1173,0.06454,1.6816,84.58
18,183,4.0768,1.4463,26.208,2.3539,1.2445,0.06445,1.6961,85.31
18,184,4.0785,1.5463,25.866,2.411,1.2467,0.06571,1.6882,84.91
18,185,4.0889,1.7046,26.394,2.489,1.1734,0.06958,1.6809,84.55
18,186,4.1102,1.3556,24.791,2.4802,1.2361,0.07216,1.6881,84.91
18,187,4.108,1.4052,25.538,2.3893,,0.06611,1.6713,84.06
18,188,4.1162,1.6636,27.006,2.4473,1.1718,0.06642,1.6817,84.59
18,189,4.0687,1.5426,25.459,2.4193,1.1257,0.06688,1.6841,84.71
18,190,4.0746,1.518,24.363,2.3166,1.214,0.06809,1.6727,84.13
18,191,4.1184,1.4519,25.771,2.3797,1.2673,0.06839,1.6706,84.03
18,192,4.1053,1.3065,25.597,2.4553,,0.07245,1.6763,84.32
18,193,4.1167,1.6257,26.581,2.45,1.1545,0.06421,1.6688,83.94
18,194,4.1034,1.5994,26.498,2.49,1.1262,0.07122,1.6742,84.21
18,195,4.0896,1.611,26.061,2.4798,1.1474,0.06864,1.6618,83.59
18,196,4.0774,1.7995,26.04,2.299,1.1246,0.06878,1.6666,83.83
18,197,4.1168,1.6474,26.286,2.3373,1.0984,0.06858,1.6633,83.66
18,198,4.0817,1.7003,26.891,2.4439,1.106,0.06912,1.6521,83.1
18,199,4.0964,1.6171,27.247,2.4498,1.1851,0.06786,1.6609,83.54
18,200,4.0678,1.5051,27.395,,1.0941,0.06818,1.6703,84.02
18,201,4.0328,1.5424,25.956,2.4347,1.1426,0.07104,1.6707,84.03
18,202,4.1144,1.6844,26.669,2.4262,1.174,0.07038,1.6583,83.41
18,203,4.0946,1.5,26.1,2.4092,1.1192,0.07187,1.647,82.84
18,204,4.1168,1.5463,25.597,2.4635,1.0913,0.07069,1.6516,83.07
18,205,4.1091,1.7028,25.315,2.4262,1.0889,0.07392,1.6512,83.05
18,206,4.0544,1.7997,26.251,2.3587,1.0892,0.07001,1.6476,82.87
18,207,4.0659,1.4728,26.494,2.5371,1.1632,0.06871,1.6498,82.98
18,208,4.1056,1.7328,25.892,2.5267,1.1285,0.06671,1.646,82.79
18,209,4.1193,1.7058,26.3,2.4503,,0.0716,1.6315,82.06
18,210,4.0467,1.5561,25.476,2.497,1.0871,0.07087,1.6442,82.7
18,211,4.0259,1.6512,27.554,2.4347,1.1518,0.0712,1.6375,82.36
18,212,4.1277,1.5818,26.356,2.4928,1.1175,0.06831,1.6448,82.73
18,213,4.0975,1.3086,,2.514,1.0609,0.06905,1.6491,82.95
18,214,,1.662,27.963,2.4148,1.1542,0.0748,1.6589,83.44
18,215,4.1424,1.4558,27.965,2.474,1.1175,0.07208,1.6396,82.47
18,216,4.0807,1.5906,25.255,2.4275,1.1669,,1.6334,82.15
18,217,4.0892,1.5808,27.467,2.3915,1.1047,0.07089,1.6354,82.26
18,218,4.0292,1.3818,26.461,2.5399,1.1072,0.06983,1.6324,82.11
18,219,4.0732,1.6386,26.617,2.4139,1.1982,0.07375,1.6334,82.16
18,220,4.0909,1.4938,27.128,2.4315,1.1655,0.07379,1.6198,81.47
18,221,4.0822,1.6791,26.066,2.4459,1.1533,0.0712,1.6182,81.39
18,222,4.0721,1.7429,28.606,2.4502,1.0714,0.07072,1.6115,81.05
18,223,4.1007,1.7091,27.726,2.4086,1.076,0.07037,1.6368,82.33
18,224,4.0622,1.4662,27.16,2.4997,1.1771,0.07238,1.6165,81.31
18,225,4.0835,1.3524,24.673,2.5322,,0.07214,1.6136,81.16
18,226,4.0448,1.6739,27.315,2.5129,1.1128,0.07118,1.6142,81.19
18,227,4.0842,1.4694,26.348,2.601,1.1072,0.06733,1.6067,80.81
18,228,4.0524,1.5175,25.617,2.5255,1.0945,0.07141,1.6096,80.96
18,229,4.075,1.5182,26.59,2.4996,1.1264,0.07292,1.6134,81.15
18,230,4.0628,1.5631,28.793,2.4996,1.1097,0.07007,1.6195,81.46
18,231,4.0734,1.5987,27.41,2.5251,1.1439,0.07072,1.6031,80.63
18,232,4.0759,1.5498,26.554,2.4493,1.0441,0.07348,1.611,81.03
18,233,4.0719,1.5332,26.26,2.5386,1.1062,0.07223,1.6094,80.95
18,234,4.0908,1.3508,26.668,2.4526,1.1094,0.06678,1.6106,81.01
18,235,4.092,1.522,25.915,2.63,1.1569,,1.6035,80.66
18,236,4.0243,1.5922,25.847,2.555,1.1476,0.07318,1.5982,80.39
18,237,4.1046,1.5358,,2.4617,1.1023,0.07303,1.59,79.98
18,238,4.1064,1.7468,27.967,2.5719,1.1785,0.07147,1.5862,79.78
18,239,4.0621,1.5716,26.72,2.4603,1.0895,0.07349,1.5867,79.81
18,240,4.0731,1.3075,26.957,2.6169,1.0935,0.07577,1.6002,80.49
18,241,4.0857,1.4468,26.631,2.5107,1.1109,0.07227,1.5877,79.86
18,242,4.0829,1.5882,27.1,2.5837,1.073,0.0746,1.5783,79.39
18,243,4.0642,1.5773,28.822,2.5734,1.1115,0.07571,1.5855,79.75
18,244,4.0782,1.6459,27.171,2.5298,1.0306,0.07341,1.5678,78.86
18,245,4.0947,1.717,28.748,2.4822,1.0461,0.0729,1.5782,79.38
18,246,4.0442,1.475,27.622,2.4922,1.13,0.07725,1.5751,79.22
18,247,4.0996,1.3737,26.366,2.5476,1.0899,0.0775,1.5838,79.66
18,248,4.055,1.527,26.594,2.4767,1.0501,0.07427,1.5718,79.06
18,249,4.0424,1.6352,28.168,2.5085,1.0911,0.07603,1.5896,79.96
18,250,4.0696,1.456,27.477,2.5196,1.0753,0.07535,1.5796,79.45
19,1,4.1809,1.322,24.984,2.0687,1.441,0.04522,1.8572,99.68
19,2,4.1608,1.6429,24.711,2.1145,1.4221,0.04377,1.8617,99.92
19,3,4.1986,,23.487,2.1097,1.4051,0.04404,1.8577,99.71
19,4,4.1489,1.385,25.152,,1.567,0.04638,1.8576,99.71
19,5,4.1739,1.4587,24.708,2.1548,1.4911,0.04392,1.8593,99.8
19,6,4.158,1.462,25.335,2.0033,,0.04682,1.8551,99.57
19,7,4.1786,1.4189,23.549,2.0824,1.429,0.04397,1.846,99.08
19,8,4.1435,1.3486,22.889,2.1801,1.4644,0.04715,1.8457,99.07
19,9,4.1886,1.6425,24.605,2.1801,1.441,0.04728,1.8454,99.05
19,10,4.1522,1.5066,22.655,2.0753,1.4287,0.04552,1.8487,99.23
19,11,4.1878,,25.494,,1.3979,0.04761,1.8376,98.63
19,12,4.1838,1.3811,25.791,2.1253,1.3772,0.04686,1.8466,99.12
19,13,4.1743,1.3587,24.03,,1.4173,0.04733,1.8347,98.48
19,14,4.1664,1.6005,23.578,2.0533,1.3696,0.04503,1.8304,98.25
19,15,4.1892,1.4055,24.554,2.1,1.3628,0.04715,1.833,98.39
19,16,4.1255,1.743,,1.9959,,0.04858,1.8394,98.73
19,17,4.1801,1.7569,24.677,2.277,1.4904,0.04714,1.8254,97.98
19,18,4.1639,1.5326,24.704,2.0754,1.3577,0.0498,1.8277,98.1
19,19,4.136,1.5234,25.078,2.1565,1.3918,0.04924,1.831,98.28
19,20,4.1807,1.3927,20.706,2.0573,1.4492,0.04699,1.8211,97.75
19,21,4.1982,1.4635,23.865,1.9742,1.3446,0.04484,1.824,97.9
19,22,4.1621,1.4392,23.672,2.0608,1.4661,0.04783,1.821,97.74
19,23,4.1148,1.5674,23.97,2.0923,1.4867,0.04698,1.8223,97.81
19,24,4.1438,1.5079,23.025,2.1082,1.4353,0.05009,1.8161,97.48
19,25,4.1555,1.4265,24.009,2.0568,1.3032,0.04591,1.8034,96.8
19,26,,1.5702,25.07,2.0891,1.3317,0.04893,1.8074,97.01
19,27,4.1614,1.6505,24.865,2.1254,1.4174,0.04994,1.8055,96.91
19,28,4.1454,1.4761,23.365,2.1179,1.4106,0.04822,1.7979,96.5
19,29,4.2083,1.6172,24.411,2.128,1.4735,0.04731,1.7983,96.52
19,30,4.1722,1.5542,24.816,2.1745,1.3647,,1.7913,96.15
19,31,4.1806,1.394,22.698,2.1352,1.3721,0.04527,1.7921,96.19
19,32,4.1559,1.7059,24.702,2.1632,1.3993,0.04764,1.7952,96.36
19,33,4.1922,1.5947,23.319,2.0556,1.3373,0.05108,1.7885,96.0
19,34,4.1844,1.5529,24.589,2.1052,1.4515,0.04931,1.7764,95.35
19,35,4.134,1.3079,25.15,2.2208,1.4453,0.04891,1.7765,95.35
19,36,4.1374,1.3867,24.26,2.2206,1.4583,0.04834,1.7744,95.24
19,37,4.1342,1.6482,24.807,2.1187,1.3641,0.04794,1.7657,94.78
19,38,4.2147,1.7119,24.053,2.036,1.3944,,1.7718,95.1
19,39,4.1838,1.3654,25.331,2.1206,1.4189,0.04916,1.7843,95.77
19,40,4.1029,1.5946,23.928,2.148,1.4496,0.04819,1.7845,95.78
19,41,4.1523,1.4539,23.597,2.1535,1.3889,0.05085,1.7672,94.86
19,42,4.1375,1.4921,24.298,2.1354,1.3441,0.0507,1.7662,94.8
19,43,4.1576,1.4697,24.453,2.2222,1.3116,0.04538,1.763,94.63
19,44,4.1314,1.1451,25.499,2.1864,1.4096,0.04971,1.7636,94.66
19,45,4.1492,1.6045,24.817,2.1519,1.3788,0.05333,1.7695,94.98
19,46,4.1336,1.5472,25.0,2.1476,1.3718,0.04839,1.7653,94.75
19,47,4.1285,1.477,24.001,2.2173,1.4499,0.04835,1.7626,94.61
19,48,4.1506,1.5629,24.729,2.1372,1.375,0.05033,1.7596,94.45
19,49,4.1381,1.5382,25.042,2.1875,1.3574,0.05362,1.7702,95.01
19,50,4.1302,1.5871,24.0,2.1098,1.3382,0.04943,1.7386,93.32
19,51,4.1797,1.5182,25.478,2.0828,1.3701,0.05382,1.7582,94.37
19,52,4.1925,1.437,25.282,2.1421,1.395,0.05386,1.7587,94.4
19,53,4.1098,1.7297,25.302,2.1647,1.351,0.04717,1.7424,93.52
19,54,4.1424,1.5144,24.69,1.9697,1.3842,0.05186,1.7482,93.84
19,55,4.1507,1.5141,24.815,2.1908,1.3819,0.05217,1.747,93.77
19,56,4.1366,1.4634,25.982,2.1658,1.4065,0.05199,1.757,94.31
19,57,4.179,1.5708,23.542,2.1892,1.3033,0.05438,1.7382,93.3
19,58,4.2007,1.5516,24.389,2.1985,1.309,0.05665,1.7519,94.03
19,59,4.1611,1.6285,24.469,2.1152,1.2421,0.05225,1.7453,93.68
19,60,4.166,1.5106,25.112,2.2335,1.2746,0.05394,1.7319,92.96
19,61,4.1655,1.6318,25.713,2.1947,1.3542,0.0541,1.7281,92.76
19,62,4.1283,1.4758,23.649,2.1736,1.3244,0.05261,1.7172,92.17
19,63,4.1784,1.5782,24.793,2.1707,1.34,0.0525,1.7266,92.68
19,64,4.1148,1.3984,23.788,2.2069,1.3582,0.05153,1.745,93.67
19,65,4.16,1.6223,25.89,2.0661,1.3753,0.05022,1.7299,92.85
19,66,4.1485,1.5063,23.836,2.2584,1.273,0.05442,1.7226,92.46
19,67,4.1494,1.7266,26.965,2.1028,1.2965,0.05199,1.7069,91.62
19,68,4.1477,1.6392,25.223,2.127,1.2457,0.05193,1.7343,93.09
19,69,4.1554,1.6369,23.858,2.1814,1.3759,0.0511,1.7326,93.0
19,70,4.1265,1.6097,25.29,2.2459,1.373,0.05294,1.7114,91.86
19,71,4.1333,1.5857,23.378,2.1612,1.4459,0.05474,1.7178,92.2
19,72,,1.3795,24.508,2.2043,1.4231,0.05568,1.7125,91.92
19,73,4.1488,1.6019,23.943,2.0955,1.3615,0.0539,1.7063,91.59
19,74,4.0943,,24.613,2.2379,1.3059,0.05381,1.6928,90.86
19,75,4.1443,1.5805,24.776,2.1954,1.3493,0.05535,1.6964,91.06
19,76,4.1451,,24.861,2.3038,1.3337,0.05845,1.6899,90.71
19,77,4.1412,1.5092,25.049,2.2381,1.2676,0.05377,1.6986,91.17
19,78,4.1706,1.2806,24.798,2.1304,1.3347,0.05356,1.6889,90.65
19,79,4.168,1.2099,24.575,2.2659,1.3774,0.05126,1.678,90.07
19,80,4.1711,1.6501,26.165,2.3791,1.2844,0.05534,1.6863,90.51
19,81,4.0942,1.5013,23.378,2.196,1.235,0.0556,1.6855,90.47
19,82,4.0985,1.6162,24.64,2.2037,1.2567,0.05714,1.6799,90.17
19,83,,1.2828,26.744,2.3496,1.3784,0.05355,1.6861,90.5
19,84,4.1522,1.4053,24.103,2.3209,1.2998,0.05284,1.6778,90.06
19,85,4.1274,1.2752,,2.2033,1.3152,0.05554,1.6873,90.56
19,86,4.1354,1.457,25.976,2.2948,1.2923,0.0559,1.6873,90.57
19,87,4.1118,1.7767,24.943,2.2571,1.2213,0.05691,1.6715,89.72
19,88,,1.7289,25.783,2.2489,1.2841,0.05546,1.6636,89.29
19,89,4.1422,1.6312,24.491,2.3345,1.2744,0.05419,1.6743,89.87
19,90,4.1502,1.3051,24.461,2.1145,1.2598,0.05453,1.6718,89.74
19,91,4.1194,1.4475,26.072,2.3707,1.2455,,1.6692,89.59
19,92,4.0951,1.4189,22.584,2.2682,1.2361,0.05631,1.6677,89.52
19,93,4.178,1.4219,24.215,,1.2431,0.05814,1.6831,90.34
19,94,4.1546,1.6562,26.17,2.2176,1.3064,0.05437,1.6822,90.29
19,95,4.1101,1.5984,26.163,2.2246,,0.05606,1.6685,89.56
19,96,4.1407,1.4044,24.362,2.2907,1.3104,0.05593,1.6489,88.51
19,97,4.1656,1.4607,26.767,2.2526,1.2826,0.05578,1.6408,88.07
19,98,4.2228,1.4728,26.164,2.2665,1.3372,0.0529,1.6537,88.77
19,99,4.144,1.4827,25.89,2.2703,1.2234,0.05203,1.6652,89.38
19,100,4.1294,1.4414,24.702,2.3517,1.2541,0.05829,1.6621,89.22
19,101,4.1032,1.6233,26.242,2.2268,1.2697,0.05731,1.6427,88.17
19,102,4.1834,1.4764,24.932,2.2584,1.2245,0.0538,1.6468,88.39
19,103,4.1468,1.5157,25.205,2.2173,1.2817,0.0577,1.6422,88.15
19,104,4.1413,1.5629,26.378,2.3073,1.2921,0.05399,1.6428,88.18
19,105,4.1253,1.5253,24.272,2.3999,1.1439,0.06058,1.6453,88.31
19,106,4.0847,1.7603,25.995,2.1355,1.2431,0.05879,1.6381,87.93
19,107,4.1216,1.1984,26.089,2.3079,1.1539,0.05853,1.6463,88.37
19,108,4.1233,1.4169,24.709,2.2615,1.2784,0.05954,1.6341,87.71
19,109,4.1373,1.5749,25.533,2.2608,1.3235,0.06077,1.6112,86.48
19,110,4.1284,1.6091,26.477,2.2367,1.2027,0.05875,1.6233,87.13
19,111,4.0814,1.4182,25.568,2.3815,1.2159,0.05807,1.6151,86.69
19,112,4.1134,1.4295,25.527,2.2174,1.2142,0.05803,1.6232,87.13
19,113,4.0913,1.5013,24.325,2.2501,1.2906,0.05841,1.6224,87.08
19,114,4.1269,1.6333,26.164,2.2913,1.1867,0.05847,1.6311,87.55
19,115,4.114,1.5359,24.263,2.2434,1.1948,0.05829,1.6113,86.49
19,116,4.1102,1.5337,25.076,2.2984,1.1872,0.05726,1.6073,86.27
19,117,4.1099,1.2648,25.395,2.2554,1.2601,0.05886,1.6277,87.37
19,118,4.1244,1.4905,26.323,2.1679,1.1762,0.05751,1.6136,86.61
19,119,4.1145,1.4485,26.146,2.2995,1.2246,0.05852,1.5936,85.53
19,120,4.1483,1.6632,24.666,2.4035,1.2014,0.05789,1.5966,85.7
19,121,4.1396,1.5096,25.186,2.3775,1.2056,0.05938,1.6066,86.24
19,122,4.0917,1.4633,26.24,2.3399,1.2826,0.05699,1.6143,86.65
19,123,4.1175,1.7911,26.473,2.3099,1.2471,,1.6012,85.94
19,124,4.1028,1.6824,24.647,2.3253,1.1906,0.05997,1.6021,85.99
19,125,4.0809,1.4984,24.346,2.298,1.1586,0.06032,1.6023,86.0
19,126,4.142,1.6663,25.72,2.3715,1.2946,0.05828,1.5889,85.28
19,127,4.1219,1.4016,25.645,2.3141,1.1577,0.05804,1.6016,85.97
19,128,4.1294,1.697,25.439,2.2722,1.1426,0.0623,1.6011,85.94
19,129,4.1118,1.4242,26.359,2.3126,1.2136,0.05928,1.5892,85.3
19,130,4.1353,1.3495,25.444,2.3833,1.2139,0.06271,1.5806,84.84
19,131,4.1436,1.4552,25.49,2.3473,1.197,0.05971,1.5924,85.47
19,132,4.1842,1.4873,26.424,2.2779,1.2992,0.06008,1.5751,84.54
19,133,4.0743,1.6539,26.847,,1.2725,0.05829,1.5779,84.69
19,134,4.1125,1.6805,26.024,2.389,1.2752,0.0605,1.5804,84.83
19,135,4.0915,1.4842,27.143,2.381,1.1577,0.06446,1.573,84.43
19,136,4.1396,1.5793,26.063,2.2175,1.2644,0.05681,1.5743,84.5
19,137,4.1208,1.6208,25.916,2.4015,1.2096,0.062,1.5772,84.66
19,138,4.1649,1.5927,24.714,2.3075,1.2354,0.06408,1.5702,84.28
19,139,4.1734,1.5419,26.055,2.2691,1.2567,0.06079,1.559,83.68
19,140,4.1091,1.6869,26.277,2.293,1.1725,0.06462,1.5568,83.56
19,141,4.1306,1.6178,23.098,2.4238,1.1558,0.0612,1.5587,83.66
19,142,4.1523,1.5804,26.383,2.4072,1.2724,0.06515,1.5708,84.31
19,143,4.0972,1.4908,25.807,2.3485,1.145,0.06303,1.5573,83.59
19,144,4.1173,1.5395,25.868,2.4061,1.2257,0.06673,1.5418,82.75
19,145,4.1217,1.5476,25.932,2.2803,1.1312,0.06241,1.5481,83.09
19,146,4.1059,1.4442,25.447,2.427,1.1321,0.06426,1.5375,82.53
19,147,4.1027,1.5779,25.638,2.3067,1.1681,0.05909,1.5434,82.84
19,148,4.0359,1.6288,26.423,2.4576,1.2962,0.06463,1.5489,83.14
19,149,4.1673,1.3791,24.121,2.4755,1.2129,0.05913,1.5388,82.59
19,150,,1.4181,25.121,2.4849,1.2867,0.06329,1.5308,82.17
19,151,4.1346,1.4553,23.974,2.2023,1.1766,0.06488,1.5384,82.57
19,152,4.1318,1.632,27.091,2.381,1.1927,0.06317,1.5376,82.53
19,153,4.0718,1.6636,25.725,2.3456,1.1493,0.06068,1.5333,82.3
19,154,4.1236,1.4385,26.604,2.3518,1.0983,0.06623,1.5326,82.26
19,155,4.1318,1.6297,25.259,2.3444,1.2255,0.06727,1.5328,82.27
19,156,4.0941,1.7253,25.641,2.3976,1.1503,0.06426,1.5296,82.1
19,157,4.1,1.4483,26.352,2.3904,1.2114,0.06219,1.5194,81.56
19,158,,1.6267,24.891,2.4011,1.1267,0.06578,1.5232,81.76
19,159,4.0432,1.4451,26.053,2.3822,1.2175,0.06424,1.5377,82.54
19,160,4.0825,1.3814,25.183,2.3524,1.1821,0.06389,1.5165,81.4
19,161,4.0823,1.4398,25.409,2.3436,1.1945,0.06706,1.5134,81.23
19,162,4.1351,1.6075,26.217,2.4825,1.1492,0.06524,1.5071,80.9
19,163,4.1079,1.5795,26.089,2.4198,1.1255,0.06328,1.5154,81.34
19,164,4.0971,1.6462,25.774,2.4337,1.1686,0.0638,1.5069,80.89
19,165,4.1242,1.525,25.945,2.4006,1.0817,0.06315,1.5207,81.63
19,166,4.0657,1.4352,25.6,2.5718,1.188,0.06711,1.5119,81.15
19,167,4.1139,1.3138,25.516,2.431,1.0786,0.06583,1.4996,80.49
19,168,4.0893,1.425,25.354,2.3808,1.1349,0.06618,1.5078,80.93
19,169,4.144,1.7167,26.477,2.3838,1.1198,0.06591,1.4976,80.39
19,170,4.0985,1.4783,26.296,2.4098,1.1185,0.06563,1.5037,80.71
19,171,4.0843,1.5251,25.622,2.3645,1.1949,0.06474,1.4929,80.13
19,172,4.1183,1.4273,26.905,2.3656,1.2454,0.06609,1.5104,81.07
19,173,4.1029,1.5579,25.962,2.3561,1.1587,0.06781,1.4979,80.4
19,174,4.1402,1.5982,25.856,2.3877,1.229,0.06776,1.4819,79.54
19,175,4.095,1.5929,26.491,2.4047,1.145,0.06822,1.4985,80.43
19,176,4.0945,1.3688,27.269,2.5162,1.1588,0.06971,1.5001,80.52
19,177,4.0776,1.3691,24.91,2.4201,1.1106,0.06508,1.4878,79.86
19,178,,1.4611,25.517,2.3933,1.1771,0.06622,1.4823,79.56
19,179,4.1383,1.868,27.102,2.4564,1.071,0.06722,1.4833,79.62
19,180,4.1213,1.48,26.297,2.4624,1.2228,0.06973,1.4794,79.41
19,181,4.1167,1.4754,26.724,2.3808,1.1186,0.07028,1.487,79.82
19,182,4.1038,1.57,26.193,2.3003,1.0621,0.06807,1.4791,79.39
19,183,4.095,1.3802,25.477,2.4326,1.1662,0.06921,1.4653,78.65
19,184,4.1049,1.3565,26.081,2.4919,1.1153,0.06971,1.4647,78.62
19,185,4.1028,1.4978,25.79,2.348,1.0558,0.06919,1.4752,79.18
19,186,4.0693,1.5361,25.016,2.3783,1.1334,0.06628,1.4786,79.36
19,187,4.1388,1.5222,25.387,2.4494,1.1063,0.06828,1.4491,77.78
19,188,4.1033,1.6414,25.371,2.4008,1.1542,0.06646,1.4596,78.34
19,189,4.0832,1.4794,25.849,2.3687,1.134,0.0698,1.4596,78.34
19,190,4.1182,1.4696,25.803,2.471,1.1304,0.06757,1.4567,78.19
19,191,4.0619,1.4922,27.054,2.5054,1.151,0.06996,1.4615,78.45
19,192,4.051,1.4977,26.81,2.4985,1.0786,0.0661,1.451,77.88
19,193,4.0796,1.3013,25.656,2.4558,1.097,0.0675,1.445,77.56
19,194,4.0784,1.4625,26.847,2.4547,1.2588,0.06762,1.4443,77.52
19,195,4.0845,1.4891,27.577,2.5157,1.0136,0.06635,1.4513,77.9
19,196,4.0789,1.3484,26.263,2.3457,1.1045,0.06998,1.4446,77.54
19,197,4.0877,1.7108,26.882,2.5103,1.062,0.07168,1.4506,77.86
19,198,4.1303,1.6927,26.813,2.4866,1.0859,0.06712,1.4415,77.37
19,199,4.1041,1.3356,26.125,2.5159,1.1678,0.07033,1.4442,77.52
19,200,4.0636,1.4885,27.505,2.431,1.1405,0.06775,1.4253,76.5
19,201,4.066,1.5069,25.515,2.5544,1.0559,0.06603,1.4396,77.27
19,202,4.087,1.4753,26.913,2.4575,1.142,0.06847,1.4202,76.23
19,203,4.0648,1.3501,25.597,2.4037,1.0262,0.07019,1.4394,77.26
19,204,4.0917,1.5939,25.212,2.5087,1.023,0.06833,1.427,76.59
19,205,4.1041,1.3281,25.294,2.4102,1.0711,0.06928,1.4119,75.78
19,206,4.0847,1.6468,26.952,2.4209,1.0489,0.07274,1.4315,76.83
19,207,,1.6457,27.031,2.4994,1.0839,0.07324,1.4327,76.9
19,208,4.0924,1.3262,25.143,2.5916,1.1064,0.06953,1.4171,76.06
19,209,4.052,1.48,25.317,2.4665,1.109,0.07099,1.4194,76.19
19,210,4.0929,1.2341,27.761,2.4346,1.0849,0.0704,1.4294,76.72
19,211,4.0863,1.5395,25.522,2.6434,,0.07042,1.4166,76.03
19,212,4.0578,1.636,26.263,2.513,1.095,0.06577,1.4273,76.61
19,213,4.1238,1.5017,28.159,2.5721,1.0531,0.06994,1.3991,75.09
19,214,4.1363,1.4977,27.796,2.5548,1.1298,0.07088,1.4216,76.31
19,215,4.0569,1.3757,,2.4976,1.0051,0.0728,1.401,75.2
19,216,4.0665,,25.864,2.5129,1.0314,0.06942,1.4005,75.17
19,217,4.0838,1.4277,26.99,2.4987,,0.0693,1.3905,74.64
19,218,4.1003,1.4509,25.47,2.388,1.1188,0.07298,1.4116,75.77
19,219,4.0784,1.6296,27.605,2.4994,1.0412,0.06933,1.4065,75.49
19,220,4.095,,26.39,2.493,1.0954,,1.3995,75.12
19,221,4.0534,1.5153,26.923,2.4452,1.0958,,1.3851,74.35
19,222,4.1082,1.4235,25.859,,1.0503,0.06985,1.3952,74.89
19,223,4.0871,1.6177,26.278,2.6121,1.045,0.0738,1.4013,75.21
19,224,4.0834,1.6005,28.405,2.4885,1.0563,0.07306,1.3831,74.24
19,225,4.0244,1.4142,27.371,2.6205,0.9962,0.06957,1.3744,73.77
19,226,4.0642,1.4893,27.866,2.5949,1.0943,0.0687,1.396,74.93
19,227,4.1059,1.5722,26.188,2.5008,1.0946,0.0753,1.3716,73.62
19,228,4.0602,1.5011,27.812,2.6019,1.05,0.0713,1.3795,74.05
19,229,4.1175,1.3599,26.394,2.5929,1.0447,0.0715,1.3862,74.4
19,230,4.0858,1.3993,,2.5483,1.0125,0.07104,1.3769,73.91
19,231,4.0518,1.6367,26.149,2.5402,1.0148,0.07131,1.3691,73.49
19,232,4.0723,1.4545,26.117,2.5497,1.0776,0.07538,1.3823,74.2
19,233,4.0695,1.5507,26.99,2.4863,1.1039,0.073,1.3679,73.42
19,234,4.0853,1.5836,26.105,2.5337,1.1447,0.07625,1.3715,73.62
19,235,4.0651,1.2691,26.145,2.5317,1.0121,0.0727,1.3664,73.34
19,236,4.0488,1.5681,26.826,2.4851,1.1109,0.07482,1.3681,73.43
19,237,4.0863,1.3688,26.156,2.6208,1.0396,0.07398,1.3548,72.72
19,238,4.0882,1.5038,27.61,2.4404,0.9911,0.07337,1.3669,73.37
19,239,4.0643,1.3218,25.115,2.54,0.9977,0.07186,1.3613,73.07
19,240,4.0753,1.6923,27.218,2.6263,0.9972,0.07469,1.3463,72.26
19,241,4.0676,1.5393,26.64,2.583,1.065,0.07462,1.3636,73.19
19,242,4.0336,1.5305,26.787,2.5649,1.0201,0.07718,1.3489,72.4
19,243,4.0313,1.3993,26.288,2.618,0.9465,0.07183,1.3431,72.09
19,244,4.0914,1.3507,25.331,2.507,1.0451,0.07457,1.35,72.46
19,245,4.0882,1.5517,26.916,2.4603,0.9691,0.07831,1.3386,71.85
19,246,4.0454,1.491,27.037,2.6118,1.0378,0.07317,1.3399,71.92
19,247,4.0892,1.4836,26.842,2.5956,1.0625,0.0716,1.3507,72.5
19,248,4.0676,1.4687,26.478,2.6258,1.0308,0.07897,1.339,71.87
19,249,4.0714,1.5745,27.794,2.6465,1.0054,0.07269,1.3318,71.49
19,250,4.0711,1.6722,26.05,2.4969,1.0365,0.07241,1.3287,71.32
20,1,4.1721,1.6643,23.359,1.9822,1.5617,0.04559,1.938,99.91
20,2,4.1713,1.4875,23.446,2.0784,1.5221,0.04563,1.943,100.16
20,3,4.1952,1.3746,23.77,2.0341,1.5172,0.04628,1.9438,100.21
20,4,4.2035,1.2767,23.298,2.0327,1.488,0.04659,1.9341,99.71
20,5,4.1449,1.5496,24.222,1.9778,1.4585,0.04635,1.9308,99.54
20,6,4.1501,1.5957,23.326,1.9904,1.4148,0.04693,1.9418,100.1
20,7,4.169,1.556,24.184,2.0765,,0.04378,1.9274,99.36
20,8,4.2114,1.692,23.895,2.0297,1.451,0.04811,1.9376,99.89
20,9,4.1624,1.545,23.573,1.9927,1.4722,0.04505,1.9218,99.08
20,10,4.1084,1.3945,23.957,1.9851,1.3897,0.04628,1.9195,98.96
20,11,4.1528,1.4702,23.905,1.9838,1.5229,,1.923,99.14
20,12,4.1839,1.3146,24.657,2.1433,1.4668,0.04736,1.9138,98.66
20,13,4.1957,1.4032,24.014,2.084,1.4556,0.0487,1.9103,98.48
20,14,4.171,1.5585,23.596,2.1443,1.4358,0.05297,1.9282,99.4
20,15,4.2269,1.6212,23.428,2.2267,1.4041,0.04617,1.8951,97.7
20,16,4.1691,1.4961,24.851,2.2355,1.4239,0.04141,1.8958,97.74
20,17,4.1586,1.7208,24.441,2.0441,1.4017,0.04829,1.9092,98.42
20,18,4.2086,1.4774,25.321,2.0096,1.3613,,1.8996,97.93
20,19,4.1649,1.3814,23.217,2.1328,,0.04516,1.8958,97.73
20,20,4.2004,1.4899,25.03,2.0355,1.4759,0.04772,1.9036,98.14
20,21,4.2219,1.5311,23.817,2.1001,1.3979,0.04521,1.8887,97.37
20,22,4.1606,,25.153,2.0547,1.3938,0.04527,1.8893,97.4
20,23,4.1953,1.5344,24.87,2.1645,1.4198,0.0507,1.8804,96.94
20,24,4.1418,1.5484,24.462,2.1134,1.487,0.04809,1.8834,97.09
20,25,4.2027,1.5358,24.738,2.0211,1.6226,0.04482,1.8887,97.37
20,26,4.1541,1.7569,24.14,2.1353,1.4046,0.04604,1.8797,96.9
20,27,4.1499,1.529,24.86,2.2244,1.3704,0.04793,1.8863,97.24
20,28,4.1674,1.8125,24.572,1.9613,1.4201,0.04812,1.8786,96.85
20,29,4.149,1.3458,25.891,2.1338,1.4182,0.05274,1.8754,96.68
20,30,4.1816,1.3546,24.786,,1.448,0.05251,1.8681,96.31
20,31,4.1112,1.5089,24.767,2.1725,1.4986,0.05177,1.8736,96.59
20,32,4.1491,1.3706,23.797,2.1492,1.3551,0.04699,1.8696,96.38
20,33,4.149,1.5493,23.804,2.1394,1.3837,0.04516,1.8729,96.56
20,34,4.1473,1.4753,23.825,2.1565,1.438,0.05016,1.8739,96.6
20,35,4.163,1.5553,25.723,2.1454,1.3657,0.04974,1.8596,95.87
20,36,4.1138,1.284,24.12,2.1298,1.4002,0.05109,1.8605,95.91
20,37,4.1287,1.4065,23.844,2.1279,1.3714,0.04516,1.8521,95.48
20,38,4.166,1.3702,22.696,2.1722,1.4827,0.04937,1.8368,94.69
20,39,4.1694,,24.853,2.2089,1.5022,,1.8573,95.75
20,40,4.196,1.5659,25.259,2.0988,1.4187,0.04769,1.8439,95.06
20,41,4.1529,1.7874,25.276,2.0096,1.4059,0.05066,1.8507,95.41
20,42,4.1335,1.5856,23.838,,1.3507,0.04897,1.8448,95.1
20,43,4.1729,1.5102,24.504,2.1474,1.365,0.04713,1.854,95.58
20,44,4.1985,1.5791,24.826,2.0718,1.4457,0.05124,1.8487,95.31
20,45,4.1856,1.6971,23.885,,1.4078,0.04855,1.848,95.27
20,46,4.1898,1.3858,24.406,2.0518,1.3972,0.05289,1.831,94.39
20,47,4.185,1.4976,25.45,2.1757,1.3758,0.0514,1.8472,95.23
20,48,4.1252,1.3799,24.317,2.0789,1.3333,0.04992,1.8424,94.98
20,49,4.1823,1.5459,24.787,2.2793,1.3666,0.05136,1.8411,94.91
20,50,4.1253,1.6497,24.535,2.1991,1.3756,0.05349,1.8262,94.15
20,51,4.1861,1.615,23.314,2.1287,1.4361,0.05439,1.8208,93.87
20,52,4.1467,1.3916,24.947,2.1348,1.3681,0.05079,1.8323,94.46
20,53,4.2013,1.6312,24.801,2.1083,1.4192,0.05469,1.8314,94.41
20,54,4.1609,1.4494,24.863,2.2335,1.3959,0.05127,1.8302,94.35
20,55,4.22,1.4013,23.755,2.1774,1.3682,0.05365,1.8145,93.54
20,56,4.1244,1.4177,23.873,2.2152,1.4021,0.05098,1.8262,94.15
20,57,4.1262,1.4194,23.547,2.1796,1.3839,0.04987,1.8173,93.69
20,58,4.1803,1.385,24.297,2.2035,1.3751,0.04922,1.8168,93.66
20,59,4.1416,1.4884,24.592,2.2694,1.3611,0.04864,1.8077,93.19
20,60,4.1967,1.4889,24.356,2.1587,1.4001,0.05158,1.8097,93.3
20,61,4.1358,1.5014,25.162,2.1454,1.3504,0.05241,1.7947,92.52
20,62,4.1498,1.5654,,2.2001,1.3106,0.0503,1.7984,92.71
20,63,4.1858,1.3036,24.149,2.1821,1.4219,0.05646,1.7971,92.65
20,64,4.1647,1.4983,24.685,2.2019,1.283,0.05258,1.7969,92.63
20,65,4.1293,1.5646,23.475,2.1924,1.4296,0.05236,1.8017,92.88
20,66,4.1147,1.5568,25.603,2.1866,1.334,0.04906,1.788,92.18
20,67,4.1326,1.4342,26.018,2.083,1.2746,0.0535,1.7947,92.52
20,68,4.1364,1.5429,25.072,2.1351,1.3253,0.05326,1.7884,92.2
20,69,4.161,,25.034,2.2522,1.3567,0.05307,1.7907,92.31
20,70,4.1331,1.3979,24.479,2.2245,1.3071,0.05325,1.7853,92.03
20,71,4.1925,1.5974,25.534,,1.3225,0.05627,1.7834,91.94
20,72,4.1465,1.365,24.381,2.0952,1.3364,0.05249,1.784,91.97
20,73,4.1125,1.5954,25.464,2.305,1.4287,0.05407,1.7774,91.63
20,74,4.1532,1.4598,24.617,2.2429,1.5516,0.05621,1.7866,92.1
20,75,4.1583,1.5682,24.91,2.2526,1.3357,0.05198,1.7782,91.67
20,76,4.1612,1.4939,25.153,2.2667,1.3396,0.05323,1.7779,91.66
20,77,4.139,1.6957,25.0,2.2335,1.3212,0.05342,1.7662,91.05
20,78,4.1474,1.4496,25.895,2.2077,1.333,0.054,1.7627,90.87
20,79,4.1817,,25.035,2.121,1.3975,0.05426,1.7705,91.27
20,80,4.1121,1.6097,23.76,2.2354,1.3086,0.05421,1.7534,90.39
20,81,4.1197,1.4537,25.374,2.2025,1.3512,0.05424,1.7578,90.62
20,82,4.1535,1.4474,24.158,2.2783,1.2907,0.05584,1.7659,91.04
20,83,4.1311,1.564,26.167,2.261,1.3346,0.0582,1.7591,90.69
20,84,4.1144,1.4569,26.092,2.2834,1.2364,0.05421,1.7433,89.87
20,85,4.1407,1.621,25.946,2.2447,1.2999,0.05501,1.7439,89.9
20,86,4.2,1.3707,,2.2437,1.3651,0.05569,1.7578,90.62
20,87,4.1491,1.4352,25.326,2.2981,1.324,,1.7614,90.8
20,88,4.1429,1.5078,24.669,2.3131,1.1999,0.05575,1.7471,90.07
20,89,4.1923,1.5116,25.438,2.243,1.3219,0.05921,1.7467,90.05
20,90,4.1228,1.604,25.41,2.2215,1.3089,0.05763,1.7348,89.43
20,91,4.1212,1.5422,25.103,2.2675,1.2984,0.0535,1.7454,89.98
20,92,4.1523,1.6836,24.271,2.2369,1.3015,0.05525,1.7447,89.94
20,93,4.1115,1.5464,24.772,2.1953,1.3774,0.06091,1.7248,88.92
20,94,4.1001,1.5617,23.534,2.1647,1.3282,0.05351,1.7345,89.42
20,95,4.1002,1.521,26.064,2.2112,1.3042,0.05477,1.7305,89.21
20,96,4.116,1.6087,24.152,2.2304,1.3227,0.05834,1.7247,88.91
20,97,4.1345,1.4463,25.84,2.1994,1.2606,0.05934,1.732,89.29
20,98,4.1458,1.5865,25.204,2.1672,1.3137,0.05672,1.7292,89.15
20,99,4.1082,1.5093,24.113,2.2479,1.2832,0.05664,1.7173,88.53
20,100,4.1505,1.4296,25.811,2.2443,1.3852,0.05583,1.7252,88.94
20,101,4.1554,1.5662,26.253,2.2797,1.4079,0.05674,1.707,88.0
20,102,4.121,1.5743,,2.3109,1.3342,0.05077,1.7261,88.98
20,103,4.1193,1.4701,24.973,2.3225,1.301,0.05634,1.715,88.41
20,104,4.1715,1.4379,25.069,2.3954,1.2547,0.05693,1.7016,87.72
20,105,4.0926,1.3091,24.646,2.2409,1.2946,0.05564,1.7131,88.31
20,106,4.0784,1.5075,,2.2893,1.2784,0.0564,1.7125,88.29
20,107,4.1627,1.4441,25.999,2.3403,1.1964,0.05758,1.7054,87.92
20,108,,1.6112,25.808,2.2905,1.2252,0.05838,1.6969,87.48
20,109,4.1329,1.437,26.073,2.2552,1.2884,0.05855,1.6921,87.23
20,110,4.1331,1.553,24.666,2.3022,1.3211,0.05899,1.6998,87.63
20,111,4.1344,1.473,25.205,2.209,1.3444,0.06219,1.6955,87.41
20,112,4.1493,1.6917,24.808,2.153,1.3486,0.05842,1.6905,87.15
20,113,4.1303,1.4727,27.691,2.2526,1.2877,0.06114,1.6898,87.12
20,114,4.1561,1.466,25.206,2.1545,1.2701,0.05875,1.7021,87.75
20,115,4.1731,1.6026,,2.2864,1.3349,0.05882,1.6956,87.41
20,116,4.1479,1.5645,24.237,2.3547,1.2887,0.06033,1.6967,87.47
20,117,4.1395,1.6736,25.233,2.3199,1.2271,0.06019,1.6879,87.02
20,118,4.1111,1.5289,24.996,2.2712,1.2817,0.0597,1.6853,86.88
20,119,4.1357,1.4815,25.074,2.23,1.2547,0.05823,1.6657,85.87
20,120,4.0823,,24.497,2.3126,1.3214,0.06041,1.6891,87.08
20,121,4.1148,1.421,25.763,2.274,1.1846,0.06069,1.6681,85.99
20,122,4.1206,1.5327,24.298,2.1776,1.1666,0.05955,1.6848,86.85
20,123,4.1383,1.4947,26.26,2.3567,1.2373,0.05775,1.6701,86.1
20,124,4.16,1.4055,24.177,2.3155,1.1733,0.06014,1.6551,85.32
20,125,4.1468,,26.526,2.3208,1.2067,0.05793,1.6655,85.86
20,126,4.1732,1.489,,2.4017,1.2601,0.05862,1.6618,85.67
20,127,4.1121,1.5537,25.998,2.282,1.2579,0.06344,1.6698,86.08
20,128,,1.4483,26.916,2.2634,1.2237,0.06338,1.6568,85.41
20,129,4.1424,1.3895,25.481,2.3151,1.204,0.06187,1.6721,86.2
20,130,4.0892,1.325,26.72,2.2882,1.2149,0.05854,1.6513,85.13
20,131,4.0865,1.3752,25.165,2.3179,1.2756,0.05937,1.6663,85.9
20,132,4.1039,1.3988,24.58,2.2746,1.1829,,1.6656,85.87
20,133,4.1168,1.3964,24.532,2.3915,1.3135,0.0635,1.6431,84.71
20,134,4.0864,1.7575,25.714,2.245,1.2845,0.06121,1.6372,84.4
20,135,4.0633,1.4811,26.356,2.2894,1.2952,0.05857,1.6514,85.13
20,136,4.1599,1.3823,25.708,2.3655,1.2345,0.06082,1.6438,84.74
20,137,4.1233,1.5082,24.505,2.399,1.1808,0.05862,1.6356,84.32
20,138,4.0956,1.4897,24.65,2.3617,1.2942,0.06177,1.6357,84.32
20,139,4.0946,1.5474,24.151,2.2636,1.1388,0.06191,1.6267,83.86
20,140,4.0855,1.619,25.372,2.2574,1.3062,0.06612,1.6535,85.24
20,141,4.1256,1.5286,25.608,2.3605,1.2558,0.06525,1.6373,84.41
20,142,4.1193,1.5107,26.536,2.4868,1.2708,0.06364,1.6277,83.91
20,143,4.1473,1.8112,24.741,2.3797,1.0905,0.06406,1.637,84.39
20,144,4.1015,1.2012,25.358,2.3594,1.2137,0.06104,1.6321,84.14
20,145,4.1135,1.4255,26.298,2.3444,1.1253,0.06275,1.6183,83.43
20,146,4.1547,1.6333,25.193,2.4357,1.1435,0.06258,1.6267,83.86
20,147,4.1503,1.7487,27.082,2.3437,1.2408,0.06309,1.6273,83.89
20,148,4.1105,1.7379,26.578,2.4786,1.1523,0.062,1.6134,83.18
20,149,4.1315,1.5083,26.438,2.4037,1.1379,0.06439,1.6203,83.53
20,150,4.1199,1.3017,25.341,2.3839,1.1638,0.06484,1.6235,83.69
20,151,4.1154,1.5247,25.996,2.3597,1.1401,,1.6186,83.44
20,152,4.1471,1.6058,27.129,2.2782,1.1831,0.06739,1.6112,83.06
20,153,,,27.439,2.3249,1.225,0.06414,1.6025,82.62
20,154,4.1103,1.4567,26.338,2.4725,1.1753,0.06279,1.5909,82.02
20,155,4.0925,1.3621,26.797,2.3635,1.2155,0.06806,1.6244,83.74
20,156,4.1049,1.375,25.99,2.3385,1.1314,0.06518,1.5909,82.01
20,157,4.0781,1.3807,25.907,,1.203,0.06652,1.6001,82.49
20,158,4.0933,1.5566,24.963,2.3823,1.175,0.06188,1.6032,82.65
20,159,4.059,1.3816,24.913,2.3458,1.2544,0.06559,1.6007,82.52
20,160,4.1095,1.5226,27.045,2.2696,1.2249,0.06318,1.5945,82.2
20,161,4.1202,1.6121,27.333,2.298,1.2357,0.06419,1.5955,82.25
20,162,4.1579,1.6085,25.74,2.4405,1.179,0.06357,1.5857,81.75
20,163,4.1143,1.4508,26.021,2.4384,1.1847,0.06851,1.5824,81.58
20,164,4.1399,1.6418,27.358,2.505,1.0907,0.06521,1.5853,81.72
20,165,4.1085,1.4771,25.518,2.3228,1.1815,0.06667,1.5821,81.56
20,166,4.0971,1.4411,25.126,2.3769,1.191,0.06743,1.577,81.3
20,167,4.1041,1.6664,25.261,2.4697,1.1484,0.06646,1.5693,80.9
20,168,4.1159,1.7183,26.181,2.4547,1.1846,0.06359,1.5749,81.19
20,169,4.0987,1.3559,26.222,2.4363,1.2098,0.06814,1.5734,81.11
20,170,4.0884,1.4787,26.685,2.4214,1.1691,0.06365,1.5801,81.46
20,171,4.1176,1.2915,23.93,2.4428,1.1379,0.06646,1.5661,80.74
20,172,4.0773,1.3254,25.633,2.3604,1.1666,0.06672,1.5808,81.5
20,173,4.1033,1.6529,26.796,2.3936,1.1948,0.06267,1.5687,80.87
20,174,4.1023,1.382,25.613,2.4682,1.1246,0.0667,1.5725,81.07
20,175,4.1019,1.4225,25.956,2.3235,1.1362,0.06379,1.5689,80.88
20,176,4.0691,1.5364,27.062,2.4826,1.0943,0.06479,1.5594,80.39
20,177,4.118,1.4527,25.678,2.4171,1.0653,0.06729,1.5645,80.65
20,178,4.0902,1.3564,27.094,2.4271,1.1911,0.06372,1.5642,80.64
20,179,4.1098,1.6502,25.425,2.4118,1.0687,0.06508,1.5429,79.54
20,180,4.1112,1.2743,26.945,2.4088,1.2135,0.068,1.5493,79.87
20,181,4.1491,1.4334,26.2,2.3608,1.1445,0.06816,1.556,80.22
20,182,4.0885,1.3827,26.102,2.3709,1.1195,0.06818,1.5561,80.22
20,183,4.1185,1.487,26.988,2.4254,1.1309,0.06476,1.5489,79.85
20,184,4.0581,1.5535,25.546,2.3299,1.1161,0.06764,1.5261,78.68
20,185,4.096,1.5204,25.814,2.4666,1.1324,0.06705,1.5441,79.6
20,186,4.1161,1.5057,25.977,2.41,1.0398,0.06951,1.547,79.75
20,187,4.1172,1.533,27.397,2.4653,1.1805,0.06626,1.5311,78.93
20,188,4.0991,1.2981,25.639,2.3646,1.0897,0.06875,1.5242,78.57
20,189,4.0909,1.5668,25.916,2.5821,1.1492,0.0665,1.5366,79.21
20,190,4.1255,1.4356,25.068,2.3651,1.0997,0.06769,1.5372,79.25
20,191,4.0836,1.5037,26.556,2.479,1.1454,0.0715,1.5151,78.11
20,192,4.0991,,25.658,2.3564,1.1377,0.0687,1.5348,79.12
20,193,4.0998,1.6554,27.362,2.3826,1.1018,0.06814,1.5311,78.93
20,194,4.0866,1.5653,26.308,2.4476,1.0749,0.06929,1.5162,78.16
20,195,4.0732,1.3741,27.173,2.5536,1.1347,0.06768,1.5232,78.52
20,196,4.1036,1.5041,27.131,2.4016,1.0881,0.06925,1.526,78.67
20,197,4.1073,1.6727,25.329,2.4553,1.2136,0.06745,1.5164,78.17
20,198,4.0349,1.5419,26.891,2.4903,1.0629,0.06874,1.5077,77.72
20,199,4.0918,1.3985,26.328,2.408,1.0215,0.07024,1.5131,78.0
20,200,4.1048,1.4659,26.86,2.5203,1.2008,0.07063,1.5103,77.86
20,201,4.0551,1.5174,25.295,2.4117,1.2096,0.06707,1.5102,77.85
20,202,4.1094,1.4495,26.978,2.3948,1.0822,0.07163,1.4862,76.62
20,203,4.0844,1.5654,25.939,2.4807,1.1049,0.07043,1.4923,76.93
20,204,4.1551,1.5862,26.463,2.4921,1.0982,0.06631,1.5155,78.13
20,205,4.1148,1.355,25.498,2.4343,1.1221,0.07435,1.4983,77.24
20,206,4.0896,1.5316,26.269,2.4689,1.0766,0.07521,1.4901,76.82
20,207,4.0754,1.6731,26.897,2.476,1.0926,0.06934,1.5005,77.35
20,208,4.0446,1.5757,26.433,2.5288,1.0507,0.06776,1.4826,76.43
20,209,4.0786,1.634,26.696,2.5892,1.1359,0.0709,1.4965,77.15
20,210,4.0787,1.3344,26.61,2.595,0.9819,0.07114,1.4946,77.05
20,211,4.0845,1.5412,27.179,2.495,1.1576,0.07265,1.4738,75.98
20,212,4.112,1.4943,26.149,2.4111,1.1559,0.06984,1.4824,76.42
20,213,,1.4799,26.293,2.4731,1.0663,0.07602,1.4625,75.4
20,214,4.1012,1.5611,27.544,2.5005,1.1319,0.0718,1.4931,76.97
20,215,4.1068,1.4818,26.605,2.4304,1.0424,0.06574,1.4788,76.23
20,216,4.1011,1.6627,25.905,2.5173,1.0845,0.0724,1.4793,76.26
20,217,4.0739,1.3461,25.846,2.494,1.0888,0.06767,1.4683,75.7
20,218,4.0859,1.7017,26.182,2.5251,1.0505,0.07027,1.4674,75.65
20,219,4.0553,1.4759,27.437,2.4527,1.0304,0.0717,1.4623,75.39
20,220,4.0793,1.5635,25.909,2.4453,1.1255,0.07111,1.4673,75.64
20,221,4.1112,1.6346,25.718,2.4938,1.1278,0.07257,1.4699,75.78
20,222,4.0391,1.4593,26.671,2.4176,1.1126,0.0714,1.4645,75.5
20,223,4.0655,1.4991,26.571,2.5921,1.0949,0.06903,1.4451,74.5
20,224,4.0725,1.5487,27.54,2.6123,1.1545,0.071,1.447,74.6
20,225,4.0894,1.4029,25.073,2.5172,,0.0703,1.4643,75.49
20,226,4.0838,1.6876,26.947,2.4795,0.9601,0.07304,1.4492,74.71
20,227,4.0641,1.674,25.98,2.4722,1.0512,0.07112,1.4529,74.9
20,228,4.089,1.6603,27.33,2.508,1.0459,0.07327,1.4549,75.01
20,229,4.0781,1.5955,26.973,2.536,1.0197,0.07518,1.4469,74.59
20,230,4.0875,1.4762,27.597,2.5733,1.0551,0.07571,1.4375,74.11
20,231,4.0981,1.4475,27.033,2.4656,1.0566,0.07262,1.4428,74.38
20,232,4.0588,1.9036,26.163,2.5367,1.0708,0.07392,1.4492,74.71
20,233,4.0812,1.4672,28.255,2.4877,1.0438,0.07163,1.436,74.03
20,234,4.0397,1.6157,26.409,2.4802,1.0005,0.07369,1.4316,73.8
20,235,4.0749,1.4439,27.101,2.4896,1.0523,,1.4361,74.03
20,236,4.1245,1.6044,27.101,2.553,1.1455,0.07559,1.4203,73.22
20,237,4.0556,1.4695,25.365,2.511,1.0791,0.07471,1.4345,73.95
20,238,4.06,1.6018,27.638,2.4013,1.06,0.07772,1.4346,73.96
20,239,4.0094,1.4383,,2.4996,0.9796,0.07554,1.4252,73.48
20,240,4.0806,1.6831,26.647,2.5432,1.1512,0.07497,1.4317,73.81
20,241,4.0524,1.4862,26.073,2.6418,0.9613,0.07575,1.4281,73.62
20,242,4.031,1.6734,26.905,2.4637,,0.0724,1.426,73.51
20,243,4.058,1.431,25.882,2.5934,1.0499,0.07468,1.4176,73.08
20,244,4.0715,1.4483,26.263,2.6504,1.0757,0.07316,1.4142,72.91
20,245,4.0272,,26.979,2.5578,1.0343,0.07507,1.4031,72.33
20,246,4.107,1.5132,27.204,2.513,1.0418,0.07867,1.4047,72.42
20,247,4.041,1.4333,26.617,2.523,0.9725,0.07454,1.403,72.33
20,248,4.0647,1.5256,27.281,2.5931,1.0975,0.07524,1.4213,73.27
20,249,4.0432,1.6261,26.464,2.505,1.0329,0.07796,1.4067,72.52
20,250,4.0666,1.4197,28.121,2.5556,,0.07611,1.4105,72.71
21,1,4.1631,1.3649,22.859,2.1159,1.5149,0.04347,1.9422,99.73
21,2,4.1868,1.4614,22.997,2.0788,1.5766,0.04527,1.9525,100.26
21,3,4.1734,1.6111,24.049,1.9159,1.4457,0.04562,1.9513,100.2
21,4,4.1744,1.5042,23.583,2.1559,1.5552,0.04413,1.95,100.13
21,5,4.1326,1.5732,24.256,2.0194,1.4857,0.04314,1.9271,98.96
21,6,4.1677,1.3711,23.624,2.0424,1.4941,0.04805,1.9436,99.8
21,7,4.1808,1.4786,23.603,1.9621,1.4739,0.04414,1.9441,99.83
21,8,4.1714,1.5909,23.819,2.0296,1.5035,0.04652,1.9429,99.77
21,9,4.1736,1.5961,24.739,1.9422,1.4564,0.04811,1.9337,99.29
21,10,4.1332,1.4848,24.518,2.0483,1.5289,0.04989,1.9209,98.64
21,11,4.1655,1.2278,24.334,,1.4365,0.04862,1.9116,98.16
21,12,4.1351,1.2285,24.835,2.1425,1.4452,0.04389,1.9143,98.3
21,13,4.243,1.4737,23.162,2.1549,1.4067,0.04583,1.9296,99.08
21,14,4.1661,1.3487,24.994,2.0267,1.4921,0.04647,1.8998,97.55
21,15,4.1863,1.4958,23.657,2.0363,1.4834,0.043,1.9198,98.58
21,16,4.1761,1.4619,24.359,2.0501,1.451,0.04466,1.9302,99.12
21,17,4.1704,1.525,25.421,2.0406,1.4485,0.04374,1.9178,98.48
21,18,4.1715,,24.096,2.056,1.5783,0.04724,1.9171,98.44
21,19,4.143,1.6091,24.26,2.1196,1.4962,0.04707,1.9131,98.23
21,20,4.1128,1.4565,23.642,2.0271,1.5196,0.04937,1.9032,97.73
21,21,4.1744,1.4051,24.432,2.0506,1.4154,0.04945,1.892,97.15
21,22,4.2078,1.4773,23.072,2.1538,1.4933,0.0489,1.9111,98.14
21,23,4.1429,1.5678,23.648,2.0833,1.5867,0.05202,1.8966,97.39
21,24,4.1526,1.4169,24.761,2.1923,1.4177,,1.9068,97.92
21,25,4.134,1.3407,23.168,2.1378,1.4534,0.05027,1.8992,97.52
21,26,4.1304,1.5586,23.685,2.0606,1.4842,0.04701,1.8825,96.67
21,27,4.1616,1.4813,24.85,2.0369,1.4255,0.05056,1.8909,97.1
21,28,4.1335,1.5439,24.237,2.1035,1.3998,0.04987,1.9094,98.05
21,29,4.23,1.3458,22.765,2.2359,1.4314,0.04757,1.896,97.36
21,30,4.1316,1.5496,24.355,2.1794,1.4738,0.05048,1.8898,97.04
21,31,4.2062,1.5738,24.034,2.0685,1.3943,0.0499,1.8878,96.94
21,32,4.1695,1.4049,23.267,2.0547,1.4225,0.05037,1.8736,96.21
21,33,4.1133,1.8835,,2.1777,1.5048,0.04914,1.8768,96.37
21,34,4.1986,1.667,25.101,2.1762,1.361,0.04857,1.8791,96.49
21,35,4.1844,1.3298,23.791,2.2163,1.4483,0.04956,1.8918,97.14
21,36,4.1617,1.4425,23.696,2.1876,1.432,0.05073,1.8778,96.43
21,37,4.1986,1.5601,25.175,2.1388,1.3718,0.04899,1.8785,96.46
21,38,4.1798,1.6798,24.304,2.1443,1.411,0.05281,1.8768,96.37
21,39,4.1723,1.5016,24.29,2.046,1.3521,0.05004,1.8731,96.18
21,40,4.1666,1.619,24.697,2.1143,1.402,0.05029,1.8685,95.94
21,41,4.1882,1.5048,24.699,2.0885,1.4629,0.0528,1.863,95.66
21,42,4.1711,1.4934,,2.1674,1.2938,0.05156,1.8531,95.15
21,43,4.1913,1.3931,24.363,2.108,1.3139,0.04892,1.8708,96.07
21,44,4.1686,1.3108,23.517,2.1129,,0.05584,1.8512,95.06
21,45,4.1339,1.4253,24.977,2.0642,1.4589,0.05095,1.8603,95.53
21,46,4.1172,1.6173,24.084,2.1565,1.3934,0.04735,1.8549,95.25
21,47,4.1286,1.4288,24.825,2.1915,1.3983,0.04887,1.852,95.1
21,48,4.1418,1.2508,24.336,2.0518,1.4002,0.04784,1.8466,94.82
21,49,4.1747,1.5103,23.092,2.1207,1.4063,0.04964,1.8401,94.49
21,50,4.1636,1.5129,23.822,2.1568,1.3791,0.05445,1.845,94.74
21,51,4.1604,1.5388,24.401,2.1141,1.4153,0.05206,1.8449,94.74
21,52,4.1752,1.5989,25.317,2.1161,1.3328,0.04923,1.8604,95.53
21,53,4.1917,1.596,,2.2613,1.3684,0.04906,1.8472,94.85
21,54,4.188,1.4068,23.172,2.1653,1.4263,,1.8417,94.57
21,55,4.1211,1.5952,23.177,2.076,1.4186,0.05403,1.8455,94.77
21,56,4.2147,1.3857,23.707,2.1491,1.366,0.05229,1.8356,94.26
21,57,4.1685,1.5738,26.063,2.1404,1.3968,0.05305,1.8277,93.85
21,58,4.1486,1.261,24.476,,1.377,0.0504,1.8316,94.05
21,59,4.1648,1.5128,25.835,2.0876,1.3505,0.04944,1.8162,93.26
21,60,4.184,1.7397,25.425,2.2218,1.4005,0.05335,1.8358,94.27
21,61,4.168,1.7659,25.226,2.1786,1.3845,0.05202,1.8259,93.76
21,62,4.1475,1.6466,25.755,2.309,1.3721,0.05302,1.8255,93.74
21,63,4.1566,1.645,23.63,2.2087,1.4712,0.05529,1.8235,93.64
21,64,,1.4381,24.094,2.1377,1.3151,0.05457,1.8295,93.94
21,65,4.1616,1.6063,25.142,2.2182,1.2649,,1.8292,93.93
21,66,4.1493,1.537,24.264,2.1231,1.3271,0.05002,1.8121,93.05
21,67,4.1244,1.3378,25.032,2.1361,1.2677,0.05224,1.8042,92.65
21,68,4.1859,1.5261,23.671,2.2263,1.3634,,1.8025,92.56
21,69,4.1246,1.6346,24.662,2.1909,1.3263,0.05191,1.822,93.56
21,70,4.101,1.5521,24.994,2.1057,1.3902,0.05631,1.8039,92.63
21,71,4.1284,1.6443,25.348,2.1896,1.3956,,1.8001,92.43
21,72,4.1472,1.562,25.817,2.0512,1.4148,0.05263,1.8148,93.19
21,73,4.1888,1.4742,24.481,2.1976,1.2814,0.05816,1.8054,92.71
21,74,4.1878,1.4711,24.881,2.26,1.2958,0.05367,1.799,92.38
21,75,4.1409,1.4533,25.736,2.2886,1.4294,0.05265,1.8046,92.67
21,76,4.134,,24.072,2.1393,1.3103,0.05224,1.7907,91.95
21,77,4.1658,1.4537,24.713,2.0562,1.3249,0.05673,1.8004,92.45
21,78,4.1176,1.6768,24.257,2.3044,1.487,0.05414,1.7872,91.77
21,79,4.1027,1.3063,24.078,2.2616,1.3451,0.05411,1.7993,92.39
21,80,4.1408,1.4348,24.144,2.1559,1.3467,0.05316,1.777,91.25
21,81,4.0993,1.5725,25.252,2.2034,1.3464,0.05659,1.7852,91.67
21,82,4.1448,1.3557,24.881,2.2049,1.3319,0.05654,1.7717,90.98
21,83,4.1698,1.4649,25.516,2.251,1.3182,0.05519,1.7878,91.8
21,84,4.1771,1.6098,24.871,2.1991,1.3805,0.05776,1.7782,91.31
21,85,4.1582,1.6691,25.083,2.23,1.3563,0.05434,1.7798,91.39
21,86,4.1303,1.5203,26.589,2.1142,1.3442,0.054,1.7888,91.86
21,87,4.1107,1.4685,25.026,2.2436,1.3724,0.05079,1.7732,91.06
21,88,4.136,1.5055,25.088,2.1816,1.2481,0.05599,1.7702,90.9
21,89,4.15,,25.503,2.2308,1.3223,0.05519,1.7613,90.44
21,90,4.1337,1.6553,24.039,2.1967,1.374,0.05744,1.764,90.58
21,91,4.1376,,24.032,2.2183,1.3616,0.05541,1.776,91.2
21,92,4.1485,1.5171,24.772,2.1795,1.3651,0.05814,1.7606,90.4
21,93,4.1281,1.594,24.319,2.264,1.2979,0.05373,1.7527,90.0
21,94,4.1292,1.577,24.323,2.335,1.4166,0.05328,1.7734,91.06
21,95,4.1704,1.458,25.417,2.1446,1.2733,0.05701,1.7559,90.16
21,96,4.1278,1.3325,25.474,2.1674,1.387,,1.7505,89.89
21,97,4.1539,1.3963,24.579,2.2212,1.292,0.05404,1.7596,90.35
21,98,4.1187,1.501,25.982,2.2852,1.278,0.05884,1.7555,90.14
21,99,4.1178,1.4532,25.932,2.2995,1.2324,0.05487,1.7545,90.09
21,100,4.1056,,26.883,2.2771,1.2597,0.05735,1.7527,90.0
21,101,4.137,1.5732,24.66,2.213,1.3501,0.0557,1.7535,90.04
21,102,4.1264,1.553,26.134,2.3601,1.2986,0.05856,1.7225,88.45
21,103,4.1425,1.493,25.537,2.2174,1.398,0.05258,1.7421,89.46
21,104,4.1412,1.5602,24.374,2.1621,1.3286,0.06016,1.7437,89.54
21,105,4.1529,1.4608,25.478,2.3386,1.28,0.05997,1.7389,89.29
21,106,4.117,1.5814,26.892,2.2694,1.2377,0.06148,1.7221,88.43
21,107,4.1485,1.4759,25.369,2.2357,1.4041,0.06022,1.7322,88.95
21,108,4.1117,,24.818,2.4209,1.2779,0.06006,1.7453,89.62
21,109,4.1102,1.5068,27.004,2.3401,1.1828,0.05941,1.721,88.37
21,110,4.1135,1.5777,26.532,2.3572,1.3,0.05889,1.718,88.22
21,111,4.0907,1.7359,25.026,2.2918,1.2628,0.05601,1.7359,89.14
21,112,4.1355,1.5042,,2.3705,1.3933,0.06095,1.7269,88.67
21,113,4.0882,1.5922,26.004,2.3273,1.2244,0.06026,1.7234,88.5
21,114,4.1041,1.5993,24.838,,1.2353,0.05798,1.7317,88.92
21,115,4.1386,1.6241,26.502,2.2464,1.2943,0.0566,1.7144,88.04
21,116,4.1289,1.4067,25.727,2.278,1.2828,0.06137,1.7143,88.03
21,117,4.1486,1.6907,26.738,2.2783,1.2239,0.05762,1.7098,87.8
21,118,4.1441,1.6075,25.639,2.21,1.2497,0.06192,1.6985,87.22
21,119,4.146,1.9148,26.188,2.1633,1.2164,0.05989,1.7141,88.02
21,120,4.1217,1.4995,24.812,2.3177,1.3379,,1.7073,87.67
21,121,4.1017,1.5157,25.22,2.3314,1.2663,0.05907,1.7188,88.26
21,122,4.1276,1.5332,25.834,2.3387,1.3021,0.06274,1.7148,88.06
21,123,4.1328,1.5062,25.243,2.3478,1.3245,0.05858,1.6909,86.83
21,124,4.0884,1.5894,24.883,2.2634,1.268,0.05908,1.7127,87.95
21,125,4.139,1.6123,25.506,2.2932,1.2336,0.05658,1.6743,85.98
21,126,4.1434,1.6467,26.165,2.3315,1.2921,0.06155,1.6807,86.3
21,127,4.1284,1.4835,25.278,2.3783,1.3324,0.05555,1.6869,86.62
21,128,4.1147,1.6586,24.566,2.1321,1.2942,0.06229,1.6892,86.74
21,129,4.1188,1.703,24.929,2.3208,,0.05762,1.675,86.01
21,130,4.0792,1.4998,24.927,2.3282,1.2806,0.06338,1.6827,86.41
21,131,4.1262,1.4817,25.25,,1.2764,0.05973,1.7039,87.5
21,132,4.0973,1.4639,25.887,2.3114,1.1518,0.06081,1.6874,86.65
21,133,4.1497,1.6365,23.933,2.37,1.2623,0.05799,1.6748,86.0
21,134,4.0877,1.6575,25.28,2.2315,1.3511,0.05799,1.6863,86.59
21,135,4.104,1.4656,26.138,2.3294,1.2895,0.06194,1.6708,85.8
21,136,4.1325,1.5485,25.19,2.453,1.2658,0.0632,1.6619,85.34
21,137,4.1078,1.5966,26.013,2.2951,1.1789,0.06149,1.6811,86.32
21,138,4.1183,1.4988,25.676,2.3136,1.3147,0.0621,1.676,86.06
21,139,4.0722,1.4972,25.203,2.2968,1.28,0.06184,1.6654,85.52
21,140,4.1325,1.3312,26.032,,1.2325,0.06175,1.6539,84.93
21,141,4.1218,1.531,27.225,2.3508,1.2424,0.0605,1.6641,85.45
21,142,4.0905,1.6593,24.708,2.2883,1.1481,0.06288,1.6664,85.57
21,143,4.1328,1.4044,26.026,2.3764,1.2364,0.06222,1.658,85.14
21,144,4.0924,1.3926,26.034,2.321,1.248,,1.6605,85.26
21,145,4.0997,1.4828,25.751,2.3825,1.2207,0.06656,1.6537,84.92
21,146,4.1338,1.5175,26.582,2.3346,1.1902,,1.6587,85.18
21,147,4.12,1.6399,26.043,2.3404,1.1927,0.06476,1.6529,84.88
21,148,4.1121,1.5566,26.07,2.4124,1.2135,0.06551,1.6487,84.66
21,149,4.1222,1.5003,27.463,2.3324,1.2024,0.06311,1.6474,84.59
21,150,4.1204,1.67,26.122,,1.2021,0.06199,1.6453,84.49
21,151,4.1122,1.6634,25.241,2.4445,1.2053,0.06342,1.6462,84.53
21,152,4.1256,1.4075,26.012,2.3766,1.1918,0.05911,1.6349,83.95
21,153,4.0848,1.5557,25.319,2.4224,1.195,0.06186,1.6587,85.18
21,154,,1.4735,26.368,2.4532,1.1604,0.06226,1.6442,84.43
21,155,4.0603,1.6862,25.284,2.3387,1.2191,0.0637,1.6403,84.23
21,156,4.1528,1.2144,24.632,2.3298,1.1537,0.06616,1.6278,83.59
21,157,4.1483,1.4902,24.783,2.2445,1.1869,0.06244,1.6202,83.2
21,158,4.0976,1.6384,25.948,2.3456,1.2491,0.06442,1.6334,83.88
21,159,4.1372,1.4886,25.925,2.4233,1.0774,0.06388,1.6357,83.99
21,160,4.1174,1.4279,26.71,2.3312,1.1728,0.06287,1.6258,83.48
21,161,4.0554,1.7386,27.397,2.3424,1.2488,0.06458,1.6354,83.98
21,162,4.1309,1.7875,25.039,2.3894,1.1104,0.0634,1.6368,84.05
21,163,4.1184,1.6426,26.538,2.4065,1.1702,0.06314,1.6396,84.19
21,164,4.0379,1.5148,26.178,2.3465,1.1812,0.06573,1.6152,82.94
21,165,4.0758,1.4294,26.498,2.4199,1.2566,0.06741,1.6247,83.43
21,166,4.098,1.7143,25.513,2.5289,1.214,0.066,1.635,83.95
21,167,4.071,1.3961,25.972,2.4092,1.2902,0.06314,1.6216,83.27
21,168,4.0978,1.4917,25.875,2.3717,1.2099,0.06437,1.624,83.39
21,169,4.0973,1.5801,25.002,2.4293,1.2357,0.06824,1.5984,82.08
21,170,4.0584,1.6032,26.938,2.3532,1.1755,0.06637,1.6104,82.69
21,171,4.0967,1.6326,26.464,2.4078,1.2473,0.06386,1.62,83.19
21,172,4.1033,1.345,26.864,2.4488,1.177,0.06512,1.6056,82.45
21,173,4.1198,1.5323,25.581,2.3702,1.1723,0.06389,1.6018,82.25
21,174,4.0819,1.4116,28.536,2.5193,1.1791,0.06758,1.6024,82.28
21,175,4.0994,1.5602,25.962,2.4797,1.2353,0.06912,1.606,82.47
21,176,,1.5172,27.77,2.3792,1.1033,0.07018,1.5979,82.05
21,177,4.1133,1.4833,25.428,2.3637,1.1743,0.06594,1.5991,82.11
21,178,4.1422,1.4763,27.098,2.3704,1.167,0.0683,1.5763,80.94
21,179,4.0928,1.588,,2.4037,1.1085,0.06523,1.5965,81.98
21,180,,1.7181,27.148,2.3666,1.2513,0.06644,1.5848,81.38
21,181,4.0751,1.4729,26.97,2.3639,1.1629,0.06766,1.5913,81.71
21,182,4.0537,1.6362,28.638,2.4476,1.1869,0.06507,1.5757,80.91
21,183,4.0882,1.6671,26.882,2.4579,1.1882,0.06808,1.5937,81.84
21,184,4.1214,,25.946,2.5111,1.1625,0.06643,1.5822,81.25
21,185,4.1177,1.3718,26.65,2.4326,1.1895,0.06722,1.5862,81.45
21,186,4.0505,1.4205,26.729,2.5841,1.1691,0.06593,1.5797,81.12
21,187,4.0735,1.678,26.496,2.4923,1.1405,0.06972,1.5751,80.88
21,188,4.096,1.593,26.153,2.4541,1.1592,0.06966,1.559,80.06
21,189,4.1048,1.6339,25.346,2.3876,1.0764,0.06878,1.575,80.88
21,190,4.1291,1.5707,25.859,2.4429,1.0496,0.06698,1.5714,80.69
21,191,4.1023,1.4951,26.18,2.3832,1.1016,0.06931,1.5473,79.45
21,192,4.1062,1.4315,24.877,2.5139,1.2018,0.06696,1.5526,79.73
21,193,4.0869,1.4317,25.727,2.4686,1.2394,0.06745,1.5577,79.99
21,194,4.1015,1.3284,26.103,2.4334,1.2109,0.07129,1.5683,80.53
21,195,4.1226,1.5117,27.25,2.4509,1.1892,,1.5612,80.17
21,196,4.0733,1.4789,26.929,2.5002,1.1413,0.0679,1.5619,80.2
21,197,4.0844,1.4968,27.928,2.4205,1.1557,0.06895,1.5557,79.89
21,198,4.0594,1.52,,2.562,1.107,0.06787,1.5424,79.2
21,199,4.0869,1.608,26.06,2.4549,1.1776,0.06716,1.56,80.11
21,200,4.0296,1.6819,26.173,2.4496,1.1209,0.06705,1.5525,79.72
21,201,4.1026,1.5984,25.822,2.4905,1.1481,0.06836,1.5379,78.97
21,202,4.0882,1.5741,26.466,2.4247,1.1411,0.07177,1.534,78.77
21,203,4.0812,1.8596,27.1,2.3858,1.0934,0.06785,1.5362,78.88
21,204,4.0959,1.4542,27.878,2.468,1.0954,0.06704,1.5434,79.25
21,205,4.0566,1.5079,25.761,2.5129,1.0841,0.07128,1.5312,78.63
21,206,4.1034,1.6385,28.233,2.4158,1.1572,0.07052,1.5403,79.1
21,207,4.0896,1.6722,25.657,2.408,1.086,0.06969,1.5429,79.23
21,208,4.0679,,25.867,2.3686,1.0958,0.06984,1.5328,78.71
21,209,4.0901,1.7466,27.454,2.517,1.1276,0.07115,1.534,78.77
21,210,4.088,1.7621,26.778,2.3954,,0.07195,1.5267,78.4
21,211,4.0381,1.686,26.939,2.4584,1.1645,0.06627,1.5278,78.45
21,212,4.0711,1.7109,26.991,2.4272,1.1601,0.06552,1.5254,78.33
21,213,4.0526,1.4765,26.335,2.5353,1.2126,0.067,1.5266,78.39
21,214,4.1388,1.4633,26.016,2.4969,1.1419,0.072,1.5242,78.26
21,215,4.0632,1.6902,26.189,2.3705,1.0241,0.06965,1.5157,77.83
21,216,4.0531,1.715,27.895,2.4995,0.9719,0.06855,1.5286,78.49
21,217,,1.4642,25.943,2.5009,1.022,0.07099,1.5096,77.52
21,218,4.1491,,28.067,2.4234,1.1034,0.07216,1.5063,77.35
21,219,4.0835,1.6362,27.125,2.4826,1.057,0.07095,1.5118,77.63
21,220,4.0761,1.5421,25.563,2.4336,1.1298,0.0669,1.5073,77.4
21,221,4.0666,1.7335,27.913,2.4765,1.0785,0.07471,1.5163,77.86
21,222,4.1044,1.6706,25.999,2.5104,1.0496,0.06941,1.515,77.79
21,223,4.0693,1.5135,26.292,2.4257,1.1685,0.07207,1.5041,77.24
21,224,4.0837,1.7162,27.714,2.4731,1.0533,0.06997,1.4893,76.47
21,225,4.0622,1.3576,26.174,2.5263,1.0572,0.07243,1.4929,76.66
21,226,4.1242,1.5257,27.447,2.4958,1.0574,0.06989,1.5098,77.53
21,227,4.105,1.3811,26.352,2.4889,1.0886,0.07277,1.4956,76.8
21,228,4.1248,1.4297,25.911,2.5255,1.1482,0.06944,1.4972,76.88
21,229,4.0719,1.6369,27.415,2.5158,1.0977,0.07116,1.4936,76.7
21,230,4.1112,1.5465,26.489,2.5058,1.1121,0.07252,1.4954,76.79
21,231,4.0999,1.4167,27.012,2.4061,1.0714,0.07258,1.4774,75.86
21,232,4.0839,1.4026,26.735,2.496,0.9884,0.07075,1.4693,75.45
21,233,4.0997,1.6352,28.714,2.4912,1.0358,0.07323,1.4753,75.76
21,234,4.0601,1.5416,27.421,2.3966,1.0341,0.07027,1.4782,75.91
21,235,4.0851,1.6693,26.676,2.5316,0.9773,0.07148,1.4779,75.89
21,236,4.0398,1.6838,27.471,2.4726,0.9863,0.07188,1.4788,75.93
21,237,4.0429,1.3667,26.5,2.5737,1.0204,0.07433,1.468,75.38
21,238,4.0882,1.4413,27.01,2.5386,1.1237,0.07468,1.4705,75.51
21,239,4.0357,1.4728,26.195,2.4835,1.0559,0.07416,1.4732,75.65
21,240,4.1035,1.594,26.011,2.547,1.0827,0.07632,1.4715,75.56
21,241,4.0679,1.6656,27.234,2.4413,0.96,0.0776,1.466,75.28
21,242,4.0669,1.6423,25.663,2.4755,0.9827,0.07764,1.4516,74.54
21,243,4.0523,1.606,27.29,2.5226,0.9709,0.07877,1.4794,75.97
21,244,4.0755,1.4589,27.685,2.5953,0.9923,0.0727,1.4468,74.29
21,245,4.0746,1.6221,26.733,2.5316,1.1355,0.07627,1.447,74.3
21,246,4.0132,1.6026,27.276,2.4709,0.9931,0.07408,1.4682,75.39
21,247,4.0489,1.4817,27.401,2.5077,1.0146,0.07669,1.4447,74.18
21,248,4.0741,1.5839,27.41,2.5224,0.981,0.0778,1.4393,73.91
21,249,4.04,1.5398,26.444,2.6168,,0.07724,1.4446,74.18
21,250,4.0578,1.6712,26.685,2.5355,1.0624,0.07545,1.4531,74.61
22,1,4.1614,,23.68,2.0204,1.4505,0.04497,1.8836,99.99
22,2,4.1897,1.7516,24.439,2.0245,1.4556,0.04638,1.8876,100.21
22,3,4.2122,1.3784,24.915,2.0638,1.4166,0.04495,1.8884,100.25
22,4,4.1896,1.3552,22.911,1.9944,1.4252,0.04563,1.8884,100.25
22,5,4.167,1.669,25.557,2.1652,1.3647,0.04895,1.8681,99.17
22,6,4.1792,1.6244,24.784,1.9611,1.425,0.04499,1.8762,99.6
22,7,4.2018,1.6737,24.284,2.0942,1.45,0.04604,1.8631,98.91
22,8,4.1323,1.5595,24.177,2.0335,1.4295,0.04962,1.8811,99.86
22,9,4.1717,1.6969,23.328,2.0528,1.4493,0.04691,1.8598,98.73
22,10,4.1531,1.5552,24.106,2.1189,1.4946,0.04323,1.8681,99.17
22,11,4.1687,1.6007,24.648,2.1935,1.4497,0.04551,1.8754,99.56
22,12,4.1487,1.5988,23.381,2.1334,1.4328,0.04291,1.8614,98.81
22,13,4.0898,1.4921,24.334,1.9475,1.4692,0.04522,1.8757,99.57
22,14,4.2073,1.5192,23.911,2.079,1.5301,0.04749,1.8602,98.75
22,15,4.161,1.3594,23.65,2.1881,1.4297,0.04413,1.8534,98.39
22,16,4.163,1.5698,24.082,2.1793,1.3939,0.04459,1.8623,98.86
22,17,4.1223,1.4819,24.823,1.9625,1.4422,0.04405,1.8647,98.99
22,18,4.1453,1.4807,,2.1647,1.4347,0.04618,1.8407,97.72
22,19,4.1771,1.7499,23.966,2.0647,1.3772,0.04965,1.8434,97.86
22,20,4.1598,1.4311,23.402,2.0827,1.4849,0.04748,1.8596,98.72
22,21,4.1525,1.2256,26.007,2.1146,1.472,0.04594,1.8608,98.78
22,22,4.174,1.2643,23.768,2.1671,1.4474,0.04815,1.838,97.57
22,23,4.179,1.2749,23.887,2.2208,1.4153,0.05149,1.8611,98.8
22,24,4.159,1.3739,24.409,2.1841,1.3484,0.04812,1.8537,98.41
22,25,4.1603,1.3052,24.516,2.0709,1.4762,0.04692,1.8275,97.02
22,26,4.1279,1.5508,24.767,2.1695,1.4527,0.04892,1.8372,97.53
22,27,4.1853,1.613,23.238,2.0864,1.34,,1.8453,97.96
22,28,4.1898,1.4314,24.658,2.1361,1.4336,0.04575,1.8519,98.31
22,29,4.1375,1.4603,25.068,2.095,,0.04872,1.8477,98.09
22,30,4.1694,1.5302,24.456,,1.3373,0.0506,1.8361,97.47
22,31,4.1745,1.5441,23.693,1.9753,1.403,0.04493,1.8422,97.8
22,32,4.1982,1.4309,23.854,2.0639,1.4139,0.04877,1.8337,97.34
22,33,4.188,1.8292,25.743,2.1205,1.401,0.04793,1.8224,96.74
22,34,4.1887,1.6253,23.623,2.1507,,0.04838,1.8246,96.86
22,35,4.1816,1.5922,24.874,2.1457,1.4251,0.04864,1.8255,96.91
22,36,4.1249,1.5769,24.611,2.1605,1.3603,0.04953,1.8166,96.44
22,37,4.1953,1.6078,23.981,2.1644,1.3656,0.04421,1.8245,96.86
22,38,4.1535,1.6304,,2.0864,1.3779,0.05007,1.836,97.47
22,39,4.1749,1.4463,24.436,2.0874,1.4733,0.04705,1.822,96.72
22,40,4.1514,1.7927,25.445,2.0896,1.4368,0.05083,1.8123,96.21
22,41,4.1789,1.5131,24.644,2.0487,1.4688,0.04902,1.8194,96.59
22,42,4.1485,1.4506,,2.1917,1.44,0.04612,1.8057,95.86
22,43,4.1496,1.4858,25.864,2.0976,1.4695,0.04987,1.8098,96.07
22,44,4.1524,1.4552,24.456,2.2243,1.4026,0.0507,1.8248,96.87
22,45,4.1378,1.5472,24.094,2.2377,1.4116,0.05179,1.8157,96.39
22,46,4.177,1.4856,23.385,2.1592,1.3067,0.05174,1.7926,95.16
22,47,4.1141,1.5035,24.436,2.0334,1.435,0.05189,1.8187,96.55
22,48,4.1708,1.4017,24.87,2.2313,1.3657,0.05246,1.8218,96.71
22,49,4.1948,1.6034,22.677,2.1827,1.2774,0.04966,1.7851,94.76
22,50,4.1541,1.6583,24.841,2.157,1.4372,0.05032,1.8077,95.96
22,51,4.1597,1.4995,25.54,2.1218,1.3374,0.049,1.8004,95.57
22,52,4.1937,1.3997,24.313,2.2589,1.365,0.05227,1.7818,94.59
22,53,4.1911,1.4934,23.813,2.1057,1.4567,0.05019,1.7859,94.81
22,54,4.1449,1.5135,24.786,2.1951,1.3832,0.05277,1.7876,94.9
22,55,4.2071,1.4496,25.681,2.1339,1.3001,0.04827,1.7917,95.12
22,56,4.1838,1.3703,23.814,2.1945,1.3711,0.05055,1.7947,95.27
22,57,4.1621,1.5869,25.182,2.1762,1.3129,0.05247,1.7803,94.51
22,58,4.1211,1.4724,24.956,2.1706,1.2696,,1.7908,95.07
22,59,4.1674,1.8207,25.2,2.1062,1.3556,0.0521,1.7816,94.58
22,60,4.1841,1.6759,25.361,2.1788,1.4397,0.0515,1.7916,95.11
22,61,4.1465,1.2534,25.453,2.2219,1.2436,0.05432,1.7843,94.72
22,62,4.1768,,23.68,2.1852,1.3146,0.04999,1.7798,94.48
22,63,4.1614,1.6892,24.667,2.1269,1.3926,0.05089,1.7875,94.89
22,64,4.1643,1.4945,24.37,2.1034,1.403,0.05194,1.7764,94.3
22,65,4.1629,1.6407,24.76,2.1679,1.3012,0.05171,1.7822,94.61
22,66,4.1299,1.5478,26.023,2.1643,1.2886,0.05209,1.7783,94.4
22,67,4.1832,1.5202,24.246,2.1608,1.2892,0.05506,1.7625,93.56
22,68,4.112,1.6354,24.782,2.2698,1.2628,0.05361,1.7869,94.86
22,69,4.1654,1.5177,24.867,2.1911,1.4255,0.05293,1.7673,93.82
22,70,4.1642,1.6172,24.169,2.2409,1.3656,0.05102,1.7758,94.27
22,71,4.2054,1.4636,24.514,2.2283,1.3174,0.0538,1.7655,93.72
22,72,4.1577,1.5034,26.43,2.2062,1.331,0.0557,1.7619,93.53
22,73,4.1894,1.3923,25.701,2.2935,1.3119,0.0529,1.7527,93.04
22,74,4.1622,1.3913,24.67,2.1883,1.282,0.05179,1.7613,93.5
22,75,4.149,1.4196,24.867,2.17,1.4038,0.05379,1.7615,93.51
22,76,4.1035,1.5501,25.449,2.2018,1.3121,0.05381,1.7676,93.84
22,77,4.1151,1.5956,25.293,2.1966,1.3256,0.05436,1.7631,93.6
22,78,4.1536,1.3986,24.466,2.1449,1.2425,0.05204,1.7687,93.9
22,79,4.1763,1.6313,24.181,2.1689,,0.04932,1.7548,93.15
22,80,4.1641,1.4817,,2.1682,1.3128,0.05614,1.7508,92.94
22,81,4.1594,1.5024,25.164,2.1645,1.2932,0.05221,1.749,92.85
22,82,4.1358,1.0806,24.866,2.2807,1.2871,0.0558,1.7536,93.09
22,83,4.0897,1.7468,25.129,2.2369,1.2928,0.05437,1.7454,92.66
22,84,4.1161,1.7159,25.938,2.2575,1.3161,0.05356,1.7467,92.73
22,85,4.157,1.4648,,2.1332,1.325,0.0547,1.752,93.01
22,86,4.1661,1.5176,24.988,2.1605,1.3753,0.05521,1.7516,92.98
22,87,4.1703,1.4452,24.316,2.3802,1.3489,0.05488,1.7452,92.65
22,88,4.1327,1.5523,24.664,2.2325,1.3053,0.05406,1.7486,92.83
22,89,4.124,1.5825,24.923,2.1331,1.3459,0.05696,1.739,92.32
22,90,4.1399,1.5355,25.505,2.2978,1.3659,0.05644,1.7534,93.08
22,91,4.1601,1.5047,24.066,2.1504,1.2962,0.05616,1.7334,92.02
22,92,,1.5194,24.804,2.2775,1.3292,0.05476,1.7518,93.0
22,93,4.1281,1.4127,24.826,2.2537,1.28,0.05907,1.7222,91.43
22,94,4.132,1.3984,24.982,2.2374,1.3054,0.05548,1.7379,92.26
22,95,4.1381,1.4721,24.897,2.2548,1.2981,0.05654,1.7186,91.23
22,96,4.1458,1.4283,24.196,2.1972,1.2676,0.05394,1.7221,91.42
22,97,4.1489,1.6675,25.811,2.2246,1.2108,0.05702,1.7101,90.78
22,98,4.1337,1.4188,,2.3443,1.2323,0.05605,1.7091,90.73
22,99,4.1237,1.5706,24.68,2.2792,1.3129,0.05412,1.7192,91.27
22,100,4.1087,1.3751,25.283,2.2335,1.3148,0.05776,1.7205,91.33
22,101,4.1531,1.5494,24.802,2.2531,1.3289,0.05648,1.7055,90.54
22,102,4.1714,1.5293,25.077,2.2493,1.2672,0.05749,1.7322,91.95
22,103,4.0999,1.5926,26.094,2.2978,1.2856,0.05842,1.7191,91.26
22,104,4.1317,1.5184,26.976,2.2834,1.2415,0.05923,1.7223,91.43
22,105,4.1164,1.3833,25.311,,1.2258,0.05742,1.7134,90.96
22,106,4.1307,1.5749,23.952,2.2033,1.2606,0.06037,1.7073,90.63
22,107,4.132,1.5215,23.355,2.3243,1.3118,0.05841,1.7258,91.62
22,108,4.1809,1.6987,,2.3344,1.2815,0.0596,1.6952,89.99
22,109,4.0741,1.364,24.5,2.2383,1.2995,0.05757,1.693,89.88
22,110,4.1009,1.364,25.19,2.2453,1.2787,0.05929,1.7016,90.33
22,111,4.1295,1.7343,25.938,2.3198,1.3334,0.05976,1.7132,90.95
22,112,4.1567,1.4719,25.552,2.2904,1.3304,0.05923,1.692,89.82
22,113,4.1814,1.6171,25.056,2.2166,1.3176,0.05652,1.6857,89.49
22,114,4.1554,1.4391,24.704,2.2568,1.2242,0.05914,1.7015,90.32
22,115,4.1464,1.4173,25.953,2.2281,1.3129,0.05583,1.6964,90.05
22,116,4.1148,,26.042,2.2122,1.3138,0.05782,1.7042,90.47
22,117,4.1106,1.7112,24.721,2.3177,1.2347,0.06122,1.6876,89.59
22,118,4.1111,1.5345,25.149,2.354,1.258,0.06097,1.7069,90.61
22,119,4.1825,1.2549,25.435,2.2952,1.2599,0.05985,1.6835,89.37
22,120,4.1315,1.567,26.92,2.1315,1.354,0.06452,1.6854,89.47
22,121,4.1267,1.6827,26.406,2.4014,1.2742,0.05545,1.6693,88.62
22,122,4.141,1.6943,24.47,2.2274,1.262,0.06231,1.692,89.82
22,123,4.1065,1.4697,27.737,2.269,1.294,0.05886,1.6928,89.86
22,124,4.1025,1.4181,25.093,2.2723,1.2406,0.06093,1.682,89.29
22,125,4.109,1.4001,25.388,2.2548,1.1757,0.06213,1.6917,89.8
22,126,4.1278,1.2876,24.789,2.2243,1.2504,0.06039,1.6755,88.95
22,127,4.1062,,25.269,2.3326,1.2209,0.05837,1.6742,88.88
22,128,4.1059,1.4649,24.615,2.2872,1.3075,0.05977,1.6643,88.35
22,129,4.0655,1.7397,26.747,2.3333,1.3013,0.06154,1.6599,88.12
22,130,4.0905,1.7485,,2.2943,1.2461,0.06071,1.6675,88.52
22,131,4.1325,1.4504,25.533,2.3513,1.211,0.06361,1.671,88.71
22,132,4.1606,1.3527,25.931,2.2677,1.2092,,1.6646,88.37
22,133,4.1851,1.5821,25.138,2.3545,1.2269,0.06262,1.6612,88.19
22,134,4.1299,1.5439,25.723,2.3878,1.1467,0.06128,1.659,88.07
22,135,4.0855,1.4197,25.028,2.3135,1.2511,,1.6541,87.81
22,136,4.1584,1.4758,24.046,2.3087,1.2356,0.05477,1.6547,87.84
22,137,4.1159,1.3823,24.735,2.3757,1.2796,0.06014,1.6659,88.44
22,138,4.1212,1.5584,26.178,2.3002,1.2214,0.0616,1.6438,87.26
22,139,4.1507,1.7129,26.966,2.4429,1.2821,0.0605,1.6606,88.16
22,140,4.0826,,25.265,2.3889,1.3033,0.06272,1.6635,88.31
22,141,4.0929,1.564,26.277,2.3298,1.2245,0.05898,1.6331,86.7
22,142,4.1067,1.616,26.966,2.2701,1.2346,0.0626,1.662,88.23
22,143,4.1388,1.4414,25.69,2.3207,1.3379,0.06083,1.6441,87.28
22,144,4.1601,1.4114,25.698,2.285,1.1217,0.06071,1.6504,87.61
22,145,4.102,1.4858,25.728,2.2754,,0.06483,1.6382,86.97
22,146,4.1078,1.6292,25.362,2.327,1.2402,0.06185,1.6517,87.68
22,147,4.1347,1.4226,25.255,2.4152,1.2392,0.06299,1.6293,86.49
22,148,4.0843,1.5699,26.364,2.369,1.1865,0.06175,1.6259,86.31
22,149,4.0817,1.5334,24.717,2.2913,1.2214,0.06405,1.6377,86.94
22,150,4.0846,1.298,25.551,2.2423,1.2583,0.06084,1.637,86.9
22,151,4.088,1.5782,25.317,2.3467,1.2231,,1.6505,87.62
22,152,4.1298,1.6473,25.508,2.3986,1.1923,0.06521,1.6391,87.01
22,153,4.1267,1.5579,26.514,2.3139,1.1268,0.06534,1.6301,86.54
22,154,4.1078,1.6204,24.689,2.3261,1.2108,0.06001,1.6383,86.97
22,155,4.1142,1.4506,25.523,2.3433,1.1339,0.06316,1.6136,85.66
22,156,4.0952,1.4632,25.665,2.4176,1.1953,0.05987,1.624,86.21
22,157,4.1326,1.4413,25.743,2.4868,,0.05954,1.6129,85.62
22,158,4.1126,1.568,26.221,2.426,1.1961,0.061,1.6323,86.65
22,159,4.0739,,25.908,2.3709,1.1619,0.06476,1.6216,86.09
22,160,4.091,1.5784,26.068,2.3701,1.1567,0.06883,1.621,86.05
22,161,4.1258,1.6593,26.363,2.3563,1.0622,0.06188,1.6251,86.27
22,162,4.1361,1.5486,24.74,2.4166,1.1811,0.06584,1.6313,86.6
22,163,4.0944,1.6307,27.655,2.3436,1.1354,0.06661,1.6034,85.12
22,164,4.0765,1.5565,27.704,2.3342,1.1649,0.0649,1.6005,84.96
22,165,4.0616,1.621,26.274,2.4085,1.1764,0.06783,1.6051,85.21
22,166,4.0784,1.7245,24.503,2.3793,1.178,0.06469,1.6031,85.1
22,167,4.0752,1.64,27.28,2.3663,1.131,0.06147,1.5931,84.57
22,168,4.1294,1.1879,23.702,2.3995,1.1951,0.06421,1.6113,85.54
22,169,4.0978,1.5285,25.341,2.3933,1.144,0.06376,1.6018,85.03
22,170,4.0991,1.6219,25.926,2.3762,1.2344,0.06745,1.5854,84.16
22,171,4.1595,1.5328,25.166,2.3653,1.2072,0.0684,1.6125,85.6
22,172,4.109,1.4307,25.863,2.391,1.1892,0.0697,1.5886,84.33
22,173,4.0914,1.4546,25.869,2.3492,1.1791,0.06094,1.5991,84.89
22,174,4.0984,1.3868,25.646,2.4712,1.2284,0.06481,1.5919,84.51
22,175,4.0638,,26.273,2.497,1.2285,0.06642,1.596,84.73
22,176,4.1348,1.4856,26.453,2.4012,1.2633,0.0649,1.5829,84.03
22,177,4.0982,1.5948,27.534,2.2887,1.1631,0.06445,1.5958,84.71
22,178,4.1172,1.4702,25.683,2.4236,1.0998,0.06703,1.5903,84.42
22,179,4.1178,1.3687,25.537,2.3693,1.1438,0.06923,1.5785,83.8
22,180,,1.4693,26.831,2.3452,1.1622,0.06539,1.5901,84.41
22,181,4.1188,1.4468,26.888,2.5497,1.1871,0.06655,1.5803,83.89
22,182,4.0704,1.7098,25.833,2.5488,1.1225,0.06816,1.5892,84.36
22,183,4.0923,1.3979,24.92,2.4952,1.0887,0.06549,1.5658,83.12
22,184,4.1257,1.6497,27.404,2.377,1.2176,0.06549,1.5697,83.33
22,185,4.0793,1.4483,26.085,2.3758,1.1602,0.06198,1.5688,83.28
22,186,4.0691,1.4476,25.653,2.4839,1.1745,0.06699,1.5749,83.61
22,187,4.1154,1.7434,26.514,2.3341,1.1102,0.06856,1.5657,83.12
22,188,4.0739,1.4199,,2.3398,1.1425,0.06774,1.5662,83.14
22,189,4.0689,1.6506,25.382,2.4441,1.1789,0.068,1.5644,83.05
22,190,4.0661,1.4336,25.831,2.6318,1.1702,0.06919,1.5761,83.67
22,191,4.096,1.6546,24.981,2.4534,1.1632,0.06996,1.5698,83.34
22,192,4.0665,1.4065,26.61,2.4724,1.0882,0.07187,1.5536,82.48
22,193,4.0963,1.504,27.065,2.4644,1.2319,0.06573,1.5635,83.0
22,194,4.0742,1.5955,26.1,2.5208,1.1117,0.07044,1.5471,82.13
22,195,4.1218,1.6935,26.12,2.4753,1.1447,0.06943,1.5511,82.34
22,196,4.1161,1.5911,26.992,2.37,1.1326,0.06632,1.5663,83.15
22,197,4.1193,1.5287,24.394,2.3864,1.1589,0.06756,1.5542,82.51
22,198,4.0607,1.5755,26.812,2.4979,1.0973,0.07032,1.5589,82.76
22,199,4.0336,1.5361,24.986,2.4003,1.0912,0.06875,1.563,82.97
22,200,4.1126,1.5617,27.013,2.3901,1.1785,0.06241,1.5522,82.4
22,201,4.1232,1.6202,28.339,2.3476,1.1657,0.06939,1.5597,82.8
22,202,4.06,1.5777,26.795,2.4175,1.1185,0.06661,1.5477,82.16
22,203,4.1127,1.6481,27.229,2.5189,1.1673,0.06807,1.5409,81.8
22,204,4.1154,1.3651,25.178,2.3763,1.0294,0.06738,1.5451,82.02
22,205,4.1256,1.4783,25.221,2.4753,1.1055,0.06804,1.5364,81.56
22,206,4.114,1.3617,24.973,2.4954,1.0824,0.07282,1.5342,81.45
22,207,4.0843,1.6254,25.297,2.4893,1.0941,0.07189,1.536,81.54
22,208,,1.4881,26.812,2.4563,1.1226,0.07347,1.5303,81.24
22,209,4.096,1.8057,27.187,2.327,1.0753,0.06767,1.5315,81.3
22,210,4.0832,1.6591,27.2,2.5105,1.0487,0.07121,1.5395,81.72
22,211,4.0489,1.4936,26.808,,1.181,0.07178,1.5413,81.82
22,212,4.105,1.6235,26.725,2.4571,1.1547,0.06895,1.5319,81.32
22,213,4.0552,1.6198,27.686,2.4246,1.0946,0.0696,1.5264,81.03
22,214,4.1191,1.4746,24.065,2.551,1.1056,0.07078,1.5338,81.42
22,215,4.0741,1.4566,26.243,2.5132,1.1453,,1.5312,81.29
22,216,4.0792,1.6387,25.981,2.5715,1.1089,0.07046,1.525,80.96
22,217,4.098,1.4989,26.527,2.3891,1.0716,0.0699,1.5123,80.28
22,218,4.0752,1.2148,25.942,2.403,1.0428,0.07317,1.5217,80.78
22,219,4.0888,1.472,26.034,2.4351,1.1041,0.07214,1.5031,79.79
22,220,4.1098,1.3906,26.82,2.425,1.0634,0.06884,1.5011,79.69
22,221,4.0755,1.3952,26.778,2.5236,1.2228,0.07338,1.509,80.11
22,222,4.0359,1.2983,26.184,2.6047,1.2136,0.07026,1.5209,80.74
22,223,4.0932,1.5098,26.55,2.539,1.2197,0.07437,1.5051,79.9
22,224,4.0331,1.6626,26.123,2.6015,1.156,0.07309,1.523,80.85
22,225,4.0667,1.4854,27.292,2.5292,1.1511,,1.5004,79.65
22,226,4.0902,1.5895,26.743,2.5635,1.1027,0.07097,1.4978,79.51
22,227,4.0691,1.4467,26.592,2.4306,1.1018,0.07505,1.5017,79.72
22,228,4.1011,,25.982,2.6307,0.9557,0.07238,1.5016,79.71
22,229,4.1165,1.5603,28.865,2.515,1.0351,0.06906,1.4933,79.27
22,230,4.0556,1.4841,27.723,,1.0455,0.07169,1.5066,79.98
22,231,4.0247,1.6263,27.623,2.539,1.0767,,1.4819,78.67
22,232,4.031,1.4786,26.887,2.517,1.0733,0.0718,1.506,79.95
22,233,4.0448,1.5177,27.163,2.4998,1.0697,0.07339,1.4969,79.46
22,234,4.033,1.5512,26.383,2.4906,1.0907,0.0711,1.4767,78.39
22,235,4.1157,1.6804,27.994,2.4588,1.0551,0.07066,1.4698,78.03
22,236,4.0651,1.406,27.122,2.5106,1.149,0.07349,1.4869,78.93
22,237,4.028,1.787,26.901,2.5445,1.0557,0.07627,1.4653,77.79
22,238,4.1061,1.6869,27.085,2.5563,1.0365,0.07019,1.4687,77.97
22,239,4.0786,1.5679,27.335,2.4953,1.1339,0.0737,1.4868,78.93
22,240,4.0652,1.662,27.158,2.5284,1.1178,0.07035,1.4848,78.82
22,241,4.0562,1.581,27.242,2.5354,1.018,0.07387,1.4765,78.38
22,242,4.0666,1.6692,27.597,2.5388,,0.0736,1.4796,78.55
22,243,4.0637,1.5728,26.824,2.5533,1.1225,0.07573,1.4803,78.58
22,244,4.0287,1.5897,27.97,2.4432,1.0357,0.07903,1.4632,77.68
22,245,4.1329,1.4379,26.348,2.5019,0.9829,0.07102,1.4697,78.02
22,246,4.0729,1.4509,26.512,2.6327,1.0939,,1.4683,77.95
22,247,4.0279,1.5694,26.997,2.525,1.0468,0.07438,1.4718,78.13
22,248,4.1104,1.6513,26.847,2.4452,,0.07877,1.4561,77.3
22,249,4.087,1.4235,,2.5365,1.0523,,1.4635,77.69
22,250,4.0442,1.5277,25.63,2.505,1.029,0.07579,1.4558,77.28
23,1,4.1329,1.5403,23.333,2.0337,1.5215,0.04616,1.9963,100.01
23,2,4.1991,1.4956,25.033,2.1431,1.5725,0.04239,1.982,99.3
23,3,4.1392,1.6566,25.379,2.1146,1.4735,0.04645,1.9944,99.92
23,4,4.1785,1.4895,22.437,2.0102,1.604,0.04531,1.9843,99.41
23,5,4.1775,1.4515,24.031,2.0358,1.3761,0.04717,1.9876,99.58
23,6,4.1482,1.4514,25.214,2.0148,1.5112,0.05437,1.9968,100.04
23,7,4.1786,1.6069,24.834,2.0242,1.4007,0.04703,1.9865,99.52
23,8,4.169,1.6986,25.49,2.1124,1.4719,0.04178,1.9849,99.44
23,9,4.13,1.2185,24.288,2.139,1.3842,0.04557,1.9752,98.95
23,10,4.1682,1.3361,24.988,,1.3827,0.04345,1.974,98.9
23,11,4.1684,1.4092,24.445,2.0922,1.3641,0.04736,1.9755,98.97
23,12,4.1715,1.4736,25.627,2.0311,1.4709,0.0471,1.9787,99.13
23,13,4.1673,,25.426,2.1251,1.4708,0.04483,1.9672,98.56
23,14,4.1975,1.3109,25.864,2.0774,1.4018,0.04704,1.9586,98.12
23,15,4.1628,1.321,23.774,1.9541,1.4387,0.04515,1.9556,97.97
23,16,4.1537,1.5065,24.91,2.1049,1.5324,0.04592,1.9556,97.97
23,17,4.1815,1.6407,23.789,2.132,1.4247,,1.9598,98.18
23,18,4.1832,1.3723,23.305,2.0485,1.4664,0.04529,1.9519,97.79
23,19,4.1625,1.5818,24.377,2.1939,1.4696,0.04484,1.9544,97.92
23,20,4.1715,1.394,25.326,2.0726,1.4282,0.04776,1.9482,97.6
23,21,4.1947,1.595,24.47,2.1293,1.4319,0.04451,1.9402,97.2
23,22,4.1576,1.2589,23.128,2.0215,1.4037,0.05031,1.9425,97.32
23,23,4.1938,1.5646,25.22,2.0983,1.5322,0.0453,1.9468,97.53
23,24,4.1436,1.6526,24.807,2.1704,1.3829,0.04668,1.9397,97.18
23,25,4.1778,1.4524,24.847,2.1045,1.3406,0.04468,1.9236,96.37
23,26,4.1799,1.2379,23.931,2.0421,1.3941,0.04681,1.9361,97.0
23,27,4.1502,1.2657,24.135,2.0842,1.4009,0.04762,1.934,96.89
23,28,4.1685,1.4745,24.438,2.1047,1.4857,0.05153,1.9278,96.58
23,29,4.1514,1.3319,24.663,2.0552,1.561,0.05404,1.9281,96.6
23,30,4.1249,1.583,26.139,,1.5361,0.0449,1.9241,96.4
23,31,4.1738,1.6267,24.471,2.1416,1.4916,0.05116,1.9118,95.78
23,32,4.144,1.6312,24.905,2.1513,,0.05012,1.916,95.99
23,33,4.1713,1.5184,24.513,2.1653,1.3823,0.05031,1.9099,95.68
23,34,4.1449,1.3465,25.735,,1.4164,0.04679,1.9164,96.01
23,35,4.1895,1.6035,24.495,2.1658,1.3936,0.04964,1.9225,96.32
23,36,4.1705,1.2878,25.673,2.2208,1.3726,0.05047,1.911,95.74
23,37,4.1654,1.2421,23.901,2.0976,1.4826,0.05278,1.8971,95.05
23,38,4.1919,1.5156,24.785,2.1494,1.3714,0.05185,1.9202,96.2
23,39,4.1809,1.2321,24.509,2.1896,1.4254,0.04868,1.9098,95.68
23,40,4.1261,1.5245,24.322,2.118,1.4957,0.04729,1.891,94.74
23,41,4.2039,1.4687,24.507,2.1236,1.4551,0.04581,1.8967,95.02
23,42,4.1625,1.3865,24.643,2.1832,1.4408,0.0536,1.8955,94.96
23,43,4.1731,1.5636,24.404,2.2063,1.4302,0.04776,1.8912,94.75
23,44,4.1477,1.4679,,2.1835,1.4706,0.04996,1.8983,95.1
23,45,4.1086,1.4216,23.688,2.1609,1.4071,0.04858,1.8882,94.6
23,46,4.1576,1.202,25.081,2.2046,1.3995,0.05123,1.8888,94.63
23,47,4.1187,1.7667,25.484,2.2028,1.3941,0.05289,1.8826,94.31
23,48,,1.596,24.19,2.2039,1.4191,0.05118,1.8718,93.78
23,49,4.1681,1.7393,25.015,2.1841,1.4388,0.04859,1.8746,93.92
23,50,4.1534,1.2525,24.934,2.0964,1.4371,0.04948,1.877,94.03
23,51,4.1501,1.7382,24.76,2.1494,1.4847,0.04928,1.892,94.79
23,52,4.1701,1.5563,24.726,,1.442,0.05159,1.8737,93.87
23,53,4.1659,1.586,25.646,2.1389,1.4553,0.05105,1.8786,94.12
23,54,4.1475,1.4214,24.854,2.1443,1.3988,0.05351,1.8573,93.05
23,55,4.1626,1.6385,24.685,2.0674,1.3384,0.05121,1.878,94.09
23,56,4.15,1.6507,26.318,2.1105,1.5001,0.04845,1.8701,93.69
23,57,4.1535,1.4806,24.654,2.117,1.4695,0.05046,1.8762,94.0
23,58,4.1194,1.421,24.041,2.1229,1.378,0.04973,1.8545,92.91
23,59,4.1496,1.5537,25.462,2.2908,1.4355,,1.8694,93.66
23,60,4.1615,1.6365,24.997,2.1773,1.3924,0.04846,1.8457,92.47
23,61,4.1709,1.5037,25.635,2.2439,,0.0532,1.8531,92.84
23,62,4.1014,1.4868,23.903,2.1846,1.4147,0.052,1.8499,92.68
23,63,,1.8027,23.381,2.1934,1.3492,0.05171,1.84,92.18
23,64,4.1426,1.5818,24.673,2.0511,1.4404,0.05494,1.844,92.38
23,65,4.152,1.6559,25.794,2.2647,1.392,0.05434,1.8376,92.06
23,66,4.1417,1.5628,23.15,2.0889,1.4012,0.05423,1.8514,92.75
23,67,4.1347,1.4674,24.918,2.0483,1.3933,0.0531,1.8347,91.92
23,68,4.1463,1.3442,23.751,,1.3375,0.05478,1.8374,92.05
23,69,4.1486,1.4575,24.547,2.1714,1.4367,0.05713,1.8244,91.4
23,70,4.1382,1.351,23.543,2.2797,1.2924,0.05252,1.8326,91.81
23,71,4.083,1.3606,23.614,2.1549,1.3766,0.05558,1.8296,91.66
23,72,4.1361,1.4965,24.215,2.2226,1.3822,0.0482,1.8207,91.22
23,73,4.1503,1.542,25.87,2.0913,1.2983,0.05362,1.8288,91.62
23,74,4.1414,1.6126,25.34,2.2077,1.3404,0.05302,1.8027,90.32
23,75,4.152,1.3251,25.861,2.1592,1.3824,0.05416,1.8151,90.93
23,76,4.1781,1.6412,23.825,2.2016,1.3614,0.04998,1.8074,90.55
23,77,4.1245,1.354,23.914,2.1301,1.3407,0.05246,1.7973,90.04
23,78,4.1494,,23.714,2.1706,1.3595,0.05527,1.8208,91.22
23,79,4.1319,1.4649,24.668,2.3416,1.3622,0.05456,1.8044,90.4
23,80,4.1131,1.4864,25.848,2.2023,1.3353,0.05311,1.7972,90.04
23,81,4.1545,1.4816,25.307,2.226,1.2919,0.05517,1.791,89.73
23,82,4.1485,1.5048,26.222,2.1664,1.2729,0.05401,1.7922,89.79
23,83,4.0727,1.6175,24.97,2.1504,1.3235,0.05348,1.8051,90.43
23,84,4.0937,1.6003,24.681,2.1989,1.3779,0.05519,1.7881,89.58
23,85,4.1586,1.6908,25.651,2.1728,1.2593,0.0534,1.7831,89.33
23,86,4.177,1.4218,24.419,2.2867,1.3133,0.05875,1.794,89.88
23,87,4.17,1.559,25.68,2.217,1.3269,0.05628,1.7897,89.66
23,88,4.1536,1.3011,25.023,2.1895,1.3056,0.05648,1.7949,89.92
23,89,4.1341,1.7501,24.491,2.3041,1.3547,0.0561,1.7998,90.17
23,90,4.1236,1.6668,25.114,2.194,,0.05897,1.7949,89.92
23,91,4.1271,1.5791,25.288,2.2136,1.3762,0.05467,1.7907,89.71
23,92,4.1451,,24.656,2.1859,1.2401,0.05531,1.7617,88.26
23,93,4.1623,1.5759,24.819,2.2718,1.314,0.05562,1.7699,88.67
23,94,4.182,1.5914,24.999,2.2954,1.3623,0.0568,1.7741,88.88
23,95,4.1274,1.3852,25.147,2.2074,1.295,0.05765,1.7696,88.66
23,96,4.1462,1.5018,25.139,2.3127,1.3392,0.05691,1.7834,89.35
23,97,4.1006,1.5614,24.538,2.2713,1.2777,0.05782,1.7697,88.66
23,98,4.1073,1.4798,26.916,2.1136,1.3199,0.05474,1.764,88.38
23,99,4.1559,1.5372,25.967,2.2655,1.3137,0.05568,1.7739,88.87
23,100,4.1234,1.5162,23.706,2.316,1.4047,0.05614,1.7577,88.06
23,101,4.1312,1.4429,24.838,2.2602,,0.05833,1.7677,88.56
23,102,4.1073,1.5129,24.684,2.2388,1.3004,0.05456,1.7518,87.76
23,103,4.154,1.4398,25.149,2.297,1.3164,0.06112,1.7653,88.44
23,104,4.1629,1.3554,24.13,2.3633,1.2784,0.05515,1.7494,87.64
23,105,4.1643,1.4241,25.136,2.1529,1.2751,0.05959,1.7486,87.61
23,106,4.1005,1.4228,24.692,2.3126,1.3139,0.05887,1.7404,87.19
23,107,4.1164,1.4229,25.537,2.3635,1.2479,0.0558,1.7446,87.4
23,108,4.1522,1.5111,25.754,2.2406,1.3212,0.05738,1.733,86.82
23,109,4.154,1.512,25.074,2.2903,1.2152,0.05894,1.7274,86.54
23,110,4.1266,1.6532,26.018,2.2641,1.2827,0.05308,1.7327,86.81
23,111,4.1342,1.425,24.181,2.3058,1.3507,0.05688,1.7286,86.6
23,112,4.1477,1.3996,24.641,2.3858,1.2317,0.05722,1.7398,87.16
23,113,4.1149,1.6793,24.754,2.2871,1.3426,0.05763,1.7462,87.49
23,114,4.1473,1.4089,27.051,2.3446,1.264,0.05821,1.729,86.62
23,115,4.1194,1.4606,26.25,2.1988,1.2804,0.05897,1.7412,87.23
23,116,4.0887,1.5257,25.973,2.2463,1.2172,0.06143,1.718,86.07
23,117,4.1183,1.6281,25.751,2.3954,1.3105,0.05626,1.7255,86.45
23,118,4.1116,1.5548,25.239,2.2234,1.302,0.06116,1.7137,85.86
23,119,4.1317,1.4017,24.892,2.2637,1.2999,0.05979,1.7159,85.96
23,120,4.1168,1.2819,26.463,2.1697,1.2906,0.05948,1.7118,85.76
23,121,4.1253,1.4386,25.901,2.218,1.2842,0.05816,1.71,85.67
23,122,4.1151,1.4985,25.864,2.2968,1.3122,0.06173,1.7064,85.49
23,123,4.1417,1.7614,24.659,2.365,,0.06063,1.71,85.67
23,124,4.1685,1.4782,25.253,2.333,1.2361,0.0653,1.7204,86.19
23,125,4.1249,1.3495,25.521,2.2329,1.3008,0.055,1.7092,85.63
23,126,4.1127,1.3159,25.278,2.3066,1.2591,0.06288,1.7117,85.75
23,127,4.1428,1.4892,25.853,2.23,1.2709,0.05872,1.7014,85.24
23,128,,1.5987,25.864,2.4181,1.1804,0.06013,1.7066,85.5
23,129,4.0707,1.3963,26.361,2.3118,1.24,0.06203,1.686,84.47
23,130,4.1368,1.5582,26.064,2.2878,1.3041,0.05818,1.6924,84.79
23,131,4.1485,1.5012,25.229,2.4543,1.3203,0.061,1.6885,84.59
23,132,4.0697,1.6048,26.723,2.3434,1.1598,0.06116,1.6791,84.12
23,133,4.1242,1.7532,26.531,2.3559,1.2423,0.06179,1.6807,84.2
23,134,4.1336,1.4969,24.946,2.3725,1.1306,0.05999,1.6765,83.99
23,135,4.1499,1.5769,25.175,2.3215,1.258,0.06432,1.6849,84.41
23,136,4.142,1.5283,24.809,2.2419,,0.06272,1.6851,84.42
23,137,4.1327,1.4252,25.042,2.4139,1.2754,0.06083,1.6714,83.74
23,138,,,26.318,2.3211,1.1796,0.06153,1.6665,83.49
23,139,4.0947,1.5265,27.008,2.3137,1.2315,0.05898,1.6821,84.27
23,140,4.0985,1.3344,24.718,2.3472,1.1551,0.05903,1.6736,83.84
23,141,4.1147,1.4115,25.329,2.441,1.2961,0.06171,1.6708,83.7
23,142,4.1191,1.3084,23.912,2.284,1.152,0.06258,1.6705,83.69
23,143,4.1263,1.5743,26.357,2.2858,1.2514,0.06025,1.6573,83.03
23,144,4.1458,1.6084,25.716,2.3767,1.1501,0.05876,1.6651,83.42
23,145,4.1474,,25.601,2.3712,1.1935,0.06172,1.6609,83.21
23,146,4.117,1.5354,25.009,2.345,1.2028,0.06183,1.6598,83.15
23,147,4.1132,1.4179,25.675,2.3279,1.1715,0.05874,1.6483,82.58
23,148,4.1321,1.4256,26.232,2.2891,1.2044,0.0617,1.6579,83.06
23,149,4.1291,1.4741,25.485,2.3982,1.218,0.0617,1.6458,82.46
23,150,4.1373,1.6492,24.919,2.2788,1.2643,0.06242,1.6477,82.55
23,151,4.0938,1.47,25.526,2.4051,1.1601,0.06499,1.6259,81.46
23,152,4.0794,1.4845,26.201,2.3616,1.2296,0.06207,1.6435,82.34
23,153,4.1012,1.8285,25.175,2.5229,1.1619,0.0659,1.6434,82.33
23,154,4.088,1.595,25.565,2.3794,1.2156,0.06278,1.6433,82.33
23,155,4.1188,1.4148,25.065,2.4232,1.2247,0.06099,1.631,81.71
23,156,4.0564,1.6326,26.582,2.3031,1.2325,0.06769,1.6241,81.37
23,157,4.094,1.3362,26.446,2.3651,1.177,0.06429,1.6176,81.04
23,158,4.0989,1.5567,25.476,2.3439,1.1895,0.06414,1.6232,81.32
23,159,4.123,1.3439,26.847,2.3767,1.1817,0.06227,1.6302,81.67
23,160,4.167,1.7479,26.315,2.3947,1.2743,0.06372,1.639,82.11
23,161,4.1132,1.7544,27.386,2.369,1.2706,0.06431,1.6252,81.42
23,162,4.1,1.542,25.366,2.3491,1.1177,0.0628,1.6142,80.87
23,163,4.1327,1.6341,26.461,2.2898,1.1468,0.06417,1.6182,81.07
23,164,4.0923,1.3782,26.981,2.3389,1.1333,0.06513,1.6218,81.25
23,165,4.0932,1.5248,25.269,2.3552,1.1836,0.06073,1.6114,80.73
23,166,4.071,1.4122,26.687,2.4212,1.1903,,1.6172,81.02
23,167,4.0994,1.5078,26.927,2.51,1.2111,0.06397,1.6024,80.28
23,168,4.0897,1.2104,24.669,2.2486,1.1636,0.0648,1.6147,80.9
23,169,4.0826,1.3542,25.751,2.344,1.2247,0.06562,1.59,79.66
23,170,4.0921,1.7828,26.381,2.363,1.3004,0.06174,1.6134,80.83
23,171,4.0614,1.3051,24.164,2.4354,1.1065,0.06501,1.5938,79.85
23,172,4.1142,1.5755,27.126,2.4959,1.112,0.06661,1.6031,80.32
23,173,4.0985,1.3446,25.464,2.3769,1.2414,0.06345,1.5916,79.74
23,174,4.1015,1.3753,25.827,2.4456,1.1579,0.06502,1.5724,78.78
23,175,4.1224,,26.548,2.3459,,0.06291,1.588,79.56
23,176,4.0983,1.538,26.925,2.3584,1.1649,0.06673,1.5913,79.72
23,177,4.1183,1.5661,25.739,2.486,1.1904,0.06455,1.5824,79.27
23,178,4.0944,1.5804,24.462,2.3648,1.1302,0.06348,1.5757,78.94
23,179,4.1029,1.4682,25.782,2.3323,1.1461,0.06347,1.5721,78.76
23,180,4.1426,1.4702,25.226,2.4663,1.1905,0.07035,1.5897,79.64
23,181,4.0479,1.6662,26.193,2.4495,1.1996,0.06819,1.5929,79.8
23,182,4.0841,1.413,27.029,2.3671,1.2491,0.06531,1.5815,79.23
23,183,4.0929,1.3425,24.776,2.4773,1.0649,0.072,1.5682,78.57
23,184,4.0715,1.578,24.332,2.4044,1.1394,0.06455,1.5683,78.57
23,185,4.1349,1.5497,26.599,2.3796,1.0803,0.06672,1.5617,78.24
23,186,4.0689,1.3776,24.454,2.4693,1.1337,0.06608,1.5449,77.4
23,187,4.0547,1.3668,26.978,2.5667,,,1.5677,78.54
23,188,4.0814,1.5555,27.421,2.4585,1.1889,0.06573,1.5554,77.92
23,189,4.0782,1.5452,26.815,2.4021,1.0912,0.06841,1.5627,78.29
23,190,4.0979,1.6074,27.455,2.4763,1.1649,0.0668,1.5545,77.88
23,191,4.1054,1.4851,26.634,2.3898,1.2324,0.06831,1.5505,77.68
23,192,4.0815,1.7584,25.611,2.3982,1.1779,0.06852,1.5521,77.76
23,193,4.0794,1.494,26.391,2.5362,1.1619,0.07021,1.5442,77.36
23,194,4.1056,1.3425,26.285,2.452,1.2212,0.0714,1.5431,77.31
23,195,4.0718,1.4345,26.026,2.5249,1.1494,0.06944,1.5423,77.27
23,196,4.0669,1.4443,26.701,2.4012,1.0531,0.06635,1.5486,77.59
23,197,4.082,1.5567,25.606,2.4725,1.1146,0.06953,1.5483,77.57
23,198,4.1035,1.4665,26.271,2.4367,1.1239,0.06932,1.5338,76.84
23,199,4.0875,1.5522,26.857,2.4505,1.0763,0.06905,1.5315,76.73
23,200,4.0567,1.3714,25.716,2.4446,1.0117,0.07015,1.5386,77.08
23,201,4.0308,1.3966,26.047,2.3525,1.1662,0.06949,1.5295,76.63
23,202,4.0634,1.5797,25.991,2.4486,1.1355,0.0691,1.5342,76.86
23,203,4.0921,1.4749,27.08,2.5253,1.1207,0.07203,1.533,76.8
23,204,4.085,1.5311,26.382,2.4463,1.0762,0.06749,1.5224,76.27
23,205,4.1177,1.6285,26.925,2.5417,1.1118,0.06762,1.5229,76.3
23,206,4.0858,1.4694,26.923,2.5252,1.0213,0.06943,1.517,76.0
23,207,4.0846,1.5187,27.927,2.5617,1.1465,0.06792,1.4944,74.87
23,208,4.059,1.7144,26.025,2.4505,1.0576,0.06744,1.5072,75.51
23,209,4.0898,1.2644,25.184,,1.1003,0.06928,1.5158,75.94
23,210,4.0494,1.4601,,2.4375,1.1184,0.06791,1.5158,75.94
23,211,4.0405,1.2848,25.893,2.5066,1.0917,0.07264,1.5021,75.25
23,212,4.0316,1.5731,25.769,2.4888,0.9823,0.06989,1.5033,75.32
23,213,,1.5019,26.517,2.4526,1.0824,0.07181,1.5099,75.64
23,214,4.0674,1.3426,26.896,2.4664,1.0289,0.07232,1.496,74.95
23,215,4.0633,1.6328,26.423,2.3897,1.1369,0.06901,1.499,75.1
23,216,4.0703,1.284,,2.48,1.1073,0.07157,1.5213,76.22
23,217,4.0268,1.7605,,2.5872,1.1084,0.07128,1.484,74.35
23,218,4.1383,1.4431,25.972,2.5306,1.0487,0.06903,1.489,74.6
23,219,4.0973,1.752,28.555,2.3846,1.1337,0.06921,1.49,74.65
23,220,4.0662,1.4543,,2.3553,1.15,0.07309,1.4808,74.19
23,221,4.0551,1.6752,26.771,2.4616,0.9958,0.07249,1.4859,74.44
23,222,4.0854,1.5474,27.189,2.5115,1.0602,0.07265,1.4812,74.21
23,223,,1.3929,27.397,2.4042,1.1274,0.07048,1.4893,74.61
23,224,4.1153,1.5551,26.716,2.4987,1.0535,0.07413,1.4862,74.46
23,225,4.0244,1.6398,27.533,2.5099,1.0336,0.06968,1.4768,73.98
23,226,4.0833,1.3127,26.827,2.5142,,0.07352,1.4691,73.6
23,227,4.0356,1.4355,27.752,2.5295,1.0977,0.07098,1.4674,73.52
23,228,4.0394,1.6464,25.987,2.3944,1.182,0.07263,1.4749,73.89
23,229,4.0302,1.6091,27.588,2.5033,1.1106,0.07482,1.4696,73.63
23,230,4.0223,1.3963,27.985,2.5219,1.0696,0.07094,1.4708,73.68
23,231,4.1059,1.7145,27.667,2.553,1.0919,0.07258,1.4593,73.11
23,232,4.0401,1.6926,26.989,2.551,1.0679,0.07336,1.4525,72.77
23,233,4.0926,1.4428,27.673,2.4789,1.0712,0.07059,1.4627,73.28
23,234,4.0582,1.538,27.442,2.5301,1.1542,,1.4564,72.96
23,235,4.0721,1.5806,27.48,2.4536,1.0859,,1.4537,72.83
23,236,4.1013,1.5714,25.057,2.4221,1.0822,0.06841,1.4576,73.03
23,237,4.098,1.6718,26.857,2.5573,1.0628,,1.456,72.94
23,238,4.1077,1.6184,26.596,2.5773,1.1157,0.07589,1.4549,72.89
23,239,,1.5836,27.485,2.597,1.0755,0.07678,1.4549,72.89
23,240,4.086,1.5935,27.714,2.6315,0.9965,0.07682,1.4299,71.64
23,241,4.0669,1.4271,26.962,2.5561,1.0625,0.07267,1.4488,72.58
23,242,4.061,1.6823,28.491,,1.0461,0.07598,1.445,72.39
23,243,4.0368,1.6402,26.6,2.5554,0.9907,0.07575,1.4401,72.15
23,244,4.0927,1.5108,26.556,2.5707,0.9832,0.07788,1.4323,71.76
23,245,4.0556,1.4888,26.941,2.6073,0.9918,0.07366,1.435,71.89
23,246,4.1079,1.6568,28.412,2.5516,1.1057,0.07705,1.4309,71.69
23,247,4.0883,1.4657,28.385,2.5364,1.062,0.07599,1.4346,71.87
23,248,4.0671,1.5616,26.959,2.5525,1.1018,0.07311,1.4159,70.94
23,249,4.0533,1.6267,27.813,2.5931,1.0711,0.07539,1.4145,70.87
23,250,4.0439,1.386,26.682,2.6055,1.0373,0.07505,1.4183,71.06
24,1,4.1589,1.5146,24.832,2.0479,1.4778,0.04674,2.0644,100.49
24,2,4.2227,1.5342,23.862,1.9644,1.4526,0.04514,2.0421,99.4
24,3,4.1845,1.5421,24.395,2.1906,1.4942,0.04849,2.0663,100.58
24,4,4.1606,1.491,23.97,2.0863,1.3929,0.04578,2.0463,99.6
24,5,4.1597,1.3453,23.582,2.0237,1.4856,0.04232,2.0431,99.45
24,6,4.1575,,23.399,2.0097,1.509,0.0446,2.047,99.64
24,7,4.1546,1.2939,24.746,2.1372,1.5724,0.04466,2.033,98.96
24,8,4.1866,1.4025,23.476,2.0488,1.5115,0.04669,2.0533,99.95
24,9,4.1672,1.6636,24.213,2.0518,1.4907,0.04585,2.0413,99.36
24,10,4.1504,1.795,23.154,2.0814,1.5137,0.04823,2.0287,98.75
24,11,4.2223,1.5304,25.247,2.1281,1.5762,0.04637,2.0409,99.34
24,12,4.1654,1.521,24.341,1.943,1.4903,0.04822,2.0395,99.27
24,13,4.1495,1.6406,25.399,2.0338,1.5003,0.0464,2.0239,98.51
24,14,4.1604,1.4567,25.189,2.0108,1.471,0.04695,2.0425,99.42
24,15,4.1434,1.417,24.554,2.1175,1.5057,0.04657,2.0436,99.47
24,16,4.1351,1.5146,25.395,1.9965,1.4508,0.04613,2.0308,98.85
24,17,4.2184,1.3907,23.167,2.1243,1.4549,0.04862,2.0254,98.59
24,18,4.1834,1.3146,24.358,2.093,1.4731,0.04469,2.0249,98.56
24,19,4.1896,1.4391,23.746,2.1292,1.5707,0.04916,2.0265,98.64
24,20,4.1649,1.4997,23.179,2.0742,1.5395,0.04748,2.025,98.57
24,21,4.1526,1.4993,23.263,2.0316,1.5564,0.04545,2.0165,98.15
24,22,4.1774,1.4503,,2.14,1.4003,0.04915,2.0135,98.01
24,23,4.1625,1.7341,23.435,2.1255,1.5329,0.04639,2.0136,98.01
24,24,4.16,1.4209,24.246,2.1456,1.4564,0.04974,2.0112,97.9
24,25,4.1795,1.5668,23.905,1.935,1.5071,0.04959,2.0261,98.62
24,26,4.191,1.4381,24.653,2.1836,1.5066,0.05081,2.0152,98.09
24,27,4.1373,1.5904,23.927,2.0299,1.46,0.05175,2.0224,98.44
24,28,4.1234,1.3308,24.516,2.0543,1.3659,0.04555,2.0056,97.62
24,29,4.1864,1.4509,,2.1561,1.4289,0.04824,2.0097,97.82
24,30,4.18,1.431,23.307,2.107,1.5201,0.04962,2.0019,97.44
24,31,4.189,1.5097,23.906,2.0523,1.3874,0.0511,2.0131,97.99
24,32,4.123,1.6529,24.643,2.1656,1.4487,0.04725,2.0007,97.39
24,33,4.1784,1.4714,25.412,2.1656,1.4902,0.04674,2.0053,97.61
24,34,4.1947,1.2425,24.026,2.121,1.4317,0.04901,1.99,96.87
24,35,4.1496,1.611,25.019,2.102,1.4172,0.04902,2.0018,97.44
24,36,4.1449,1.6891,23.255,2.0618,1.4338,0.05122,2.0136,98.01
24,37,4.1961,1.4656,24.36,2.0973,1.5556,0.0472,1.9955,97.13
24,38,4.1385,1.5745,23.633,2.2288,1.4552,0.05038,1.9894,96.83
24,39,4.1619,1.5204,24.56,2.1518,1.4107,0.0477,1.9955,97.13
24,40,4.162,1.2652,23.818,2.2141,1.443,0.04874,1.9967,97.19
24,41,4.1474,1.3665,24.675,2.1291,1.4256,0.0484,1.9765,96.21
24,42,4.1435,1.4221,24.216,2.1195,1.4734,0.0519,1.999,97.3
24,43,4.2214,1.3033,24.465,2.097,1.5465,0.05051,1.992,96.96
24,44,4.1711,1.5386,25.181,2.0891,1.4538,0.04974,1.9673,95.76
24,45,4.1683,1.5251,25.41,2.135,1.4691,0.04799,1.9765,96.21
24,46,4.1399,1.6153,24.901,2.1418,1.4802,0.04624,1.9914,96.93
24,47,4.1775,1.7377,24.83,1.9909,1.4199,0.05052,1.974,96.08
24,48,4.1596,1.354,25.172,2.1719,1.4032,0.0522,1.9858,96.66
24,49,4.1505,1.4438,24.273,2.1955,1.3432,0.05309,1.9709,95.93
24,50,4.1477,1.51,23.885,2.0446,1.3885,0.04721,1.975,96.13
24,51,4.1165,1.6545,23.77,2.1432,1.483,0.05282,1.9611,95.46
24,52,4.1493,1.5294,26.349,2.1716,1.4614,0.05577,1.9679,95.79
24,53,4.1848,1.5653,25.085,2.0905,1.3712,0.05034,1.9708,95.93
24,54,4.1766,1.6681,24.841,2.1821,1.4545,0.05127,1.974,96.08
24,55,4.1181,1.4899,24.565,2.2208,1.4845,0.05189,1.9627,95.54
24,56,4.1595,1.6324,24.751,2.0844,1.4056,0.05467,1.9801,96.38
24,57,4.1427,1.5081,24.382,2.2282,1.5138,0.05185,1.9598,95.4
24,58,4.1782,1.5217,24.02,2.1334,1.4404,0.05275,1.9646,95.63
24,59,4.1425,1.4204,25.318,2.1199,1.3894,0.05109,1.9443,94.64
24,60,4.1772,1.5682,25.687,2.2358,1.3265,0.05338,1.9633,95.56
24,61,4.1211,1.4708,25.282,2.2519,1.3453,0.05356,1.9524,95.03
24,62,4.1979,,26.001,2.2223,1.301,0.05091,1.9694,95.86
24,63,4.1607,1.4406,24.738,2.2,1.3841,0.05231,1.962,95.5
24,64,4.1337,1.3468,24.074,2.1161,1.3802,0.04923,1.9575,95.28
24,65,4.1724,1.4123,24.153,2.1607,1.3616,0.05477,1.9505,94.94
24,66,4.1372,1.4183,25.5,2.1609,1.5024,0.05363,1.9399,94.42
24,67,4.1417,1.3969,24.654,2.1344,1.3061,0.05507,1.9546,95.14
24,68,4.1319,1.5554,24.92,2.2626,1.4232,0.05285,1.9439,94.62
24,69,4.1481,1.5324,,2.1093,1.3583,0.05244,1.9476,94.8
24,70,4.1774,1.3407,24.625,2.1491,1.4825,0.05517,1.9382,94.34
24,71,4.1723,1.3523,26.297,,1.4598,0.05462,1.9406,94.46
24,72,4.178,1.6304,25.106,2.1604,1.4015,0.05343,1.9391,94.39
24,73,4.1727,1.5672,25.105,2.1483,1.4101,0.05037,1.9382,94.34
24,74,4.1619,1.6173,25.012,2.2025,1.4079,0.05524,1.9273,93.81
24,75,,1.5577,26.536,2.1366,1.3828,0.05323,1.9304,93.96
24,76,4.1218,1.4921,24.611,2.1166,1.3283,0.05526,1.9497,94.9
24,77,4.1314,1.6806,23.34,2.1197,1.3467,0.05422,1.9343,94.16
24,78,4.1399,1.5699,26.186,2.2462,1.3862,0.0542,1.9234,93.62
24,79,4.1916,1.5884,24.662,2.2143,1.4145,0.05337,1.9342,94.15
24,80,4.1506,1.6518,24.361,2.0965,1.3635,0.05465,1.9306,93.97
24,81,4.1283,1.6662,25.598,2.2133,1.3223,0.05722,1.9076,92.85
24,82,4.1455,1.5612,25.194,2.2954,1.4055,0.05552,1.917,93.31
24,83,4.1534,1.4873,25.132,2.1871,1.3508,0.05313,1.918,93.36
24,84,4.1338,1.7321,26.08,2.2017,1.3525,0.05631,1.9148,93.2
24,85,4.1617,1.3063,,2.2723,1.4872,0.0547,1.9309,93.99
24,86,4.1526,1.4212,24.254,2.2373,1.2941,0.05269,1.9148,93.2
24,87,4.1533,1.663,25.61,2.2154,1.4356,0.05459,1.9185,93.38
24,88,4.1388,1.5673,25.083,2.1285,1.3534,0.0555,1.9076,92.86
24,89,4.1287,1.574,23.868,2.2442,1.4557,0.05447,1.9096,92.95
24,90,4.1333,1.4859,24.24,2.3408,1.3835,0.05446,1.9074,92.84
24,91,4.1406,1.2535,25.638,2.1931,1.3799,0.05679,1.899,92.44
24,92,4.1509,1.603,26.043,2.2047,1.4706,0.05675,1.9113,93.04
24,93,4.1171,1.4891,,2.2329,1.4503,0.05538,1.9017,92.57
24,94,4.1096,1.7761,24.504,2.3531,1.3521,0.05181,1.9057,92.76
24,95,4.1393,1.4598,,2.2699,,,1.9094,92.94
24,96,4.153,1.4518,25.707,2.2019,1.2983,0.05611,1.8989,92.43
24,97,4.1595,1.3402,25.847,2.1979,1.2283,0.05423,1.893,92.14
24,98,4.147,1.4987,24.207,2.1906,1.2901,0.05728,1.8911,92.05
24,99,4.1508,1.3024,24.524,2.3608,1.3806,0.05629,1.8912,92.05
24,100,4.1627,1.6989,24.52,2.1785,1.3586,0.05774,1.8823,91.62
24,101,4.1806,1.3986,25.122,2.2858,1.382,,1.8924,92.11
24,102,4.1226,1.7197,24.705,2.2259,1.381,0.05506,1.882,91.61
24,103,4.0862,1.5386,25.324,2.2565,1.2991,0.05782,1.8873,91.86
24,104,4.1657,1.5921,24.199,2.1989,1.3093,0.05784,1.8832,91.67
24,105,4.1284,1.8539,25.274,2.3344,1.3308,0.05324,1.8805,91.53
24,106,4.1603,1.5919,25.587,2.2541,1.3126,0.05951,1.8817,91.59
24,107,4.1158,,25.122,2.332,1.3575,0.05628,1.875,91.27
24,108,4.1171,1.7968,25.462,2.3031,1.2654,0.05579,1.8676,90.91
24,109,4.1735,1.3615,24.638,2.3129,1.4109,0.05895,1.8736,91.2
24,110,4.1081,1.3577,24.233,2.2077,1.3429,0.05576,1.8789,91.45
24,111,4.1222,1.4491,25.979,2.2049,1.4007,0.05998,1.8738,91.21
24,112,4.1597,1.3838,26.239,2.2854,1.2453,0.05585,1.8622,90.64
24,113,,1.4965,25.195,2.2693,1.2242,0.06021,1.8652,90.79
24,114,4.1484,1.4663,24.62,,1.2698,0.06321,1.8774,91.39
24,115,4.1509,1.6192,25.637,2.2147,1.3473,0.05663,1.8644,90.75
24,116,4.1019,1.4651,25.0,2.3559,1.1995,0.06358,1.8682,90.93
24,117,4.1243,1.5671,25.747,2.3257,1.3467,0.06311,1.8552,90.3
24,118,4.124,1.4513,24.895,2.3534,1.4059,0.06117,1.8658,90.82
24,119,4.0703,1.5169,25.315,2.2821,1.3697,0.06168,1.833,89.22
24,120,4.0879,1.3705,25.339,2.3052,1.2525,0.06072,1.858,90.44
24,121,4.059,1.4131,26.446,2.375,1.2273,0.05648,1.8409,89.61
24,122,4.1141,1.6823,26.278,2.3386,1.2703,0.06053,1.8593,90.5
24,123,4.1282,1.513,25.143,2.1885,1.2578,0.05798,1.8677,90.91
24,124,4.0856,1.2248,24.532,2.33,1.2864,0.05926,1.8367,89.4
24,125,4.166,1.7915,,2.2727,1.2856,0.06118,1.8543,90.26
24,126,4.1195,1.5085,24.769,,1.2689,0.06303,1.8453,89.82
24,127,,1.4598,24.843,2.3905,1.2503,0.06032,1.8561,90.35
24,128,4.1255,1.484,26.445,2.2991,1.3132,0.06339,1.8567,90.37
24,129,4.1309,1.4274,25.295,2.3069,1.2578,0.06094,1.8211,88.64
24,130,4.1266,1.5329,25.505,2.2938,1.3008,0.05872,1.8428,89.7
24,131,4.1188,1.4712,25.854,2.2941,1.3594,0.06251,1.8482,89.96
24,132,4.1441,1.548,,2.3573,1.1977,0.05381,1.8371,89.42
24,133,4.1312,1.5652,26.786,2.3039,1.2736,0.06255,1.8403,89.58
24,134,4.1137,1.5504,25.935,2.2885,1.2629,0.05884,1.8273,88.94
24,135,4.1647,1.4884,25.757,2.221,1.4137,0.05948,1.825,88.83
24,136,4.1173,1.4133,25.82,2.2221,1.3397,0.0632,1.8202,88.6
24,137,4.077,1.4231,25.602,2.2413,,0.06354,1.827,88.93
24,138,4.121,1.584,25.626,2.3121,1.3054,0.06318,1.8275,88.95
24,139,4.154,1.5238,24.619,2.3826,1.2695,0.06014,1.8285,89.0
24,140,4.1263,1.3676,26.058,2.4316,1.2967,0.06129,1.8286,89.01
24,141,4.1678,1.4591,24.517,2.3297,1.3236,0.06439,1.8078,88.0
24,142,4.1136,1.5213,26.511,2.3598,1.2874,0.06387,1.8141,88.3
24,143,4.1262,1.548,25.734,2.3117,1.2772,0.06102,1.8069,87.95
24,144,4.1492,1.6527,25.488,2.268,1.268,0.06251,1.8379,89.46
24,145,4.1267,1.6516,24.133,2.2767,1.3282,0.06315,1.8028,87.75
24,146,4.1327,1.4506,25.504,2.2639,1.2674,0.06456,1.8058,87.9
24,147,4.13,1.5161,26.646,2.3061,1.3435,0.064,1.8072,87.97
24,148,4.1204,1.4664,25.312,2.351,1.2058,0.06156,1.8113,88.16
24,149,4.1272,1.5928,26.914,2.3181,1.2208,0.05994,1.8001,87.62
24,150,4.1474,1.5135,25.838,2.3388,1.2751,0.06499,1.8081,88.01
24,151,4.1245,1.5904,25.729,2.3334,1.2586,0.06239,1.8196,88.57
24,152,4.1272,1.5304,25.636,2.3508,1.2107,0.06485,1.8035,87.79
24,153,4.0823,1.5784,26.339,2.2941,1.2868,0.06463,1.7975,87.5
24,154,4.1048,1.5166,25.382,2.3753,1.2594,0.06546,1.8149,88.34
24,155,4.122,1.4947,24.38,2.3873,1.1648,0.06328,1.794,87.32
24,156,4.1096,1.5291,25.937,2.3731,1.2457,0.06895,1.7946,87.35
24,157,4.0788,1.3543,26.236,2.258,1.1885,0.06113,1.7913,87.19
24,158,4.1422,1.4104,26.126,2.1966,1.212,0.06516,1.796,87.42
24,159,4.1333,1.2559,25.027,2.3846,1.2676,0.06511,1.7881,87.04
24,160,4.0794,1.4305,27.69,2.2834,1.1744,0.06556,1.7906,87.16
24,161,4.1524,1.8523,26.162,2.3805,1.1492,0.06638,1.7788,86.58
24,162,4.0736,1.5385,26.428,2.2758,1.2088,,1.7676,86.04
24,163,4.0866,1.4482,26.415,2.3822,1.2668,0.0643,1.7813,86.7
24,164,4.1053,1.4656,26.383,2.341,1.2231,0.06682,1.7879,87.02
24,165,4.0983,1.6295,25.113,2.3507,1.2009,0.0648,1.7882,87.04
24,166,4.1192,1.5753,26.192,2.3608,1.2962,0.06183,1.7846,86.87
24,167,4.1151,1.7084,25.977,2.3578,1.1666,0.06396,1.7717,86.24
24,168,4.1439,1.49,25.365,2.3785,1.152,0.06763,1.781,86.69
24,169,4.1118,1.5612,26.604,,1.2265,0.06614,1.7638,85.85
24,170,4.1484,1.3932,,2.2853,1.1389,0.063,1.7786,86.57
24,171,4.0926,1.6283,26.707,2.3445,1.1959,0.06954,1.7596,85.65
24,172,4.1069,1.5404,25.881,2.5025,1.2161,0.06594,1.7732,86.31
24,173,4.0862,1.4599,,2.3395,1.2209,0.06455,1.7536,85.36
24,174,4.0732,1.5053,26.177,2.3759,,0.0656,1.7563,85.49
24,175,4.0752,,27.592,2.3799,1.1452,0.06894,1.7608,85.71
24,176,4.1366,1.5213,25.511,2.336,1.2774,0.06933,1.7717,86.24
24,177,4.0373,1.5244,25.43,,1.2015,0.06706,1.7526,85.31
24,178,4.1033,1.5116,,2.4279,1.1894,0.06383,1.752,85.28
24,179,4.1045,1.5324,26.702,2.4233,1.1518,0.06057,1.7507,85.22
24,180,4.1148,1.5027,26.692,2.3383,1.1934,0.06476,1.7558,85.46
24,181,4.0758,1.7743,26.1,2.4478,1.1859,0.0694,1.7587,85.6
24,182,4.09,1.5603,27.275,2.4197,1.1641,0.06698,1.7618,85.76
24,183,4.1014,1.433,26.414,2.2977,,0.06537,1.7437,84.88
24,184,4.0594,1.4216,26.736,2.4604,1.0765,0.06591,1.7467,85.02
24,185,4.1064,1.5766,26.763,2.3498,1.2156,0.06814,1.7565,85.5
24,186,4.0865,1.5221,25.346,2.4471,1.1287,0.06569,1.7454,84.96
24,187,4.1031,1.47,24.838,2.409,1.1686,0.0684,1.7483,85.1
24,188,,1.3622,25.749,2.4212,1.1373,0.06604,1.737,84.55
24,189,4.1227,1.5616,26.114,2.3783,1.2239,0.06705,1.7458,84.98
24,190,4.1188,1.5777,25.975,2.3923,1.1133,0.06769,1.7451,84.94
24,191,4.0596,1.8123,27.112,2.3698,1.2941,0.06693,1.7353,84.47
24,192,4.0958,1.4734,,2.5077,1.2357,0.0678,1.7409,84.74
24,193,4.1008,1.3794,26.602,2.3829,1.1528,0.06688,1.7161,83.53
24,194,4.0485,1.6176,26.743,2.4209,1.1665,0.06925,1.739,84.65
24,195,4.081,1.5369,27.76,2.3377,1.2087,0.06811,1.7256,83.99
24,196,4.0536,1.3187,26.406,2.3541,1.2333,0.06649,1.7256,84.0
24,197,4.0769,1.4547,25.579,2.4578,1.2184,0.06801,1.7301,84.21
24,198,4.0912,1.3696,26.522,2.4155,1.0503,0.06798,1.7287,84.14
24,199,4.0597,1.5,26.328,2.3872,1.2002,,1.7087,83.17
24,200,4.0911,1.6746,24.889,2.5163,1.1443,0.06744,1.7171,83.58
24,201,4.0674,1.4053,26.976,2.4498,1.0776,0.07047,1.7156,83.51
24,202,4.052,1.5519,26.983,2.3452,1.1883,0.06789,1.7213,83.79
24,203,4.0653,1.6555,26.428,2.4065,1.1362,0.07111,1.7197,83.71
24,204,4.1147,1.5562,25.407,2.448,1.1699,0.06664,1.7079,83.13
24,205,4.1013,1.6661,27.527,2.5911,1.1676,0.07071,1.712,83.33
24,206,4.1344,1.424,27.852,2.5529,1.1252,0.07179,1.7054,83.01
24,207,4.0766,1.5148,26.714,2.473,1.2399,0.07098,1.7121,83.34
24,208,4.105,1.3215,25.973,2.4369,1.1935,0.0735,1.7006,82.78
24,209,4.0769,1.4476,27.113,2.4438,1.1361,0.07198,1.7068,83.08
24,210,4.0615,1.3519,26.264,2.3883,1.0979,0.06812,1.7127,83.36
24,211,4.1013,1.8265,26.41,2.5386,1.1845,0.06921,1.71,83.23
24,212,4.0706,1.5628,27.409,2.4396,1.1976,0.07298,1.6987,82.68
24,213,4.0548,1.5261,27.155,2.3972,1.0919,0.07051,1.7101,83.24
24,214,4.0794,1.4755,28.267,,1.1804,0.07172,1.6931,82.41
24,215,4.1199,1.6073,26.834,2.5323,1.144,0.07256,1.6812,81.83
24,216,4.1032,1.5544,26.817,2.4205,1.1332,0.07042,1.6779,81.67
24,217,4.0913,1.7213,25.733,2.5018,1.1232,0.06997,1.6821,81.88
24,218,4.0841,1.5549,25.777,2.5388,1.1495,0.07235,1.6901,82.27
24,219,4.0334,1.6085,26.627,2.5356,1.1064,0.07315,1.6975,82.63
24,220,4.0911,1.5671,26.596,2.4163,1.1208,,1.6776,81.66
24,221,4.1294,1.5964,,2.5051,1.2401,,1.6962,82.56
24,222,4.0732,1.5141,26.99,2.4362,1.1073,0.07151,1.6833,81.93
24,223,4.0946,1.6143,27.023,2.5131,1.1415,0.06418,1.6772,81.64
24,224,4.0969,1.4329,27.292,2.5407,1.1196,0.0707,1.6721,81.39
24,225,4.0776,1.609,24.958,2.4432,1.0826,0.06696,1.6775,81.65
24,226,4.0408,1.4874,26.307,2.5168,1.1178,0.06874,1.6717,81.37
24,227,4.1383,1.6631,27.463,2.4792,1.1061,0.07112,1.6767,81.61
24,228,4.049,1.5606,26.278,2.3901,1.0947,,1.6741,81.49
24,229,3.9881,1.4535,27.415,2.4771,1.1529,0.07169,1.6716,81.36
24,230,4.0774,1.457,27.166,2.5889,1.1443,0.07281,1.6702,81.3
24,231,4.0995,1.4733,27.189,2.5455,1.1702,0.07473,1.6602,80.81
24,232,4.0442,1.4317,25.604,2.4139,1.1998,0.07087,1.673,81.43
24,233,4.0738,1.4454,28.54,2.4875,1.139,0.0714,1.6545,80.53
24,234,4.0565,1.4489,26.167,2.4103,1.1205,0.07241,1.6485,80.24
24,235,4.0769,1.6267,27.93,2.363,1.0758,0.07046,1.6477,80.2
24,236,4.1085,1.4481,26.39,2.4597,1.194,0.06872,1.6531,80.46
24,237,4.0517,1.329,27.521,2.4032,1.0883,0.07328,1.6521,80.42
24,238,,1.5155,26.265,2.562,1.1349,0.07745,1.6488,80.26
24,239,4.0872,1.4928,28.229,2.5154,1.1043,0.07476,1.654,80.51
24,240,4.0595,1.6008,27.587,2.5532,1.1018,0.07434,1.6462,80.13
24,241,4.0442,1.5363,24.606,2.5625,1.0689,0.07241,1.6573,80.67
24,242,4.0866,1.8233,26.05,2.4699,1.1151,0.07259,1.6469,80.16
24,243,4.0665,1.6427,26.888,2.5548,1.0564,0.07803,1.6528,80.45
24,244,,1.3662,27.408,2.5585,1.0355,0.07627,1.6308,79.38
24,245,4.0794,1.6114,26.878,2.5819,1.0899,0.07508,1.6371,79.68
24,246,4.0226,1.5221,26.28,2.6125,,0.07697,1.6387,79.77
24,247,4.079,1.3715,26.563,2.4909,1.2001,0.07326,1.6377,79.72
24,248,4.0976,1.6739,26.71,2.64,1.197,0.07549,1.6467,80.15
24,249,4.0464,1.594,27.153,2.546,1.0234,,1.632,79.44
24,250,,1.4878,26.898,2.4476,1.0597,0.07432,1.6431,79.98
25,1,4.1985,1.4494,23.28,2.1063,1.5045,0.04471,1.9426,99.58
25,2,4.1886,1.565,24.269,2.0662,1.4511,0.04415,1.9462,99.76
25,3,4.1546,1.3711,23.81,2.1202,1.3765,0.04458,1.9458,99.74
25,4,4.205,1.7166,24.102,2.1808,1.5022,0.04711,1.9475,99.83
25,5,4.1891,1.6088,23.639,1.9092,1.4819,0.04517,1.935,99.19
25,6,4.1638,1.4163,23.034,2.0278,1.6119,0.04255,1.9524,100.08
25,7,4.1755,1.738,24.963,2.1628,1.4511,0.04306,1.9291,98.89
25,8,4.1733,1.5025,23.928,2.1064,1.4351,0.04411,1.9344,99.16
25,9,4.1811,1.514,24.998,2.1664,1.4068,0.04613,1.9265,98.75
25,10,4.1371,1.4381,25.299,2.0368,1.4278,0.0461,1.9327,99.07
25,11,4.1674,1.517,22.325,2.1102,,0.04809,1.9398,99.43
25,12,4.167,1.6175,23.839,2.0831,1.4398,0.04567,1.9157,98.2
25,13,4.1386,1.4959,24.353,2.1359,1.4597,0.0485,1.9381,99.35
25,14,4.1767,1.5119,24.706,2.1151,1.4055,0.04711,1.9265,98.75
25,15,4.2098,1.3812,24.468,2.0632,1.4704,0.04465,1.9294,98.9
25,16,4.1808,1.386,25.214,1.9938,1.4846,0.04206,1.9232,98.58
25,17,4.1843,1.5881,24.225,2.0742,1.4838,0.04894,1.9194,98.39
25,18,4.1396,1.4786,22.436,2.0073,1.4224,0.04889,1.9306,98.96
25,19,4.1642,1.5389,23.738,1.9731,1.4141,0.04704,1.9139,98.11
25,20,4.1658,1.5572,25.048,2.1613,1.4605,0.04513,1.9197,98.4
25,21,4.1418,1.3742,24.181,2.2106,1.4566,0.04735,1.9041,97.61
25,22,4.1494,1.6283,25.192,2.1011,1.5543,0.04987,1.92,98.42
25,23,4.1661,1.4516,24.113,2.0942,1.4297,0.04733,1.9108,97.95
25,24,4.155,1.3119,24.394,2.1081,1.4348,0.04965,1.899,97.34
25,25,4.151,1.326,24.91,2.1413,1.5064,0.05117,1.8998,97.39
25,26,4.1505,1.2884,23.18,2.0872,1.3362,0.04597,1.9015,97.47
25,27,,1.418,24.328,2.2202,1.348,0.05041,1.9024,97.52
25,28,4.1991,1.6202,23.95,2.1101,1.3647,0.04731,1.9043,97.61
25,29,,1.5991,25.733,2.0861,1.4923,0.04901,1.8996,97.38
25,30,4.1627,1.5184,23.713,2.0529,1.3764,0.04751,1.8871,96.73
25,31,4.1968,1.2105,24.114,2.1486,1.3813,0.04826,1.8888,96.82
25,32,4.1637,1.5844,24.944,2.0825,1.3537,0.04917,1.8912,96.94
25,33,4.152,1.5318,24.086,2.1391,1.5521,0.05033,1.8868,96.72
25,34,4.1775,1.5144,24.846,2.1497,1.4726,0.0492,1.901,97.44
25,35,4.1275,1.5606,23.592,2.1664,1.4883,0.04876,1.8779,96.26
25,36,4.1703,1.5085,24.5,2.0753,1.3777,0.04603,1.8963,97.2
25,37,4.2168,1.3263,23.294,2.0804,1.3813,0.04998,1.8789,96.31
25,38,4.1579,1.4038,23.96,2.127,1.4111,0.05352,1.878,96.27
25,39,4.1572,1.2062,24.307,2.0136,1.445,0.04996,1.8808,96.41
25,40,4.1461,1.5092,25.032,2.0777,1.4482,0.05093,1.8856,96.66
25,41,4.201,1.568,23.234,2.1955,1.3808,0.05152,1.8763,96.18
25,42,4.0951,1.5789,24.421,2.1102,1.3919,0.05162,1.8779,96.26
25,43,4.1885,1.3241,24.541,2.1871,1.4457,0.05053,1.8663,95.67
25,44,4.1465,1.3599,23.811,2.0845,1.352,0.05389,1.8702,95.87
25,45,4.1879,1.3584,23.552,2.0831,1.3474,0.05225,1.8563,95.15
25,46,4.1535,1.8318,24.937,2.1491,1.3724,0.04891,1.8729,96.01
25,47,4.1801,1.5756,25.687,2.1054,1.4317,0.05125,1.8621,95.45
25,48,4.1368,1.3826,24.866,2.202,1.3719,0.05198,1.868,95.75
25,49,4.1489,1.3347,23.339,2.1104,1.3806,0.05081,1.8723,95.97
25,50,4.1507,1.589,24.098,2.2298,1.4452,0.05273,1.8608,95.38
25,51,4.1541,1.5944,24.565,2.1145,1.358,0.04974,1.8538,95.02
25,52,4.2284,1.2735,23.568,2.1946,1.3579,0.05054,1.8479,94.72
25,53,4.182,1.4751,25.344,2.0577,1.3637,0.05235,1.8585,95.27
25,54,4.1316,1.3711,24.766,2.1635,1.3601,0.04905,1.8693,95.82
25,55,4.1683,1.4683,25.559,2.1561,1.4184,0.05216,1.8476,94.71
25,56,4.1756,1.3623,24.064,2.1413,1.4059,0.05298,1.8466,94.66
25,57,4.1304,1.518,,2.2289,1.3729,0.0495,1.8415,94.4
25,58,4.1617,1.543,24.133,2.1639,1.3249,0.05144,1.8367,94.15
25,59,4.2067,1.4834,25.034,2.1941,1.3,0.04978,1.8562,95.15
25,60,4.1642,1.7424,25.864,2.1783,1.3704,0.0515,1.824,93.5
25,61,4.1579,1.5166,23.869,2.2109,1.3741,0.05311,1.8492,94.79
25,62,4.1112,1.4738,24.36,2.1452,1.3238,0.05098,1.8469,94.67
25,63,4.1723,1.5547,25.068,2.065,1.4703,0.05174,1.8282,93.72
25,64,4.1699,1.4818,26.381,2.2143,1.3665,0.0519,1.8492,94.79
25,65,4.1373,1.4643,24.26,2.1375,1.3398,,1.8416,94.4
25,66,4.1562,1.4442,24.284,2.1628,1.4621,0.0535,1.8396,94.3
25,67,4.1548,1.4038,24.771,2.1225,1.4301,0.05154,1.8357,94.1
25,68,4.1697,1.4264,24.552,2.0318,1.3493,0.05435,1.8233,93.46
25,69,4.1629,1.5084,25.708,2.148,1.3514,0.05034,1.821,93.35
25,70,4.138,1.6257,24.491,2.1682,1.3293,0.05345,1.8235,93.47
25,71,4.0606,1.5049,25.797,2.1631,1.3926,0.05587,1.8383,94.23
25,72,4.1313,,25.408,2.194,1.3897,0.05556,1.8183,93.21
25,73,4.1548,1.5736,24.595,2.2709,1.3063,,1.8183,93.2
25,74,4.1203,1.6157,25.179,2.2804,1.3887,0.05355,1.823,93.45
25,75,4.1529,1.754,25.273,2.195,1.3453,0.05438,1.8169,93.13
25,76,4.1362,1.3899,24.075,2.2546,1.3514,0.05264,1.8041,92.48
25,77,4.1392,1.5179,23.74,2.1421,1.2786,0.05244,1.8102,92.79
25,78,4.119,1.6034,26.532,2.2596,1.3193,0.05478,1.8038,92.46
25,79,4.1292,1.6708,26.759,2.1233,1.4194,0.0533,1.8072,92.64
25,80,4.1511,1.6977,25.422,2.2384,1.3878,0.05662,1.8038,92.46
25,81,4.169,1.4404,23.513,2.3245,1.2934,0.05365,1.8081,92.68
25,82,4.1305,1.4252,25.265,2.2461,1.3725,0.05595,1.7996,92.24
25,83,4.1322,1.6468,24.755,2.1872,1.386,0.05492,1.797,92.12
25,84,4.1298,1.6475,25.654,2.2359,1.2792,0.05556,1.7945,91.99
25,85,4.1189,1.4406,25.506,2.298,1.2836,0.05334,1.795,92.01
25,86,4.1311,1.5792,24.789,,1.2682,0.05642,1.8004,92.29
25,87,4.164,1.509,25.408,2.2432,1.2432,0.05817,1.7762,91.05
25,88,4.1593,,25.149,2.1504,1.34,0.05368,1.7939,91.95
25,89,4.1551,1.6731,25.076,2.2512,1.3873,0.05353,1.8294,93.78
25,90,4.1638,1.4873,24.467,2.1959,1.2655,0.05188,1.7822,91.35
25,91,4.1402,1.5942,27.22,2.2341,1.2584,0.05586,1.7721,90.84
25,92,4.1644,1.6258,,2.2424,1.3633,0.05367,1.7895,91.73
25,93,4.1905,1.5083,25.553,2.0727,1.3954,0.05847,1.766,90.52
25,94,4.1298,1.546,24.172,2.2718,,0.05693,1.7677,90.61
25,95,4.1113,1.4994,24.94,2.2307,1.3025,0.05279,1.7658,90.52
25,96,4.1525,1.5771,25.588,2.2275,1.2893,0.05448,1.783,91.4
25,97,4.1358,1.3153,24.919,2.1208,1.3321,0.05693,1.787,91.6
25,98,4.1124,1.5822,25.208,2.133,1.3732,0.05488,1.7685,90.65
25,99,4.1694,1.642,25.022,2.177,1.2639,0.05601,1.7605,90.24
25,100,4.1674,1.5349,25.762,2.2395,1.27,0.054,1.7789,91.19
25,101,4.1571,1.4539,26.107,2.2317,1.314,0.05668,1.77,90.73
25,102,4.1464,1.5083,25.295,2.1847,1.1986,0.05618,1.7754,91.01
25,103,4.1469,1.4959,24.856,2.0823,1.3314,0.05778,1.7622,90.33
25,104,4.1339,1.6532,24.991,2.2579,1.3177,0.0588,1.7684,90.65
25,105,4.1447,1.548,25.163,2.3167,1.2193,0.05634,1.7634,90.39
25,106,4.1155,1.5065,26.39,2.2561,1.2624,0.06012,1.7709,90.78
25,107,4.1263,1.2784,24.916,2.3082,1.2763,0.05528,1.7541,89.91
25,108,4.116,1.4858,24.865,,1.3107,0.05448,1.7507,89.74
25,109,4.13,1.6597,25.375,2.2598,1.3883,0.05594,1.7533,89.87
25,110,4.1321,1.4564,24.749,2.3538,1.3184,0.0594,1.7573,90.08
25,111,4.1386,1.3893,23.942,2.3666,1.304,0.05848,1.7562,90.02
25,112,4.103,1.214,23.552,2.2436,1.3,0.06122,1.7616,90.3
25,113,4.0651,1.853,25.451,2.3519,1.3173,0.05857,1.7521,89.81
25,114,4.1009,1.3626,25.07,2.1977,1.3681,0.05887,1.7416,89.28
25,115,4.1174,1.4464,25.788,2.2656,1.3382,0.06168,1.7584,90.14
25,116,4.1619,1.6155,25.091,2.3523,1.3203,0.05768,1.7487,89.64
25,117,4.1251,1.6509,25.679,2.2869,1.2719,0.05833,1.7341,88.89
25,118,4.1468,1.3956,25.345,2.2652,1.3148,0.05848,1.7269,88.52
25,119,4.1512,1.4187,25.454,2.368,1.2386,0.05907,1.7263,88.49
25,120,4.1293,1.5098,26.188,2.2558,1.3384,0.06261,1.7291,88.63
25,121,4.1058,1.5132,25.368,2.4009,1.2695,0.06229,1.7327,88.82
25,122,4.1262,1.4758,25.226,2.35,1.236,0.06156,1.7298,88.67
25,123,4.1099,1.6634,26.511,2.3497,1.2422,0.05952,1.7386,89.12
25,124,4.1765,1.5174,25.362,,1.2199,0.05851,1.7242,88.38
25,125,4.0881,1.4388,23.938,2.3865,1.2732,0.06062,1.7262,88.49
25,126,4.1523,1.6993,25.805,2.2768,1.2903,0.06159,1.7128,87.8
25,127,4.1394,1.6347,25.132,2.3606,1.2429,0.05522,1.7267,88.51
25,128,4.1086,1.5481,26.264,2.3206,1.3611,0.05931,1.7142,87.87
25,129,4.1289,1.454,24.624,2.2943,1.2161,0.05911,1.7001,87.15
25,130,4.1246,1.4877,26.823,2.2936,1.2004,0.05795,1.7264,88.49
25,131,4.08,1.379,25.122,2.3825,1.3209,0.06204,1.7117,87.74
25,132,4.1063,1.5664,27.089,2.325,1.2316,0.06052,1.7105,87.68
25,133,4.1339,1.4283,25.835,2.3528,,0.05879,1.7065,87.48
25,134,4.1065,1.5112,25.088,2.3952,1.2602,0.05784,1.7057,87.43
25,135,4.1494,,25.307,2.3913,1.2387,,1.6944,86.85
25,136,4.1345,1.7639,26.62,2.3025,1.2337,0.06142,1.6942,86.84
25,137,4.1189,1.5906,27.171,2.3935,1.3377,0.0648,1.6852,86.38
25,138,4.1186,1.5621,24.394,2.3352,1.2759,0.06099,1.7107,87.69
25,139,4.157,1.5696,27.128,2.3762,1.3072,0.06401,1.6853,86.39
25,140,4.1043,1.4696,24.87,2.4389,1.2412,0.06272,1.6904,86.65
25,141,4.137,1.472,26.667,2.2943,1.3024,0.0638,1.6834,86.29
25,142,4.1515,1.6592,26.287,2.2771,1.2761,0.06217,1.6884,86.55
25,143,4.1175,1.5178,25.045,2.2474,1.1495,0.06276,1.6907,86.67
25,144,4.1334,1.5823,25.585,2.4039,1.2149,0.06312,1.6691,85.56
25,145,4.0587,1.4935,26.07,2.4009,1.2184,0.06289,1.671,85.65
25,146,4.1111,1.5924,24.96,2.2443,1.2054,0.06407,1.6911,86.69
25,147,4.1301,1.3988,25.177,2.3614,1.1934,0.06164,1.6773,85.98
25,148,4.1344,1.508,25.029,2.4603,,0.06173,1.6603,85.11
25,149,4.1405,1.6944,27.088,2.4305,1.1928,0.06622,1.6716,85.69
25,150,4.0739,1.4713,26.026,2.3137,1.2301,0.06407,1.6759,85.91
25,151,4.1284,1.501,25.231,2.2657,1.2181,0.06205,1.6789,86.06
25,152,4.0598,1.3406,26.041,2.2582,1.21,0.06158,1.6729,85.75
25,153,4.1133,1.5264,26.305,2.2928,1.1716,0.06561,1.6648,85.34
25,154,4.1198,1.4634,26.168,2.211,1.2733,0.06257,1.6683,85.52
25,155,,1.4916,25.762,2.3716,1.1519,0.06534,1.6583,85.0
25,156,4.0954,1.4962,26.398,2.3625,1.1844,0.06307,1.6623,85.21
25,157,4.1357,1.5675,26.084,2.504,1.2371,0.0642,1.6744,85.83
25,158,4.1178,1.1583,26.308,2.292,1.1728,0.06116,1.6612,85.15
25,159,4.0999,1.6306,27.096,2.4872,1.2108,0.06364,1.6551,84.84
25,160,4.0866,1.4081,,2.3694,1.1043,0.06633,1.6653,85.37
25,161,4.1275,1.3357,25.203,2.3309,1.1944,0.06425,1.6592,85.05
25,162,4.1096,1.4353,27.617,2.3594,1.159,0.06067,1.6624,85.21
25,163,4.1239,1.3877,26.321,2.383,1.112,0.06581,1.6543,84.8
25,164,4.078,1.6394,26.886,2.3114,1.2128,0.06509,1.6496,84.56
25,165,4.0929,1.5069,26.739,,1.1004,0.06051,1.6494,84.55
25,166,4.0713,1.4343,25.551,2.3815,1.1891,0.06482,1.6332,83.72
25,167,4.0629,1.5651,26.345,2.3093,1.2229,0.06579,1.6554,84.86
25,168,4.044,1.6409,26.366,2.4122,1.0221,0.0641,1.6441,84.27
25,169,4.1363,1.3927,27.083,2.4483,1.1976,0.06755,1.6311,83.61
25,170,4.0844,1.6362,25.452,2.3131,1.1699,,1.6332,83.72
25,171,4.1224,1.4565,25.199,2.4127,1.2503,0.0661,1.6538,84.77
25,172,4.0667,1.4804,26.293,2.3684,1.2328,0.06669,1.6294,83.53
25,173,4.1148,1.3593,25.509,2.3353,1.2028,0.06371,1.6371,83.92
25,174,4.0976,1.5981,25.248,2.4269,1.1279,0.06395,1.634,83.76
25,175,4.1311,1.4253,24.588,2.3452,1.1599,0.06974,1.6304,83.57
25,176,4.082,1.5094,27.38,2.3891,1.1672,0.06531,1.6328,83.7
25,177,4.0872,1.6312,27.132,2.4421,1.1664,0.06344,1.6334,83.73
25,178,4.0832,1.4332,25.864,2.4367,1.1425,0.06361,1.6242,83.26
25,179,4.1417,1.5927,25.493,2.4879,1.1582,0.07104,1.6165,82.86
25,180,,1.6275,27.502,2.3852,1.2413,0.06535,1.6244,83.27
25,181,4.0988,1.6376,26.073,2.5131,1.2344,0.0668,1.6176,82.92
25,182,4.1231,1.2758,26.508,2.3671,1.2277,0.06407,1.6109,82.58
25,183,4.1086,1.5996,25.815,2.3983,1.2115,0.06897,1.6115,82.61
25,184,4.082,1.3633,26.247,2.4687,1.1704,0.06523,1.6122,82.64
25,185,4.0442,1.6331,26.553,2.4484,1.1269,0.0669,1.6274,83.42
25,186,4.0942,1.3126,27.377,2.4624,1.1626,0.06752,1.6136,82.72
25,187,4.0773,1.4119,26.818,2.4521,1.112,0.06962,1.6229,83.19
25,188,4.073,1.587,26.633,2.4221,1.1766,0.06881,1.61,82.53
25,189,4.0976,1.4959,26.454,2.5003,1.1886,0.06703,1.6131,82.69
25,190,4.1361,1.6184,26.544,2.5,1.1262,0.06846,1.6044,82.24
25,191,4.1104,1.7232,26.493,2.4035,1.2139,0.06426,1.6171,82.89
25,192,4.1194,1.5963,24.738,2.3547,1.1444,0.06899,1.6017,82.1
25,193,4.093,1.6166,26.805,2.4294,1.176,0.06687,1.6025,82.15
25,194,4.0715,1.5876,26.803,2.4211,1.1794,0.07137,1.6017,82.1
25,195,4.1161,1.6596,26.366,2.4904,1.1292,0.07091,1.5866,81.33
25,196,4.1279,1.3959,26.299,2.3969,1.2109,0.06806,1.571,80.53
25,197,4.1194,1.6174,26.238,2.3865,1.0833,0.07119,1.5867,81.33
25,198,4.0952,1.5888,24.924,2.4277,1.1253,0.07072,1.5926,81.63
25,199,4.1168,1.7452,25.307,2.4516,1.1588,0.07063,1.5756,80.77
25,200,4.0984,1.5038,26.178,2.5773,1.1197,0.0699,1.5682,80.39
25,201,,1.5965,27.242,2.4069,1.1412,0.0695,1.5827,81.13
25,202,4.0653,1.6372,26.219,2.6135,1.1763,0.07014,1.5686,80.41
25,203,4.108,1.5526,25.368,2.4961,1.2039,0.06817,1.5921,81.61
25,204,4.0615,1.7417,26.802,2.5484,1.1252,0.06849,1.5635,80.15
25,205,4.0785,1.5009,26.83,2.4423,1.1709,0.07049,1.5934,81.68
25,206,4.0719,1.3314,25.604,2.4183,1.1409,0.06809,1.5783,80.91
25,207,4.0582,1.5776,27.127,2.4361,1.0999,0.07107,1.5609,80.01
25,208,4.1161,1.5123,25.846,2.5324,1.1065,0.06838,1.5721,80.59
25,209,4.1222,1.5533,25.769,2.5607,1.1409,0.07052,1.5761,80.79
25,210,4.1137,1.3985,25.435,2.5853,1.074,0.07212,1.5639,80.16
25,211,4.0903,1.4259,26.947,2.5557,1.1368,0.06883,1.5763,80.8
25,212,4.05,1.415,26.235,2.4787,1.0553,0.07094,1.5658,80.26
25,213,4.0788,1.273,26.367,2.5857,1.137,0.07059,1.5657,80.26
25,214,4.0981,1.5571,27.202,2.4137,1.1163,0.06976,1.5567,79.8
25,215,4.0346,1.4851,26.996,2.5231,,0.06648,1.5608,80.01
25,216,4.1224,1.4317,26.169,,1.1508,0.07311,1.5611,80.02
25,217,4.044,1.475,27.075,2.4792,1.1266,0.07078,1.5623,80.08
25,218,4.0759,1.3981,25.915,2.4835,1.1006,0.0723,1.5488,79.39
25,219,4.1233,1.6804,26.443,2.5012,1.1623,0.07,1.5482,79.36
25,220,4.1135,1.616,27.638,2.5107,1.086,0.06872,1.5426,79.08
25,221,4.1114,1.6824,27.727,2.5402,1.2097,0.06842,1.5479,79.34
25,222,4.0567,1.7196,26.485,2.5554,1.0752,0.07248,1.5468,79.29
25,223,4.0793,1.5735,27.5,2.4906,1.1396,0.07384,1.5422,79.05
25,224,4.1263,1.623,26.49,2.5363,1.1445,0.07306,1.5379,78.83
25,225,3.9925,1.4177,27.144,2.4417,1.118,0.07377,1.541,78.99
25,226,4.0342,1.4455,27.194,2.5786,0.9857,0.07228,1.5366,78.77
25,227,4.0801,1.5152,28.631,2.4739,1.1372,0.07426,1.524,78.12
25,228,4.0804,1.5343,26.182,2.4574,1.0656,0.07008,1.5323,78.55
25,229,4.0721,1.5538,27.167,2.4976,1.0451,0.07333,1.528,78.33
25,230,4.0644,1.4166,26.303,2.4995,1.1422,0.07399,1.5365,78.76
25,231,4.1236,1.5305,27.94,2.5862,1.1388,0.07336,1.5283,78.34
25,232,4.0757,1.6368,,2.4991,1.1632,0.07409,1.5274,78.29
25,233,4.0446,1.4831,27.043,2.5137,1.0188,0.07448,1.5322,78.54
25,234,4.0676,1.6306,28.588,2.6096,1.0666,0.07087,1.5314,78.5
25,235,4.1329,1.6958,27.05,2.6145,1.1333,0.0694,1.5228,78.06
25,236,4.0768,1.4314,26.823,2.5469,1.0354,0.07308,1.5276,78.3
25,237,4.0932,1.4994,25.483,2.4983,1.0227,0.07085,1.5146,77.64
25,238,4.093,1.4197,25.744,2.5198,1.0057,0.07308,1.5248,78.16
25,239,4.0801,1.5767,26.335,2.533,1.1315,0.06949,1.5141,77.61
25,240,4.0425,1.7045,27.779,2.5777,1.0236,0.07433,1.5143,77.62
25,241,4.0123,1.5537,27.447,2.4477,1.0947,0.07412,1.5128,77.55
25,242,4.0608,1.5576,27.246,2.3652,1.0476,0.07421,1.519,77.86
25,243,4.0875,1.5468,27.036,2.5819,1.034,0.07425,1.4873,76.24
25,244,4.0716,1.3153,26.748,2.5419,1.1056,0.07359,1.5112,77.46
25,245,4.0454,,27.423,2.625,1.1312,0.07291,1.4946,76.61
25,246,4.0661,1.6106,25.964,2.5707,1.0732,0.07227,1.494,76.58
25,247,4.08,1.7858,27.071,2.5654,1.0203,0.07511,1.49,76.38
25,248,4.0619,1.8311,27.459,2.4534,1.0821,0.07702,1.4919,76.47
25,249,,1.4273,26.186,2.5368,1.033,0.07376,1.5004,76.91
25,250,4.0905,1.6895,26.597,2.4945,1.0547,0.07583,1.5029,77.04
26,1,4.1741,1.597,24.543,2.0447,1.5754,0.04358,2.1284,100.6
26,2,4.1899,1.3037,24.198,1.9753,1.6052,0.04445,2.1058,99.53
26,3,4.1734,1.47,24.693,2.0607,1.53,0.04455,2.123,100.35
26,4,4.2371,1.2996,22.845,2.1172,1.5821,0.04363,2.1061,99.55
26,5,4.2096,1.3751,23.517,2.0555,1.4683,0.04745,2.0931,98.93
26,6,4.1552,1.4056,24.996,2.0336,1.5551,0.0457,2.1051,99.5
26,7,4.1955,1.6299,25.714,1.9397,1.3603,0.04712,2.0888,98.73
26,8,4.1406,1.5141,23.753,1.9782,1.515,0.04709,2.0959,99.06
26,9,4.1805,1.5546,22.82,2.0531,1.5312,0.04532,2.0999,99.25
26,10,4.1568,1.4663,24.811,2.1507,1.5811,0.04308,2.0898,98.77
26,11,4.1915,1.6577,23.548,2.0721,1.4562,0.04687,2.0867,98.63
26,12,4.1792,1.3564,22.665,2.2488,1.5152,0.05071,2.087,98.64
26,13,4.1333,1.5454,23.175,2.0454,1.4208,0.04341,2.1021,99.35
26,14,4.1601,1.5068,23.347,2.0761,1.5643,0.04723,2.081,98.36
26,15,4.1818,1.3301,24.738,1.9966,1.5851,0.04834,2.0852,98.56
26,16,4.1878,1.5022,23.565,2.0135,1.5948,0.04713,2.088,98.69
26,17,4.1853,1.5437,23.993,2.0195,1.5381,0.04893,2.0725,97.96
26,18,4.1737,1.4088,24.49,2.0361,1.4393,0.04941,2.0819,98.4
26,19,4.124,1.6599,23.024,2.0539,1.4431,0.04583,2.0689,97.79
26,20,4.1685,1.5462,24.928,2.0379,1.5576,0.04815,2.0928,98.92
26,21,4.1524,1.5564,24.313,2.1477,1.4715,0.05158,2.0789,98.26
26,22,4.167,1.4742,24.228,2.0445,1.529,0.04762,2.0734,98.0
26,23,4.1588,1.489,23.915,2.1951,1.4254,0.04795,2.0841,98.51
26,24,,1.8208,23.928,2.0883,1.5761,0.04713,2.069,97.79
26,25,4.1601,1.4974,25.162,2.0632,1.3569,0.04793,2.0655,97.63
26,26,4.1732,1.4819,23.6,2.0758,1.5759,0.04804,2.0627,97.49
26,27,4.142,1.4691,23.486,2.1697,1.4094,0.04898,2.0653,97.62
26,28,4.1743,1.2228,22.385,2.1014,1.4384,0.04707,2.0607,97.4
26,29,4.1406,1.3573,24.177,1.9826,1.4556,0.04715,2.0524,97.01
26,30,4.2262,1.3867,24.549,2.1119,1.508,0.04817,2.0535,97.06
26,31,4.1832,1.5888,,2.1053,1.4562,0.047,2.0631,97.51
26,32,4.1642,1.5596,25.241,2.1592,1.4896,0.04895,2.0444,96.63
26,33,4.159,1.4113,23.947,2.1262,1.5508,0.04866,2.0447,96.64
26,34,4.1889,1.2648,24.96,2.0214,1.5037,0.04813,2.0387,96.36
26,35,4.2163,1.4047,23.505,2.1131,,0.04956,2.0456,96.68
26,36,4.168,1.3848,24.437,,1.5353,0.05092,2.0412,96.48
26,37,4.1563,1.5689,23.741,2.049,1.4409,0.05013,2.0282,95.86
26,38,4.1687,1.8012,24.276,2.1583,1.4124,0.05278,2.0449,96.65
26,39,4.1802,1.2975,24.787,2.0665,1.4895,0.04677,2.0454,96.68
26,40,4.1532,1.4126,24.849,2.1155,1.4521,0.05127,2.0345,96.16
26,41,4.1684,1.2894,22.993,2.1234,1.5158,0.05019,2.0455,96.68
26,42,4.1596,1.6218,25.143,2.0612,1.4817,0.04695,2.0322,96.05
26,43,4.1536,1.5257,24.806,2.1413,1.5281,0.05023,2.0296,95.93
26,44,4.1934,1.7342,24.795,2.0959,1.4317,0.05118,2.0254,95.73
26,45,4.116,1.6415,25.362,2.1978,1.5192,0.05078,2.0201,95.48
26,46,4.1845,1.3611,24.103,2.1271,1.4974,0.04944,2.0217,95.56
26,47,4.1481,1.5634,24.585,2.0464,1.3845,0.05091,2.0118,95.09
26,48,4.1591,1.4507,25.147,2.1569,1.4642,0.0515,2.0167,95.32
26,49,4.1323,1.4568,24.267,2.2111,1.4303,0.0493,2.026,95.76
26,50,4.1601,1.6511,24.478,2.0977,1.3976,0.05031,2.0103,95.02
26,51,4.1666,1.5794,,2.1471,1.487,0.05225,2.0295,95.93
26,52,4.157,1.4655,24.922,2.1476,1.5471,0.05334,2.0097,94.99
26,53,4.1269,1.4602,23.722,2.118,1.3877,0.05071,1.9994,94.5
26,54,4.1594,1.4833,23.906,2.2201,,0.05039,2.0001,94.54
26,55,4.1186,1.3234,25.286,2.2061,1.4028,0.05433,1.9934,94.22
26,56,4.1599,1.6118,25.301,2.1597,1.4218,0.05151,2.0033,94.69
26,57,4.1343,1.7246,24.292,2.0432,1.4718,0.05234,1.9834,93.75
26,58,4.15,1.618,26.061,,1.461,0.0542,1.9966,94.37
26,59,4.1912,1.6427,23.886,2.2532,1.3659,0.05071,1.9874,93.94
26,60,4.179,1.5208,24.241,2.1429,,0.05388,1.9954,94.31
26,61,4.1363,1.3319,24.055,2.1542,1.3656,0.04883,1.9846,93.8
26,62,,1.3522,,2.2132,1.4749,0.05345,1.9935,94.23
26,63,4.1737,1.4681,23.866,2.087,1.4156,0.05036,1.9941,94.25
26,64,4.1474,1.6773,23.772,2.1695,1.3532,0.05157,1.9751,93.35
26,65,4.1295,1.4781,24.867,2.2104,1.3906,0.05532,1.9868,93.91
26,66,4.1624,1.4871,25.369,2.2931,1.399,0.05289,1.9737,93.29
26,67,4.1352,1.4261,24.7,2.1268,1.3738,0.04671,1.9717,93.19
26,68,4.1905,1.5881,24.223,2.0982,1.3354,0.05444,1.9841,93.78
26,69,4.1531,1.6133,25.32,2.1298,1.462,0.05517,1.981,93.63
26,70,4.1687,,24.623,2.2034,1.4222,0.05518,1.9609,92.68
26,71,4.1622,1.3715,24.555,2.1751,,0.05354,1.9599,92.63
26,72,4.1832,1.4593,24.438,2.0708,1.3915,0.05176,1.9625,92.76
26,73,4.1531,1.3807,24.075,2.0894,1.375,0.05187,1.9604,92.66
26,74,4.1843,1.6721,24.059,2.1748,1.3443,0.05757,1.9775,93.47
26,75,4.1199,1.5556,23.781,2.1803,1.3907,0.05548,1.9649,92.87
26,76,4.1463,1.4845,22.305,2.2841,1.3651,0.05432,1.964,92.83
26,77,4.1155,1.5141,25.338,2.2569,1.3993,0.05659,1.9721,93.21
26,78,4.1585,1.5614,24.937,2.215,1.3472,,1.9486,92.1
26,79,4.1334,1.6484,25.462,2.2167,1.3071,0.05512,1.9395,91.67
26,80,4.1574,1.678,24.846,2.1803,1.4341,0.05339,1.9472,92.03
26,81,4.0936,1.4752,25.986,2.2213,1.4316,0.05663,1.9463,91.99
26,82,4.1344,1.6254,26.933,2.2006,1.3219,0.05365,1.9542,92.37
26,83,4.1011,1.421,24.637,2.2115,1.4738,0.05634,1.9451,91.94
26,84,4.2389,1.5106,23.676,2.1459,1.3267,0.05238,1.9303,91.24
26,85,4.0751,1.6306,25.828,2.1815,1.4262,0.05301,1.9412,91.75
26,86,4.155,1.4878,24.517,2.2052,1.4412,0.05788,1.9283,91.14
26,87,,1.5756,24.445,2.2831,1.424,0.0593,1.9363,91.52
26,88,4.1172,1.5794,24.932,2.2759,1.4376,0.05897,1.9244,90.96
26,89,4.162,1.4513,25.183,2.2141,1.3666,,1.9292,91.18
26,90,4.1394,1.52,25.619,2.1546,1.3518,0.05461,1.9159,90.55
26,91,4.1681,1.3373,23.614,2.28,1.346,,1.9065,90.11
26,92,4.1655,1.4476,25.517,2.1551,1.3821,0.05785,1.9201,90.76
26,93,4.0994,1.4783,,2.2796,1.3579,0.05617,1.9315,91.29
26,94,4.1284,1.5798,25.616,2.1603,1.3389,0.05537,1.9206,90.78
26,95,4.144,1.5359,24.607,2.31,1.3605,0.05933,1.914,90.47
26,96,4.1103,1.4556,24.765,2.249,1.3988,0.05681,1.9255,91.01
26,97,4.1776,1.4619,25.712,2.2316,1.3526,0.05799,1.9075,90.16
26,98,4.1435,,26.307,2.2638,1.3676,0.05882,1.9221,90.85
26,99,4.1969,1.5151,26.126,2.2637,1.3762,0.05616,1.9103,90.29
26,100,4.1474,1.4108,24.633,2.2406,1.4128,0.05716,1.9027,89.93
26,101,4.1081,,26.36,2.3146,1.2774,0.05782,1.904,89.99
26,102,4.1534,1.5539,25.704,2.2012,1.2938,0.05596,1.8939,89.51
26,103,4.1276,1.5458,24.472,2.2448,1.4167,,1.9017,89.89
26,104,4.1433,1.4542,26.498,2.2686,1.3542,0.05885,1.9003,89.82
26,105,4.1016,1.5225,27.075,2.3481,1.3395,0.05906,1.9026,89.93
26,106,4.1411,1.4609,24.845,2.2163,1.424,0.05676,1.8904,89.35
26,107,4.1211,1.4505,25.536,2.1747,1.3748,0.05757,1.9,89.8
26,108,4.1123,1.7528,25.572,2.2514,1.3794,0.05628,1.8844,89.07
26,109,4.1301,1.3503,24.704,2.1909,1.342,0.05649,1.8958,89.6
26,110,4.1378,1.5218,26.313,2.3302,1.3343,0.0592,1.8774,88.73
26,111,4.1475,1.5659,26.174,2.2443,1.3133,0.05774,1.8712,88.44
26,112,4.1367,,25.664,2.2346,1.3874,0.05952,1.8919,89.42
26,113,4.1551,1.6294,26.419,2.3135,1.2962,0.05627,1.8882,89.25
26,114,4.147,1.2503,25.056,2.2523,1.3853,0.05845,1.8696,88.37
26,115,4.1612,1.5062,25.185,2.2405,1.3376,0.05814,1.8712,88.44
26,116,4.1641,,25.061,2.2122,1.3315,0.0578,1.8694,88.36
26,117,4.1061,1.5412,24.411,2.2986,1.2924,0.06047,1.867,88.24
26,118,4.1295,1.6192,26.805,2.3513,1.2544,0.05795,1.8717,88.47
26,119,4.1424,1.4552,24.925,2.234,1.3307,0.06055,1.8619,88.0
26,120,4.1131,1.2906,23.275,2.3097,1.328,0.05974,1.8539,87.63
26,121,4.0837,1.2685,24.276,2.1532,1.2864,0.06069,1.8742,88.59
26,122,4.1508,1.5628,25.216,2.2519,1.334,0.05658,1.8618,88.0
26,123,4.1344,1.5466,26.787,2.33,1.3174,0.05914,1.8319,86.59
26,124,4.1172,1.6332,26.019,2.3444,1.3112,0.05808,1.8488,87.38
26,125,4.1505,1.541,25.994,2.3188,,0.05948,1.8624,88.03
26,126,4.1167,1.6426,26.356,2.3259,1.3499,0.05939,1.8438,87.15
26,127,4.1189,1.5097,26.076,2.3253,1.35,0.05621,1.8396,86.95
26,128,4.1201,1.5767,27.304,2.2377,1.2631,0.05951,1.8405,86.99
26,129,4.0997,1.5249,26.365,2.3055,1.2539,0.06009,1.8388,86.91
26,130,4.1461,1.696,24.519,2.3143,1.2554,0.06073,1.8344,86.7
26,131,4.0875,1.6647,25.648,2.2736,1.3006,0.05898,1.8399,86.97
26,132,4.0747,1.2369,24.492,2.272,1.2049,0.05985,1.8371,86.83
26,133,4.1186,1.5936,27.078,2.3319,1.2408,0.06229,1.8322,86.6
26,134,,1.3923,24.342,2.2728,1.3115,0.06405,1.8456,87.23
26,135,4.1289,1.5257,25.964,2.3361,1.355,0.06116,1.8394,86.94
26,136,4.1086,1.534,25.468,2.2402,1.3301,0.0643,1.8323,86.6
26,137,4.1267,1.6239,25.678,2.3252,1.2731,0.06034,1.8278,86.39
26,138,4.1307,1.6314,25.811,2.2434,1.3388,0.06009,1.8302,86.5
26,139,4.1042,1.3116,25.268,2.3556,1.2569,0.06436,1.8179,85.92
26,140,4.1392,1.2888,26.574,2.3046,1.3655,,1.832,86.59
26,141,4.1188,1.4093,24.287,2.1781,1.424,0.05858,1.8186,85.96
26,142,4.1304,1.3504,24.237,2.1527,1.2856,0.0599,1.8044,85.29
26,143,4.1138,1.5317,25.391,2.3088,1.2299,0.06056,1.8207,86.06
26,144,4.153,1.4741,23.885,2.3443,1.2284,0.06219,1.8047,85.3
26,145,4.152,1.4757,26.364,2.3727,1.2004,0.06278,1.8092,85.51
26,146,4.0841,1.3773,26.262,2.4911,1.2255,0.06295,1.8032,85.23
26,147,4.1006,1.691,27.751,2.2978,1.3532,0.06155,1.8097,85.54
26,148,4.1099,1.6265,,2.3809,1.2729,0.06547,1.7974,84.95
26,149,4.1512,1.4194,25.529,2.3374,1.2207,0.06087,1.8073,85.42
26,150,4.1291,1.536,26.69,2.2734,1.2417,0.06064,1.804,85.27
26,151,4.1242,1.6837,25.091,2.3641,1.3306,0.06112,1.8,85.08
26,152,4.0747,1.5977,25.361,2.3736,1.2429,0.06684,1.7869,84.46
26,153,4.0911,1.4867,26.45,2.2812,1.3158,0.06286,1.801,85.13
26,154,4.1058,1.4602,25.25,2.4512,1.2402,0.06964,1.7991,85.03
26,155,4.089,1.333,26.646,2.3382,1.2927,0.06824,1.7917,84.69
26,156,4.1182,1.6706,26.72,2.2757,1.3176,0.06363,1.7938,84.78
26,157,4.122,1.6665,25.904,2.2617,1.2794,0.06579,1.7987,85.02
26,158,4.1038,1.258,25.481,2.2814,1.2702,0.06463,1.7798,84.12
26,159,4.1415,1.5528,26.126,2.3773,1.2148,0.06606,1.7823,84.24
26,160,,1.6702,25.303,2.2802,1.1876,0.06783,1.7728,83.79
26,161,4.0775,1.5681,23.835,2.3052,1.3095,0.06241,1.7732,83.81
26,162,4.1145,,25.59,2.397,1.3101,0.06232,1.7739,83.84
26,163,4.104,1.6084,26.113,2.3588,1.1579,0.06229,1.77,83.66
26,164,4.0934,1.4835,25.899,2.5084,1.2103,0.06745,1.7733,83.82
26,165,4.1258,1.4231,25.997,2.3455,1.3368,0.06562,1.7802,84.14
26,166,4.1499,1.4826,26.412,2.4144,1.2479,0.06471,1.7659,83.47
26,167,4.0891,1.6587,25.969,2.4536,1.2836,0.06614,1.7723,83.77
26,168,4.132,1.5937,23.555,2.3271,1.2357,0.06572,1.7628,83.32
26,169,4.1427,1.5957,24.475,2.3894,1.2881,0.0655,1.767,83.52
26,170,4.0911,1.6394,25.925,2.4155,1.2457,0.06551,1.7609,83.23
26,171,4.1081,1.6789,26.808,2.4441,1.1849,0.06387,1.7611,83.24
26,172,4.1213,1.5896,25.57,2.4309,1.1889,0.06699,1.7557,82.98
26,173,4.0965,1.4616,26.137,2.3908,1.1667,0.06696,1.7554,82.97
26,174,4.1232,1.5639,,2.3949,1.2127,,1.7602,83.2
26,175,4.0985,1.3058,26.507,2.4132,1.2244,0.06365,1.7564,83.02
26,176,4.0829,1.4564,25.668,2.3219,1.3184,0.06912,1.7402,82.25
26,177,4.0995,1.7457,27.718,2.3495,1.2241,0.06588,1.747,82.57
26,178,4.0958,1.5164,26.324,2.4093,1.2805,0.06475,1.7405,82.27
26,179,4.0726,1.5553,27.049,2.4315,1.1939,0.06705,1.7483,82.64
26,180,4.0842,1.595,27.046,2.3755,1.2963,0.07075,1.7517,82.8
26,181,4.126,1.3197,24.899,2.3962,1.1735,0.06797,1.7452,82.49
26,182,4.1136,1.5062,25.758,2.5208,,0.06361,1.7116,80.9
26,183,4.1072,1.5066,28.085,2.4184,1.2519,0.06761,1.736,82.05
26,184,4.0889,1.4,26.701,2.4251,1.2411,0.06585,1.7404,82.26
26,185,4.0569,1.4702,25.62,2.4396,1.1734,0.06445,1.732,81.86
26,186,4.1113,1.5436,25.688,2.463,1.2715,0.06914,1.7215,81.37
26,187,4.1018,1.511,24.629,2.3386,1.2272,0.06781,1.7055,80.61
26,188,4.0791,1.6581,25.462,2.3629,1.1753,0.06451,1.7226,81.42
26,189,4.1215,1.427,26.805,2.457,1.1786,0.06484,1.7128,80.96
26,190,4.0417,1.465,26.433,2.4723,1.1799,0.06658,1.7183,81.21
26,191,4.0823,1.6035,26.696,2.4215,1.2154,0.06792,1.7102,80.83
26,192,4.0658,1.601,25.326,2.4024,1.1748,0.06597,1.7029,80.49
26,193,4.0638,1.3118,26.579,2.4514,1.1399,0.06543,1.6982,80.27
26,194,4.1037,1.4546,27.223,2.4356,,0.0662,1.7188,81.24
26,195,4.053,1.7792,26.013,2.4354,1.1976,0.06836,1.6953,80.13
26,196,4.0874,1.587,25.625,2.406,1.0608,0.06479,1.7041,80.54
26,197,4.1127,1.4968,26.918,2.4584,1.1845,0.06675,1.6929,80.01
26,198,4.0973,1.7938,26.452,2.4802,1.1667,0.06736,1.7018,80.43
26,199,4.1377,1.5613,25.915,2.4656,1.187,0.07331,1.7061,80.64
26,200,4.0667,1.683,27.24,2.4958,1.1931,0.07102,1.703,80.49
26,201,4.0832,1.5463,26.375,2.4624,1.1723,0.06849,1.6985,80.28
26,202,,1.3166,27.023,2.4653,1.1345,0.07042,1.6914,79.95
26,203,4.0759,1.5754,27.671,2.4635,1.1236,0.06866,1.6867,79.72
26,204,4.0983,1.6457,26.938,2.4939,1.2645,,1.6955,80.14
26,205,4.1112,1.8457,26.088,2.4714,1.1737,0.07137,1.7059,80.63
26,206,4.0962,1.6244,26.536,2.421,1.182,0.06868,1.6883,79.8
26,207,4.0508,1.5378,25.786,2.4525,1.1018,0.0698,1.6815,79.48
26,208,4.0715,1.4192,27.024,2.5104,1.1779,0.06903,1.6876,79.77
26,209,4.0777,1.5243,25.157,2.3999,1.2137,0.07049,1.6733,79.09
26,210,4.1109,1.494,26.275,2.5174,1.1918,0.07217,1.6861,79.69
26,211,4.0886,1.501,26.49,2.4212,1.1453,0.07,1.6741,79.13
26,212,4.1044,1.3626,26.649,2.4095,,0.06892,1.6685,78.86
26,213,4.0277,1.5522,26.655,2.4078,1.1557,0.06813,1.6738,79.12
26,214,4.0524,1.7781,27.591,2.4832,1.0957,0.07013,1.6677,78.82
26,215,4.0893,1.5801,26.856,2.4911,1.1327,0.07148,1.6641,78.65
26,216,4.0562,1.7541,27.23,2.5813,1.1247,0.07574,1.6588,78.4
26,217,4.111,1.5365,26.78,2.4674,1.1137,0.073,1.6624,78.58
26,218,4.1027,1.6412,27.917,2.5017,1.0607,0.07052,1.6597,78.44
26,219,4.0818,1.6911,27.766,2.4698,1.2559,0.07058,1.6575,78.34
26,220,4.0537,1.3459,25.511,2.5415,1.1691,0.06963,1.6534,78.15
26,221,4.1007,1.2891,27.817,,1.1716,0.07392,1.6543,78.19
26,222,4.0746,1.6843,26.88,2.5306,1.1965,0.07305,1.6351,77.28
26,223,4.094,1.3329,26.868,2.5316,1.1341,0.07408,1.6473,77.86
26,224,4.0829,1.7535,26.226,2.5718,1.1917,0.07357,1.6495,77.97
26,225,4.0873,1.4372,26.175,2.4987,1.0784,0.07153,1.642,77.61
26,226,4.0946,1.7301,28.746,2.4314,1.0762,0.07202,1.6344,77.25
26,227,4.0756,1.6634,27.437,2.3946,1.1304,0.06999,1.6477,77.88
26,228,4.0699,1.6368,26.967,2.4757,1.2275,0.0708,1.6354,77.3
26,229,4.0964,1.5679,26.2,2.4479,1.1538,0.07479,1.6402,77.52
26,230,4.0463,1.549,28.119,2.4468,1.1043,0.07294,1.6354,77.3
26,231,4.0656,1.606,28.101,2.4193,1.0555,0.07275,1.6424,77.63
26,232,4.0867,1.6764,25.722,2.531,0.9766,0.07572,1.6395,77.49
26,233,4.0697,1.2711,26.443,2.5791,1.1383,0.07688,1.6391,77.47
26,234,4.1282,1.3056,26.055,2.4375,1.149,0.07088,1.6251,76.81
26,235,4.0941,1.57,26.9,2.453,1.1435,0.0724,1.6335,77.21
26,236,4.1138,1.5106,27.983,2.5294,1.1406,0.07088,1.6294,77.02
26,237,4.0585,1.7093,26.896,2.5588,1.1016,0.07293,1.6157,76.37
26,238,4.0277,1.5072,26.722,2.471,1.109,0.07769,1.6074,75.97
26,239,4.0746,1.5502,27.49,2.5357,1.1371,0.07435,1.629,77.0
26,240,4.0572,1.5851,25.21,2.5392,0.9956,,1.6154,76.35
26,241,4.1047,1.5525,26.994,2.5505,1.0514,0.07626,1.6047,75.85
26,242,4.0585,1.415,26.503,2.5175,1.0402,0.07313,1.616,76.38
26,243,4.0656,1.5131,27.322,2.5289,1.1095,0.07466,1.6033,75.78
26,244,4.0873,1.2073,26.29,2.4945,1.0945,0.07301,1.6044,75.83
26,245,4.0879,1.3707,26.964,2.4533,1.1125,0.07347,1.6083,76.02
26,246,4.0265,1.5258,26.057,2.4442,,0.07646,1.5954,75.41
26,247,4.0331,1.5206,27.533,2.5261,1.1007,0.07377,1.6029,75.76
26,248,4.0519,1.6106,27.649,2.5036,1.1185,0.07191,1.5946,75.37
26,249,4.0341,1.4015,25.777,2.4994,1.1105,0.07472,1.5942,75.35
26,250,4.0632,1.2907,27.206,2.4063,1.0413,0.07484,1.5889,75.1
27,1,4.216,1.7419,24.308,2.0489,1.4815,0.0439,1.9691,99.98
27,2,4.2109,1.2015,23.53,2.1458,1.5086,0.04607,1.9711,100.08
27,3,4.1962,1.6215,24.342,2.0207,1.5047,0.04328,1.9538,99.21
27,4,4.1983,1.6321,23.612,1.9917,1.4381,0.04588,1.9559,99.31
27,5,4.2098,1.445,24.287,2.019,1.5095,0.04693,1.9545,99.24
27,6,4.1603,1.4821,23.63,2.1182,1.4476,0.04715,1.9489,98.96
27,7,4.1742,1.5918,22.964,2.0624,1.4423,0.04563,1.9648,99.76
27,8,4.1779,1.5023,24.21,2.0795,1.5058,0.04344,1.9558,99.3
27,9,4.1381,1.166,25.285,2.0137,1.4555,0.04235,1.9622,99.63
27,10,4.1807,1.5306,23.191,2.0461,1.4923,0.04668,1.953,99.17
27,11,4.1941,1.4886,25.232,2.0566,1.5084,0.04778,1.9563,99.33
27,12,4.1856,1.425,23.247,2.0521,1.4759,0.04331,1.9407,98.54
27,13,4.1687,1.6265,23.801,2.1495,,0.04649,1.9526,99.14
27,14,4.2218,1.4768,23.548,2.1048,1.4004,0.04408,1.9612,99.58
27,15,4.1875,1.3993,26.567,1.9981,1.501,0.04521,1.96,99.52
27,16,4.1595,1.4682,22.707,2.2075,1.4386,0.04788,1.9624,99.64
27,17,4.1586,1.2352,23.704,2.0696,1.4796,0.05133,1.9467,98.85
27,18,4.1934,1.4661,23.125,2.0706,1.4268,0.04706,1.9504,99.03
27,19,4.1295,1.6549,24.301,2.0704,1.4039,0.04633,1.9399,98.5
27,20,4.1412,1.5225,23.892,2.1374,1.4386,0.04763,1.9355,98.27
27,21,4.1802,1.4022,24.854,2.0228,1.4594,0.04511,1.9417,98.59
27,22,4.1924,1.57,25.195,2.0775,1.5006,,1.9386,98.43
27,23,4.1729,1.6055,23.965,2.1397,1.4643,0.04843,1.9344,98.22
27,24,4.1596,1.4924,24.549,2.0518,1.3856,0.04361,1.9298,97.99
27,25,4.1924,1.2626,24.076,2.0783,1.5132,0.04758,1.9412,98.56
27,26,4.1577,1.4214,24.832,2.1677,1.3868,0.0504,1.9382,98.41
27,27,4.1095,1.5053,24.736,2.0152,1.3458,0.04725,1.9246,97.72
27,28,4.2016,1.5057,24.93,2.1204,1.5226,0.04658,1.9259,97.79
27,29,4.1277,1.6017,,2.1617,1.4376,0.0455,1.9288,97.93
27,30,,1.6152,24.157,2.0844,1.5509,0.0502,1.9274,97.86
27,31,4.1532,1.3726,25.073,2.2018,1.379,0.04769,1.9352,98.26
27,32,4.1776,1.6352,24.252,2.0935,1.3391,0.04693,1.9179,97.38
27,33,4.1775,1.6161,,2.0994,1.4421,0.04961,1.9358,98.29
27,34,4.1479,1.4885,23.76,1.9998,1.4852,0.05257,1.9333,98.16
27,35,4.17,1.7277,25.06,2.1685,1.4431,0.04979,1.927,97.84
27,36,4.1846,1.3744,24.617,2.0718,1.4578,0.05411,1.9184,97.41
27,37,4.1927,1.6138,22.72,2.1163,1.4551,0.04526,1.9236,97.67
27,38,4.1609,1.3579,23.51,2.2072,,0.0501,1.9143,97.2
27,39,4.1618,1.6749,24.336,2.0735,1.4301,0.04892,1.9244,97.71
27,40,,1.411,,2.0638,1.4456,0.0478,1.9091,96.93
27,41,4.1347,1.5308,25.064,2.1786,1.4322,0.05099,1.9023,96.59
27,42,4.1725,1.5591,23.991,2.07,1.4903,0.05029,1.9103,97.0
27,43,4.1332,1.4578,23.364,2.1744,1.393,0.04905,1.9178,97.37
27,44,4.1769,1.5851,23.668,2.0254,1.4728,0.0458,1.9235,97.67
27,45,4.1395,1.3957,24.062,2.0774,1.3559,0.05091,1.9024,96.6
27,46,4.1159,1.5304,25.022,2.1682,1.4078,0.04933,1.9135,97.16
27,47,4.1672,1.2797,24.123,2.147,1.3618,0.05015,1.9096,96.96
27,48,4.1377,1.5352,23.827,2.0716,1.445,0.05311,1.906,96.78
27,49,4.1818,1.5058,22.824,2.063,1.439,0.04763,1.8912,96.03
27,50,4.1555,1.5613,24.821,2.2447,1.3675,0.0512,1.8943,96.18
27,51,4.1749,1.6338,24.425,2.1908,1.3629,0.05096,1.9014,96.54
27,52,4.181,1.5762,24.788,2.1488,1.4351,0.05562,1.9003,96.49
27,53,4.1657,1.3437,23.773,2.1358,1.4524,0.04949,1.9017,96.56
27,54,4.1587,1.5507,24.536,2.1215,1.3561,0.0527,1.8986,96.4
27,55,4.1283,1.535,27.441,2.1478,1.4841,0.04643,1.8914,96.03
27,56,4.1787,1.5103,24.17,,1.4486,0.05601,1.8884,95.88
27,57,4.1417,1.4806,24.48,2.1108,1.3931,0.05129,1.8976,96.35
27,58,4.1749,1.5592,24.254,2.1755,1.3456,0.05086,1.878,95.36
27,59,4.1652,1.4473,24.894,2.1626,1.3468,0.05175,1.8917,96.05
27,60,4.1607,1.3059,24.62,2.1707,1.2995,0.05058,1.8882,95.87
27,61,4.1872,1.3123,25.29,2.0583,1.4628,0.05184,1.8872,95.82
27,62,4.161,1.3938,25.029,2.1666,1.1979,0.05082,1.8761,95.26
27,63,4.1783,1.5492,25.655,2.1216,1.4253,0.05405,1.8819,95.55
27,64,4.1787,1.5489,24.601,,1.331,0.05394,1.8658,94.74
27,65,4.1653,1.5192,24.968,2.1613,1.4398,0.05401,1.8798,95.45
27,66,4.1469,1.2977,22.962,2.159,1.4474,0.05151,1.8773,95.32
27,67,4.1255,1.3552,23.899,2.2004,1.3558,0.05197,1.8692,94.91
27,68,4.1553,1.557,23.389,2.14,1.3743,0.05404,1.868,94.85
27,69,4.1695,1.3409,24.969,2.31,1.3814,0.05346,1.8726,95.08
27,70,4.1349,1.3969,24.763,2.0893,1.3981,0.05453,1.8743,95.17
27,71,4.1521,1.4847,26.016,2.2708,1.4136,0.05594,1.8558,94.23
27,72,4.1541,1.4805,24.043,2.1981,1.3687,0.05324,1.8643,94.66
27,73,4.1487,1.6175,24.549,2.1181,1.4059,0.05547,1.8653,94.71
27,74,4.1182,1.4953,25.11,,1.3331,0.05359,1.8671,94.8
27,75,4.1519,1.4425,24.67,2.1578,1.3511,0.05544,1.8723,95.06
27,76,4.1787,1.7741,25.371,2.1523,1.4208,0.05468,1.846,93.73
27,77,4.1211,1.4628,25.033,2.2568,1.3785,,1.8557,94.22
27,78,4.1663,1.4869,26.391,2.1657,1.3829,0.05874,1.8557,94.23
27,79,4.1631,1.5475,25.047,2.1952,1.3367,0.05141,1.8653,94.71
27,80,4.1055,1.5902,24.821,2.1506,1.4325,0.0517,1.8606,94.47
27,81,4.1292,1.5301,24.518,2.2986,1.2888,0.06289,1.8487,93.87
27,82,4.217,1.6435,25.068,2.2268,1.3359,0.05553,1.8441,93.63
27,83,4.1604,1.5343,24.246,2.2405,1.3722,0.05353,1.8452,93.69
27,84,4.155,1.6435,25.066,2.2724,1.4114,0.05769,1.8462,93.74
27,85,4.1192,1.6197,25.011,2.2482,1.322,0.054,1.8515,94.01
27,86,4.1082,1.4425,24.137,2.2547,1.2959,0.05398,1.8411,93.48
27,87,4.1862,1.43,23.854,2.1434,1.3061,0.05413,1.8452,93.69
27,88,4.1646,1.4754,26.509,2.1854,1.3325,0.05462,1.8622,94.55
27,89,4.1382,1.6942,25.648,2.2797,1.2575,0.05228,1.8505,93.96
27,90,4.1288,1.3288,25.867,2.2173,1.371,0.05482,1.8274,92.79
27,91,,1.5078,25.502,2.2643,1.3287,0.0525,1.8459,93.73
27,92,4.1288,1.4772,26.852,2.2368,1.3174,0.05488,1.8459,93.73
27,93,4.1176,1.5754,26.087,2.228,1.3902,0.05602,1.8415,93.5
27,94,4.0961,1.5471,25.421,2.2951,1.3803,0.06041,1.8294,92.89
27,95,4.1461,1.4317,25.802,2.1825,1.3803,0.05493,1.8288,92.85
27,96,4.167,1.3279,23.868,2.2531,1.3426,0.05594,1.8381,93.33
27,97,4.115,1.5543,24.458,2.2639,,0.05579,1.8266,92.75
27,98,4.1598,1.3951,24.352,2.2892,1.2623,,1.8387,93.36
27,99,4.121,1.5161,26.296,2.1175,1.3811,0.05927,1.8286,92.85
27,100,4.1332,1.5314,25.824,2.2039,1.3263,0.0568,1.8234,92.59
27,101,4.2014,1.4271,25.188,2.2032,1.3033,0.05497,1.83,92.92
27,102,4.1637,1.558,25.368,2.2001,1.3171,0.05493,1.8108,91.94
27,103,4.142,1.4503,24.571,2.2237,1.3635,0.05776,1.8213,92.48
27,104,4.1513,1.5808,25.495,2.3552,1.3186,0.05834,1.8072,91.76
27,105,4.1547,1.489,24.731,2.3151,1.3668,0.06015,1.8224,92.53
27,106,4.0911,1.5356,25.342,2.3325,1.3719,0.05895,1.8204,92.43
27,107,4.1112,1.4723,24.978,2.2727,1.3853,0.0594,1.799,91.35
27,108,4.1107,1.4059,25.09,2.3121,1.3606,,1.8068,91.74
27,109,4.1728,1.3382,25.624,2.2968,1.2981,0.05804,1.8124,92.03
27,110,4.1231,1.44,24.678,2.3783,1.2903,0.0586,1.8145,92.13
27,111,4.1248,1.5209,25.759,2.2173,1.2348,0.05686,1.816,92.21
27,112,4.1152,1.5325,24.322,2.3499,1.2972,0.05753,1.822,92.51
27,113,4.192,1.5699,25.314,2.0999,1.3737,0.05717,1.8056,91.68
27,114,4.1096,1.6929,25.566,2.184,1.2925,0.05702,1.7984,91.31
27,115,4.1186,1.3289,25.109,2.2729,1.2413,0.05488,1.8066,91.73
27,116,4.1208,1.4916,25.979,2.162,1.3052,0.06025,1.8045,91.62
27,117,4.0919,1.4383,24.969,2.1859,1.318,0.05905,1.7993,91.36
27,118,4.1515,1.4551,26.546,2.2669,1.2489,0.05731,1.7941,91.1
27,119,4.0997,1.5352,25.15,2.2589,1.2947,0.06129,1.7985,91.32
27,120,4.1306,1.5713,24.558,2.3182,1.3343,0.06133,1.7919,90.99
27,121,4.0996,1.5116,25.377,2.2904,1.2727,0.05989,1.7859,90.68
27,122,4.1416,1.6949,25.255,2.3045,1.3695,0.05971,1.7729,90.02
27,123,4.1707,1.7628,24.943,2.2673,1.3354,0.06075,1.7942,91.1
27,124,4.0587,1.2841,,2.34,1.3077,0.0574,1.7959,91.19
27,125,4.138,1.3528,24.759,2.319,1.3151,0.05895,1.7855,90.66
27,126,4.147,1.3038,26.587,2.3673,,0.05985,1.7952,91.15
27,127,4.1362,1.4865,26.793,2.1731,1.252,0.06114,1.7921,91.0
27,128,4.1399,1.3518,25.155,2.371,1.2069,0.05988,1.7839,90.58
27,129,4.131,1.5665,25.706,2.287,1.2819,0.06015,1.7786,90.31
27,130,4.1579,1.3752,25.684,2.2494,1.3761,0.06078,1.7811,90.43
27,131,4.1153,1.3446,24.879,2.3458,1.3418,0.06288,1.7697,89.85
27,132,4.1349,1.6168,27.524,2.2736,1.3503,,1.7775,90.25
27,133,4.1046,1.4379,25.294,2.2642,1.2976,0.06341,1.7862,90.7
27,134,4.1153,1.3897,26.2,2.4006,1.258,0.05967,1.7584,89.28
27,135,4.168,1.6785,24.251,2.3562,1.2107,0.06018,1.7609,89.41
27,136,4.0688,1.5149,27.166,2.263,1.3101,0.06342,1.7623,89.48
27,137,4.1683,1.6352,27.25,2.2501,1.3058,0.06446,1.7766,90.21
27,138,4.0307,1.3686,24.919,2.3558,1.235,0.06157,1.7631,89.52
27,139,4.1142,1.5129,25.178,2.3732,1.3311,0.05938,1.763,89.51
27,140,4.0813,1.3107,26.282,2.4456,1.246,,1.768,89.77
27,141,4.1107,1.7213,25.227,2.3828,1.2413,0.06048,1.7596,89.34
27,142,4.0619,1.6726,26.092,2.3208,1.2227,0.06266,1.7592,89.32
27,143,4.1088,1.6371,26.101,2.3249,1.3047,0.06114,1.7688,89.81
27,144,4.1139,1.5258,25.581,2.4056,1.2773,0.06205,1.7502,88.87
27,145,4.1168,1.5849,25.884,2.3259,1.1869,0.06098,1.7587,89.3
27,146,4.119,1.3437,25.115,2.2811,1.3209,0.06302,1.7594,89.34
27,147,4.1122,1.4469,25.344,2.3682,1.2383,0.06365,1.7592,89.32
27,148,4.1208,1.5638,25.432,2.3222,1.2944,0.06641,1.7554,89.13
27,149,4.0432,1.4314,25.797,2.2763,1.192,0.06204,1.76,89.37
27,150,4.1279,1.4784,25.419,2.294,1.2715,0.06388,1.7539,89.06
27,151,4.1153,1.3653,25.371,2.3975,1.1591,0.06295,1.7569,89.21
27,152,4.1617,1.4507,25.667,2.4498,1.2133,0.06539,1.7504,88.88
27,153,4.1056,1.5771,25.811,2.4859,1.1381,0.0628,1.7498,88.85
27,154,4.1074,1.6528,25.674,2.3824,1.2497,0.06516,1.7431,88.51
27,155,4.1183,1.5084,25.081,2.4507,1.1986,0.06264,1.7425,88.48
27,156,4.1199,1.466,27.043,2.3893,1.2195,0.0619,1.7352,88.11
27,157,4.1224,1.518,,2.2974,1.3457,0.06344,1.7397,88.33
27,158,4.082,1.4824,27.431,2.3514,1.2101,0.06565,1.7281,87.74
27,159,4.1249,1.5478,25.082,2.3167,1.1531,0.06363,1.7449,88.6
27,160,4.0948,1.5575,25.463,2.3443,1.2035,0.06414,1.7326,87.97
27,161,4.0739,1.5785,,2.3912,1.2347,0.06504,1.7374,88.22
27,162,4.1182,1.6616,25.742,2.3411,1.256,0.06333,1.7296,87.82
27,163,4.1172,1.4728,26.901,2.3429,1.1812,0.06455,1.7257,87.62
27,164,4.1142,1.5893,25.633,2.44,1.1405,0.06312,1.7334,88.01
27,165,4.0883,1.4876,25.18,2.3616,1.2438,0.06373,1.7287,87.78
27,166,4.0938,1.6574,27.057,2.3481,1.2422,0.06488,1.7199,87.33
27,167,4.1096,1.5009,27.285,2.3216,1.2362,0.06777,1.7356,88.13
27,168,4.0853,1.4272,24.802,2.4685,1.1605,0.06659,1.7292,87.8
27,169,4.1679,1.363,25.898,2.4558,1.1753,0.06641,1.7109,86.87
27,170,4.1132,1.6552,25.884,2.474,1.2292,0.0693,1.7185,87.26
27,171,4.087,,25.079,2.4421,1.2048,0.06323,1.7126,86.96
27,172,4.0809,1.6366,26.594,2.3805,1.1887,,1.7111,86.88
27,173,4.0963,1.6289,25.967,2.4893,,0.06737,1.7304,87.86
27,174,4.157,1.6098,24.857,2.3365,1.238,0.0672,1.7086,86.75
27,175,4.1052,1.488,26.955,2.3414,1.208,0.06476,1.7178,87.22
27,176,4.0893,1.4382,26.478,2.3076,1.2222,0.06485,1.706,86.62
27,177,4.0962,1.4666,27.054,2.3753,1.2359,0.06767,1.7103,86.84
27,178,4.0685,1.4208,27.064,2.4293,1.2053,0.06523,1.7064,86.64
27,179,4.0777,1.5436,,2.3218,1.1635,0.06556,1.7209,87.38
27,180,4.0881,1.3547,24.76,2.3567,1.1232,0.06814,1.7124,86.95
27,181,4.0987,1.4956,26.76,2.4468,1.1466,0.06502,1.7104,86.85
27,182,4.1049,1.6003,25.589,2.3617,1.2172,0.06548,1.7081,86.73
27,183,4.081,1.5028,27.56,2.3602,1.1839,0.07105,1.6887,85.74
27,184,4.1137,1.4423,26.46,2.5522,1.226,0.06738,1.6906,85.84
27,185,4.0924,1.4599,25.011,2.2862,1.1435,0.06714,1.6902,85.82
27,186,4.0778,1.5509,24.932,2.3663,1.066,0.07179,1.7052,86.58
27,187,4.1,1.5923,28.381,2.3909,1.1355,0.07144,1.6963,86.13
27,188,4.1279,1.5193,26.626,2.3339,1.3091,0.0668,1.6833,85.47
27,189,4.1087,1.451,26.549,2.3459,1.1863,0.06647,1.686,85.61
27,190,4.071,1.6348,26.161,2.4126,1.1985,0.07008,1.6838,85.5
27,191,4.0996,1.4195,26.029,2.4896,1.0578,0.06607,1.6812,85.36
27,192,4.1031,1.6752,25.156,2.512,1.2012,0.06756,1.6852,85.56
27,193,4.0788,1.652,26.52,2.4192,1.1219,0.06963,1.6737,84.98
27,194,4.0868,1.5177,25.833,2.382,1.096,0.06704,1.6827,85.44
27,195,,1.4491,25.965,2.432,,0.06605,1.668,84.69
27,196,4.139,1.6386,27.542,2.3566,1.16,0.06812,1.6826,85.43
27,197,,1.5099,24.545,2.366,1.2025,0.068,1.6907,85.85
27,198,4.1062,1.6655,25.952,2.4742,1.246,0.07162,1.6769,85.14
27,199,4.0978,1.6199,26.548,2.4261,1.0763,0.06715,1.672,84.89
27,200,4.0585,1.5431,27.145,2.4179,1.0505,0.06876,1.6691,84.75
27,201,4.0947,1.4436,25.38,2.4975,1.179,0.06776,1.6753,85.06
27,202,4.0947,1.4226,26.637,2.4571,1.2593,0.06908,1.6595,84.26
27,203,4.0907,1.4504,25.532,2.3942,1.1837,0.06962,1.686,85.61
27,204,4.1137,1.7078,25.218,2.5125,1.2355,0.06589,1.6537,83.97
27,205,4.0665,1.6476,,2.4254,1.174,0.07272,1.6632,84.45
27,206,4.0755,1.4968,26.995,2.3744,1.1514,0.06784,1.6649,84.53
27,207,4.0382,1.4693,27.31,2.3382,1.175,0.06854,1.6542,83.99
27,208,4.095,1.6885,27.921,2.476,1.143,0.07074,1.6537,83.97
27,209,4.0786,1.6675,26.235,2.4083,1.2418,0.07009,1.6805,85.33
27,210,4.0992,1.4244,26.079,2.4234,1.1629,0.07093,1.6609,84.33
27,211,4.1357,1.5284,26.648,2.5451,1.0989,0.06928,1.6528,83.92
27,212,4.0477,1.5033,28.189,2.5755,1.188,0.07281,1.6583,84.2
27,213,4.0734,1.7292,26.072,2.5257,1.1165,0.06966,1.6584,84.21
27,214,4.1345,1.7035,27.083,2.4733,1.1794,0.07341,1.6572,84.15
27,215,4.0801,1.406,26.292,2.3978,1.0429,0.06816,1.6373,83.13
27,216,4.0975,1.4347,25.821,2.498,1.1487,0.07432,1.6454,83.54
27,217,4.0567,1.4521,27.144,2.4218,1.1201,0.06762,1.6557,84.07
27,218,4.1134,1.5528,26.176,2.4495,1.215,0.06985,1.6362,83.08
27,219,4.1032,1.7062,26.195,2.3953,1.0767,0.07274,1.6489,83.72
27,220,4.1001,1.4539,27.535,2.4519,1.0923,0.07074,1.6595,84.26
27,221,4.063,1.6798,26.455,2.3888,1.1553,0.06961,1.6373,83.14
27,222,4.0976,1.4462,26.237,2.4888,1.1092,0.07078,1.633,82.92
27,223,4.0753,1.7271,27.452,2.4669,1.1419,0.07301,1.6201,82.26
27,224,4.1106,1.5532,26.502,2.5856,1.0169,0.06953,1.6306,82.79
27,225,4.0956,1.7314,25.173,2.5424,1.06,0.07284,1.6409,83.31
27,226,4.0995,1.5057,27.528,2.4438,1.1148,0.07251,1.6336,82.95
27,227,4.0987,1.5586,27.306,2.5592,,0.07019,1.646,83.58
27,228,4.0767,1.4918,26.098,2.5316,1.1428,0.07045,1.6361,83.07
27,229,4.1242,1.6376,26.983,2.5365,1.088,,1.6206,82.29
27,230,4.1006,1.3649,25.782,2.4277,1.1551,0.0724,1.6281,82.66
27,231,4.0705,1.4588,25.575,2.5795,1.101,0.07529,1.619,82.2
27,232,4.0882,1.3617,28.574,2.4025,1.1953,0.0728,1.6132,81.91
27,233,4.0899,1.4224,27.331,2.5587,1.1075,0.07346,1.6217,82.34
27,234,4.091,1.4412,27.338,2.4752,1.0737,0.07411,1.637,83.12
27,235,4.0754,1.6161,28.487,2.5501,1.0281,0.07057,1.612,81.85
27,236,4.0579,1.3534,25.852,2.5592,1.1121,0.07461,1.6323,82.88
27,237,4.0458,1.3211,25.962,2.5222,1.0414,0.07541,1.6166,82.08
27,238,4.0316,1.5358,27.508,2.6072,1.016,0.07641,1.6073,81.61
27,239,4.0569,1.6175,28.093,2.4179,1.0762,0.07259,1.6152,82.01
27,240,4.1085,1.5448,26.7,2.547,1.0854,0.06946,1.6172,82.11
27,241,4.0962,1.665,26.165,2.5588,1.1719,0.07898,1.6147,81.99
27,242,4.0957,1.4172,25.906,2.5836,0.9917,0.07435,1.6128,81.89
27,243,4.0885,1.6212,27.022,2.5009,1.2018,0.07663,1.6189,82.2
27,244,4.0709,1.4665,27.752,2.5095,1.0949,0.07551,1.6126,81.88
27,245,4.1085,1.3784,26.848,2.6587,1.1326,0.07401,1.6059,81.54
27,246,4.0681,1.7129,27.864,2.4799,1.0994,0.07536,1.6091,81.7
27,247,4.0768,1.6048,27.425,2.4908,1.0622,0.07413,1.6048,81.49
27,248,4.0621,1.6695,26.411,2.4323,1.1808,0.07312,1.6003,81.25
27,249,4.0832,1.4435,26.814,2.5206,1.101,0.07335,1.6067,81.58
27,250,4.0666,1.6697,26.875,2.482,1.0512,0.07573,1.5949,80.98
28,1,4.1904,1.5265,23.51,1.9981,1.4299,0.04211,1.8872,100.01
28,2,4.175,1.3162,23.31,2.1039,1.5286,0.04267,1.8878,100.04
28,3,4.1547,1.2959,25.197,2.0029,1.5427,0.04403,1.9003,100.7
28,4,4.1456,1.6539,25.145,2.0297,1.4551,0.0468,1.8787,99.56
28,5,4.2119,1.488,23.63,1.9765,1.3919,0.04678,1.8752,99.37
28,6,4.1977,1.4334,22.679,2.0431,,0.04379,1.8789,99.57
28,7,4.1165,1.4387,23.679,2.095,1.4381,0.0428,1.8747,99.34
28,8,4.1713,1.3817,23.273,2.1379,1.4195,0.04684,1.8677,98.97
28,9,4.1452,1.4614,24.294,2.1835,1.4114,0.04591,1.8695,99.07
28,10,4.207,1.4236,23.904,2.1471,1.4764,0.04827,1.8762,99.42
28,11,4.1889,1.5189,23.618,2.0675,1.4408,0.04872,1.8763,99.43
28,12,4.1792,1.3825,24.967,2.0389,1.4313,0.04906,1.8663,98.9
28,13,4.1529,1.3725,23.84,2.0518,1.372,0.04505,1.87,99.09
28,14,4.1963,1.603,25.419,2.1125,1.4125,0.04873,1.8389,97.45
28,15,4.1401,1.4846,24.49,,1.3856,0.04597,1.8533,98.21
28,16,4.1692,1.8188,,2.1378,1.3664,0.04809,1.8602,98.57
28,17,4.1721,1.705,24.152,2.017,1.3773,0.04739,1.8512,98.1
28,18,4.1738,1.3484,25.655,2.1849,1.4411,0.04412,1.8538,98.24
28,19,4.1999,1.5152,25.205,2.0682,1.3882,0.04759,1.8635,98.75
28,20,4.1432,1.5683,24.514,2.0195,1.4065,0.04472,1.8364,97.32
28,21,4.1556,1.6222,24.273,2.0889,1.4081,0.04408,1.8429,97.66
28,22,4.1822,1.5311,24.855,2.1497,1.5367,0.04538,1.844,97.72
28,23,4.1783,1.4651,23.728,2.1369,1.4459,0.04565,1.8447,97.75
28,24,4.1569,1.4228,24.678,2.0551,1.4102,0.04447,1.8264,96.79
28,25,4.1495,1.4737,23.613,2.1209,1.3329,0.04757,1.8264,96.78
28,26,4.1321,1.5313,22.614,2.0722,1.4587,0.04367,1.8352,97.25
28,27,4.1387,1.4332,25.369,2.077,1.5003,0.04763,1.8402,97.51
28,28,4.1885,1.5695,24.543,2.0894,1.3385,0.04536,1.8321,97.09
28,29,4.2094,1.5199,22.953,2.0717,1.3765,0.04737,1.8413,97.57
28,30,4.1795,1.5342,25.665,2.0985,1.4205,0.05008,1.8217,96.54
28,31,4.1352,1.5532,24.553,2.1405,1.4163,0.05215,1.835,97.24
28,32,4.1418,1.4063,24.039,2.1434,1.3841,0.05085,1.8176,96.32
28,33,4.1627,1.3453,25.667,2.1243,1.4891,0.04772,1.8227,96.59
28,34,4.1506,1.7234,25.573,2.1794,1.3712,0.05289,1.8274,96.84
28,35,4.1548,1.5246,25.191,2.0112,1.4658,0.05125,1.8351,97.24
28,36,4.109,1.5454,23.58,2.0383,1.419,0.05196,1.8123,96.04
28,37,4.193,1.5852,23.448,2.1021,1.4535,0.04832,1.813,96.08
28,38,4.1526,1.5923,24.91,2.1216,1.4349,0.04524,1.8193,96.41
28,39,4.1509,1.6466,23.487,2.1379,1.4097,0.05018,1.8021,95.5
28,40,4.1465,1.4764,25.231,2.0999,1.2864,0.05073,1.808,95.81
28,41,4.1353,1.6694,25.112,2.0725,1.3612,0.04842,1.8187,96.38
28,42,4.1566,1.639,25.35,2.0523,1.3205,0.05127,1.8061,95.71
28,43,4.1563,1.572,25.289,2.0735,1.2769,0.04993,1.7987,95.31
28,44,4.1619,1.496,23.743,2.275,1.3862,0.04913,1.7939,95.06
28,45,4.173,1.4308,26.313,2.0597,1.3132,0.0472,1.7996,95.36
28,46,4.1711,1.4672,24.889,2.1805,1.3658,0.05137,1.7968,95.22
28,47,4.1486,1.4472,24.687,2.2283,1.3213,0.04968,1.7932,95.03
28,48,4.2023,1.559,23.997,2.1016,1.4299,0.05013,1.7941,95.07
28,49,4.1833,1.5443,23.686,2.0797,1.2671,0.04964,1.781,94.38
28,50,4.1815,1.5585,23.626,2.1439,1.4488,0.04998,1.7913,94.92
28,51,4.1732,1.5988,25.076,,1.3026,0.05415,1.793,95.01
28,52,4.1644,1.502,24.126,2.1081,1.3962,0.05284,1.7704,93.82
28,53,4.1489,1.6617,24.493,2.1647,1.3608,0.0563,1.782,94.43
28,54,4.1765,1.3042,23.647,2.1512,1.3609,0.05093,1.7741,94.01
28,55,4.138,1.6628,24.055,2.2159,1.4013,0.0497,1.7781,94.22
28,56,4.1547,1.7094,24.628,2.3908,,0.05241,1.7739,94.0
28,57,4.1114,1.6492,23.805,2.2266,1.3366,0.05024,1.7819,94.43
28,58,4.1514,1.325,25.266,2.1025,1.4346,0.05193,1.7871,94.7
28,59,4.174,1.5714,23.095,2.1763,1.3724,0.05256,1.7607,93.3
28,60,4.1716,1.5773,24.838,2.1671,1.3656,0.05099,1.7674,93.66
28,61,4.1245,1.4971,24.042,2.1744,1.4209,0.05191,1.7587,93.2
28,62,4.1464,1.6661,26.27,2.1568,1.3918,0.05662,1.766,93.59
28,63,4.1762,1.3006,24.54,,1.2651,0.05474,1.7537,92.93
28,64,4.128,1.549,25.55,2.0829,1.1944,0.0526,1.7621,93.38
28,65,4.1842,1.4653,24.986,2.1805,1.2705,0.05286,1.7528,92.89
28,66,4.1159,1.3782,23.698,2.1815,1.3251,0.05349,1.7464,92.54
28,67,4.1436,1.4523,24.908,2.2113,1.3501,0.05106,1.7424,92.33
28,68,4.1366,1.6679,25.106,2.2018,1.2803,0.05198,1.7532,92.91
28,69,4.147,1.4996,23.425,2.15,1.3294,0.05568,1.7531,92.9
28,70,4.1224,1.2827,24.84,2.2738,1.3542,0.05455,1.7339,91.88
28,71,4.1573,,24.801,2.2341,1.3218,0.05516,1.7388,92.14
28,72,4.1544,1.7377,25.547,2.1603,1.3127,0.05539,1.7438,92.41
28,73,4.1462,1.3277,23.909,2.2171,1.3668,0.05577,1.7514,92.81
28,74,4.1685,1.6823,23.192,2.2104,1.3665,0.05106,1.7248,91.4
28,75,4.1603,1.4485,24.547,2.2247,1.272,0.05187,1.7351,91.95
28,76,4.1695,1.5592,26.072,2.2379,1.4234,0.05425,1.7409,92.25
28,77,4.1554,1.4362,24.227,2.1609,1.301,0.05838,1.7372,92.06
28,78,4.1367,1.4612,23.172,2.156,1.2903,0.05348,1.7477,92.62
28,79,4.1498,1.6048,24.492,2.3058,1.3405,0.05626,1.7266,91.5
28,80,4.1577,1.5664,26.214,2.2606,1.3644,0.05354,1.7257,91.45
28,81,4.1116,1.4434,25.129,2.153,1.2777,0.05287,1.7368,92.04
28,82,4.1391,1.6279,26.642,2.241,1.2945,0.05558,1.7283,91.58
28,83,4.1411,1.8079,25.203,2.2459,1.3072,0.05414,1.7161,90.94
28,84,4.1104,1.4927,23.913,2.3214,1.3661,0.05354,1.7251,91.42
28,85,4.154,1.5075,26.824,2.3167,1.3411,0.05414,1.7045,90.32
28,86,4.1489,1.5555,24.532,2.1514,1.4078,0.05539,1.7152,90.89
28,87,4.1194,1.677,26.088,2.2384,1.3217,0.05601,1.7187,91.08
28,88,4.1543,1.5584,24.985,2.1669,1.3074,0.05706,1.7142,90.84
28,89,4.1728,,25.85,2.2498,1.3254,0.05453,1.7168,90.97
28,90,4.1726,1.6385,,2.226,,0.05548,1.7158,90.92
28,91,4.1459,1.1781,24.275,2.2477,1.4264,0.05593,1.7016,90.17
28,92,4.1178,1.7201,24.717,2.367,1.2643,0.05792,1.7058,90.39
28,93,4.1241,1.6351,26.341,2.236,1.2981,0.05533,1.703,90.25
28,94,4.1103,1.1909,23.261,2.2356,1.2447,0.05604,1.7033,90.26
28,95,4.1196,1.4364,25.837,2.2656,1.3729,0.05661,1.6954,89.84
28,96,4.1107,1.5282,25.379,2.2194,1.2497,0.0553,1.6823,89.15
28,97,4.1351,1.3828,25.22,2.2694,1.2864,0.05526,1.6944,89.79
28,98,4.169,1.4609,24.626,2.2845,1.2336,0.05421,1.699,90.03
28,99,4.1432,1.4092,25.064,2.139,1.318,0.05976,1.6864,89.37
28,100,4.1461,1.49,25.273,2.247,1.2695,0.05533,1.6824,89.15
28,101,4.162,1.3137,24.973,2.2601,1.2801,0.05845,1.6789,88.97
28,102,4.1504,1.7536,25.407,2.1434,1.2753,0.05676,1.6827,89.17
28,103,4.0838,1.5544,24.964,2.3149,1.2566,0.0591,1.687,89.4
28,104,4.1336,1.399,,2.4334,1.2286,0.05673,1.6697,88.48
28,105,4.1251,1.4978,24.67,2.3665,1.333,0.05571,1.6706,88.53
28,106,4.1203,1.3684,24.54,2.197,,0.05597,1.6844,89.26
28,107,4.1354,1.4676,24.843,2.3791,1.278,,1.6862,89.35
28,108,4.146,1.3976,25.177,2.1678,1.2729,0.05859,1.6807,89.06
28,109,4.106,1.4277,25.419,2.3537,1.2765,0.05696,1.6755,88.79
28,110,4.1337,1.5379,26.004,2.2745,1.2246,0.05789,1.6777,88.9
28,111,4.1774,1.3704,26.486,2.2601,1.2709,0.06172,1.6769,88.86
28,112,4.1227,1.4397,25.302,2.304,1.2301,0.06134,1.6627,88.11
28,113,4.1416,1.5201,26.375,2.2394,1.2904,0.0634,1.6581,87.86
28,114,4.1062,1.7672,25.581,2.297,1.2417,0.06199,1.6505,87.46
28,115,4.1592,1.3399,23.934,2.2271,1.2498,0.05737,1.6472,87.29
28,116,4.1046,1.4082,24.536,2.3077,1.2246,0.05359,1.6519,87.54
28,117,4.1461,1.4841,24.376,2.3397,1.1877,0.0584,1.6559,87.75
28,118,4.1539,1.587,25.711,2.3528,1.1967,0.06232,1.654,87.65
28,119,4.1621,1.4169,25.632,2.3883,1.2736,0.06002,1.6277,86.25
28,120,4.089,1.3584,25.487,2.2884,1.2375,0.06188,1.6572,87.82
28,121,4.1025,1.5712,24.286,2.2067,1.2074,,1.6575,87.83
28,122,4.1364,1.5165,26.375,2.3382,,0.06144,1.6411,86.96
28,123,4.1349,1.4594,26.487,2.3515,1.209,0.05899,1.6375,86.77
28,124,4.0927,1.4322,24.87,2.2368,1.1991,0.05966,1.6685,88.42
28,125,4.0839,1.4586,,2.2403,1.2931,0.05847,1.6442,87.13
28,126,4.1453,1.669,25.905,2.2576,1.2232,0.05881,1.6275,86.24
28,127,4.1407,1.516,25.54,2.2842,1.2717,0.06098,1.6361,86.7
28,128,,1.4794,26.288,2.3884,1.2705,0.06006,1.6198,85.84
28,129,4.1039,1.4784,24.385,2.2971,1.1954,0.06356,1.6443,87.13
28,130,4.1231,1.5755,25.167,2.1677,1.1983,0.0621,1.6413,86.98
28,131,4.1112,1.6084,25.325,2.2541,1.2694,0.0595,1.6321,86.49
28,132,4.0707,1.4515,26.003,2.3537,1.221,0.06141,1.6349,86.64
28,133,4.0829,1.4763,25.749,2.3572,1.2249,0.05986,1.6258,86.16
28,134,4.1385,1.5972,26.514,2.2653,1.2289,0.0597,1.6121,85.43
28,135,4.1919,1.6287,25.17,2.3157,1.2062,0.06145,1.6211,85.91
28,136,4.1269,1.2663,24.013,2.4542,1.2007,0.06417,1.6066,85.14
28,137,4.0658,1.3945,27.668,2.2509,1.3075,0.06213,1.6104,85.34
28,138,4.0992,1.4126,26.002,,1.229,0.06304,1.6158,85.63
28,139,4.1718,1.5495,27.354,2.2813,1.2138,0.06382,1.6095,85.29
28,140,4.1299,1.4037,25.24,2.2883,,0.06142,1.6121,85.43
28,141,4.1324,1.3933,23.845,2.309,1.3199,0.06294,1.6048,85.04
28,142,4.1272,1.5052,26.02,2.3984,1.2194,0.06228,1.6003,84.8
28,143,4.1291,,25.804,2.3117,1.1512,0.0635,1.617,85.69
28,144,4.1259,1.5895,25.126,2.3121,1.1471,0.06178,1.6133,85.49
28,145,4.0973,1.5128,26.317,2.4226,1.1264,0.06145,1.609,85.27
28,146,4.0924,1.4759,24.165,2.3314,1.2045,0.06043,1.5933,84.43
28,147,4.1143,1.5364,24.5,2.3973,1.2378,0.06116,1.5934,84.44
28,148,4.1248,1.5596,26.394,2.2936,1.1873,0.064,1.6087,85.25
28,149,4.1041,1.5945,26.149,2.3608,1.2004,0.06253,1.5869,84.09
28,150,4.1648,1.5576,26.895,2.334,1.1654,0.06142,1.5982,84.69
28,151,4.1047,1.629,26.769,2.333,1.1772,0.06312,1.5821,83.84
28,152,4.1263,1.4749,25.634,2.446,1.1805,0.06209,1.5893,84.22
28,153,4.1131,1.338,25.287,2.3921,1.2921,0.0623,1.5848,83.98
28,154,4.1152,1.6623,25.548,2.4344,1.2622,0.06637,1.5896,84.24
28,155,4.115,1.5934,25.636,2.2363,1.2047,0.06328,1.593,84.42
28,156,4.1313,1.3959,27.618,2.3954,1.1248,0.06143,1.5873,84.11
28,157,4.1284,1.4603,25.164,2.3379,1.1646,0.06499,1.5602,82.68
28,158,4.0822,1.5795,,2.4131,1.1543,0.06711,1.5625,82.8
28,159,4.1391,1.586,26.474,2.3335,1.2402,0.06451,1.5754,83.48
28,160,4.0553,1.5408,27.175,2.3272,1.1302,0.06357,1.5641,82.89
28,161,4.0616,1.4461,25.063,2.4157,1.1733,0.06363,1.5786,83.65
28,162,4.1267,1.6589,26.954,2.4195,1.2447,0.06258,1.5664,83.01
28,163,,1.304,25.293,2.3243,1.1895,0.06744,1.569,83.14
28,164,4.1008,1.5901,25.844,2.4,1.2046,0.06819,1.5682,83.1
28,165,4.1112,1.769,24.738,2.3849,1.1346,0.06432,1.5656,82.96
28,166,4.1298,1.4625,26.482,2.3385,1.1062,0.06506,1.5649,82.93
28,167,4.1421,1.7805,25.854,2.2863,1.0981,0.06337,1.5563,82.47
28,168,4.0979,1.3742,27.294,2.4364,1.2537,0.06156,1.5578,82.55
28,169,4.1002,,26.021,2.3558,1.1594,0.06717,1.5644,82.9
28,170,4.1409,1.5726,26.039,2.4585,1.1751,0.06444,1.5365,81.42
28,171,4.1405,1.3482,25.712,2.3188,1.1824,0.06533,1.5441,81.82
28,172,4.0809,1.5311,26.329,2.2895,1.1198,0.06596,1.5383,81.52
28,173,4.1231,1.4714,26.841,2.3869,1.0031,0.06864,1.556,82.46
28,174,4.1064,1.5271,26.363,2.4088,1.1412,0.06457,1.5481,82.03
28,175,4.0792,1.3892,26.183,2.4695,,0.06476,1.5431,81.77
28,176,4.0679,1.373,26.739,2.3099,1.1698,0.06559,1.5269,80.91
28,177,4.1295,1.523,27.059,2.5073,1.2179,0.0649,1.5434,81.79
28,178,4.0968,1.5481,24.631,2.422,1.014,0.06945,1.5208,80.59
28,179,4.079,1.5421,26.399,2.4473,1.1502,0.06837,1.5385,81.53
28,180,,1.7414,26.168,2.4362,1.091,0.07091,1.5225,80.68
28,181,4.0671,1.658,25.503,2.4635,1.1942,0.07077,1.533,81.24
28,182,4.0993,1.2841,25.56,2.3817,1.1317,0.0658,1.5306,81.11
28,183,4.0837,1.5845,26.205,2.3887,1.1047,0.06743,1.5331,81.24
28,184,4.0789,1.5333,26.635,2.4264,1.0519,0.06804,1.5358,81.39
28,185,4.0594,1.3712,25.936,2.3741,1.0595,0.06796,1.5109,80.06
28,186,4.1152,1.4404,26.11,2.4807,1.0674,0.066,1.5207,80.59
28,187,4.0963,1.51,26.225,2.5073,1.1325,0.06753,1.527,80.92
28,188,4.055,1.5885,25.705,2.361,1.0422,0.06448,1.5169,80.38
28,189,4.0693,1.4762,27.088,2.4441,1.135,0.07024,1.497,79.33
28,190,4.1043,1.5663,27.018,2.3352,1.0904,0.06594,1.4903,78.98
28,191,4.1519,1.4607,26.987,,1.0491,0.06687,1.5009,79.54
28,192,4.1035,1.5685,27.789,2.4993,1.1554,0.06998,1.5097,80.0
28,193,4.0776,1.3394,25.638,2.3632,1.0747,0.06836,1.5181,80.45
28,194,4.1089,,26.698,2.3732,1.0736,0.06446,1.5009,79.54
28,195,4.1403,1.5507,26.615,2.4183,1.1076,0.07095,1.5079,79.91
28,196,4.1078,1.6855,27.455,2.4545,1.1207,0.06775,1.5022,79.6
28,197,4.081,1.5716,27.281,2.3531,1.0218,0.06855,1.5035,79.67
28,198,4.0981,1.3844,26.957,2.5706,1.0698,,1.5029,79.64
28,199,4.0873,1.6742,26.824,2.4411,1.0805,0.06582,1.4958,79.27
28,200,4.1057,1.5191,26.51,2.4531,1.0231,0.06616,1.5046,79.73
28,201,4.084,1.5287,27.804,2.4456,,0.06923,1.4901,78.96
28,202,4.093,1.4433,26.536,2.4549,1.0941,0.07049,1.4786,78.35
28,203,4.1395,1.6138,26.377,2.4281,1.1218,0.07228,1.4937,79.15
28,204,4.0704,1.5849,26.728,2.5309,1.1181,0.07001,1.4927,79.1
28,205,4.1076,1.3639,26.368,2.4385,1.0658,0.07077,1.4745,78.13
28,206,4.0275,1.5072,26.17,2.5481,1.0353,0.07355,1.4819,78.53
28,207,4.0799,1.4808,25.95,2.4931,1.0583,0.06961,1.4869,78.79
28,208,4.1042,1.5515,26.183,2.463,1.0566,0.07059,1.4694,77.86
28,209,4.1085,1.5521,26.212,2.5149,1.1085,0.06799,1.4661,77.69
28,210,4.0231,1.6622,26.584,2.539,1.1654,0.06935,1.4846,78.67
28,211,4.0929,1.3956,26.141,2.4579,1.0282,0.06938,1.4692,77.85
28,212,4.1016,1.5105,26.607,2.4657,1.0004,0.06841,1.4763,78.23
28,213,4.1141,1.429,27.366,2.4138,1.0613,0.07032,1.476,78.22
28,214,4.0664,1.5473,27.246,2.4016,1.0888,0.07261,1.4642,77.59
28,215,4.0696,1.4302,28.096,2.5805,1.0656,,1.4611,77.43
28,216,,1.4052,25.004,2.4582,1.057,0.07177,1.4583,77.28
28,217,4.0793,1.4136,25.974,2.5895,1.1108,0.07389,1.4658,77.67
28,218,4.0655,1.6311,26.052,2.5571,1.1216,0.06693,1.4728,78.05
28,219,4.06,1.492,26.091,2.5527,1.041,0.06872,1.4599,77.36
28,220,4.0756,1.5822,27.695,2.532,1.0997,0.07288,1.4482,76.74
28,221,4.1064,1.8338,27.693,2.5191,1.0493,0.07214,1.4593,77.33
28,222,4.0496,1.6843,26.544,2.4897,1.0977,0.07059,1.46,77.37
28,223,4.0508,1.6386,26.999,2.5059,1.0819,0.07172,1.4525,76.97
28,224,4.074,1.4987,25.272,2.59,1.0082,0.07511,1.4504,76.86
28,225,4.1092,1.6588,27.66,2.5135,,0.07164,1.443,76.47
28,226,4.0757,1.3866,26.347,2.3374,1.0459,0.07237,1.4405,76.33
28,227,4.0711,1.5536,27.599,2.5784,1.0733,0.07218,1.4348,76.03
28,228,4.1224,1.5944,27.058,2.5806,1.0614,0.07065,1.442,76.41
28,229,4.0812,1.5081,27.193,2.4094,1.0304,0.07072,1.4408,76.35
28,230,4.0727,1.4253,28.012,2.5482,1.013,0.06912,1.429,75.73
28,231,4.0678,,28.756,2.4237,1.0539,0.07246,1.4286,75.7
28,232,4.0271,1.5297,26.964,2.5672,1.0746,0.07528,1.4293,75.74
28,233,4.0693,1.8355,28.047,2.4409,1.0487,0.07087,1.413,74.88
28,234,4.1247,1.6501,25.772,2.4829,1.0464,0.07255,1.424,75.46
28,235,4.0549,1.4913,26.181,,1.0816,0.07379,1.428,75.67
28,236,4.1021,1.663,27.027,2.5175,1.1303,0.07653,1.4179,75.14
28,237,4.1032,1.7424,27.66,2.5076,1.0212,0.07686,1.4095,74.69
28,238,4.0866,1.8156,26.429,2.5303,1.0518,0.07314,1.4263,75.58
28,239,4.0975,1.4457,26.188,2.5184,1.0226,0.07344,1.403,74.35
28,240,4.1012,1.5049,26.407,2.5319,0.9944,0.07374,1.4235,75.43
28,241,4.1247,1.5515,26.524,2.5855,0.9711,0.0725,1.4063,74.52
28,242,4.0745,1.6622,24.915,2.5932,1.007,0.0717,1.4153,75.0
28,243,4.0568,1.7272,27.964,2.6458,1.0216,0.07437,1.3961,73.98
28,244,4.0307,1.519,25.85,2.4982,1.028,0.07682,1.3953,73.94
28,245,4.0357,1.3181,26.818,2.5126,1.0336,0.07399,1.4061,74.51
28,246,4.0993,1.6633,27.443,2.4987,0.9983,0.07605,1.4035,74.38
28,247,4.037,1.7204,26.605,2.5935,,0.07146,1.4126,74.85
28,248,4.0606,1.5909,26.59,2.4072,0.986,0.07545,1.4042,74.41
28,249,4.0781,1.7141,26.85,2.5228,1.0411,0.07413,1.4091,74.67
28,250,4.0324,1.641,28.136,2.5814,1.0672,0.0737,1.4053,74.47
29,1,4.1871,1.5363,24.002,2.0793,1.4988,0.04492,1.8943,99.7
29,2,4.1997,1.5331,24.425,2.0991,1.4734,0.04455,1.8947,99.72
29,3,4.1764,1.5583,24.529,2.0748,1.4816,0.04315,1.8921,99.58
29,4,4.195,1.4006,24.042,2.0711,1.457,0.04684,1.8917,99.56
29,5,4.1478,1.5627,23.73,1.9876,1.4998,0.04323,1.8957,99.77
29,6,4.1846,1.4921,23.563,2.0122,1.4217,0.04357,1.8895,99.44
29,7,4.1632,1.3356,23.655,2.035,1.472,0.04656,1.8898,99.46
29,8,4.1926,1.3706,22.202,1.9833,1.4353,0.04274,1.9,100.0
29,9,4.1768,1.4338,24.252,2.0414,1.4159,0.0495,1.8828,99.09
29,10,4.1783,1.6028,24.945,2.0574,1.5061,0.0453,1.8859,99.25
29,11,4.1442,1.4648,24.268,2.1022,1.4125,0.04302,1.8928,99.61
29,12,4.1694,1.4549,25.413,2.0653,1.4258,0.04284,1.8868,99.3
29,13,4.196,1.4149,24.557,2.0086,1.4028,0.04477,1.8729,98.57
29,14,4.1684,1.3688,24.582,2.1165,1.4654,0.04727,1.8838,99.14
29,15,4.2047,1.4901,24.383,2.1128,1.3962,0.05059,1.8716,98.5
29,16,4.1736,1.4529,25.055,2.1627,1.4517,0.04399,1.8767,98.77
29,17,4.1707,1.4484,23.355,1.9999,1.5154,,1.874,98.63
29,18,4.1557,1.5459,24.434,2.0709,1.4601,0.04818,1.8741,98.63
29,19,4.1492,1.5546,25.236,2.1142,1.5509,,1.8778,98.82
29,20,4.1498,1.4227,24.594,2.1502,1.4399,0.04799,1.857,97.73
29,21,4.1498,1.4944,23.883,2.0289,1.3389,0.05011,1.8845,99.18
29,22,4.1638,1.555,23.378,2.0534,1.431,0.04676,1.8615,97.97
29,23,4.1848,1.4477,24.323,2.1092,1.4776,0.04847,1.8559,97.67
29,24,4.1983,1.4468,23.573,2.0497,1.3113,0.04666,1.8576,97.76
29,25,4.1347,1.7088,22.758,2.0614,1.3555,0.04984,1.8661,98.21
29,26,4.1616,1.3333,23.153,2.1251,1.395,0.047,1.8666,98.24
29,27,4.1575,1.2941,23.012,2.0343,1.389,0.04842,1.8593,97.85
29,28,4.1971,1.3354,24.384,2.0673,1.5228,0.04815,1.8587,97.82
29,29,4.1738,1.528,24.078,2.1526,1.4964,0.05032,1.8523,97.48
29,30,4.2109,1.5624,23.557,2.1219,1.4094,0.04752,1.854,97.57
29,31,4.1191,1.697,25.098,2.0097,1.4497,0.04961,1.8562,97.69
29,32,4.2087,1.7319,24.44,2.1537,1.3967,0.0508,1.8638,98.09
29,33,4.1333,1.4529,24.291,2.1359,1.4741,0.04766,1.8332,96.48
29,34,4.155,1.4324,24.769,2.2188,1.4825,0.05126,1.8386,96.77
29,35,4.1602,1.5562,23.871,2.0881,1.4296,0.04647,1.8429,96.99
29,36,4.1538,1.5703,24.682,2.2046,1.3068,0.05184,1.8546,97.61
29,37,4.1704,1.5681,25.003,2.0771,1.4146,0.05122,1.8542,97.59
29,38,4.1747,1.5161,24.977,2.0592,1.3658,0.04677,1.8285,96.23
29,39,4.1832,1.4352,23.86,2.2026,1.385,0.05161,1.8299,96.31
29,40,4.1533,1.3973,24.795,2.1265,1.4379,0.05011,1.8313,96.38
29,41,4.1549,1.3219,24.555,2.1749,1.4305,0.04967,1.8225,95.92
29,42,4.1663,1.5552,24.424,2.1484,1.3022,0.05017,1.8235,95.97
29,43,4.1303,,24.204,2.1577,1.423,0.05082,1.8341,96.53
29,44,4.1506,1.7621,25.959,2.197,1.4077,0.0483,1.8227,95.93
29,45,4.1492,1.4966,23.379,2.2052,1.2608,0.05211,1.8306,96.34
29,46,4.2175,,24.108,2.1563,1.424,0.05034,1.8373,96.7
29,47,4.1728,,23.766,2.0552,1.5128,0.0523,1.8193,95.75
29,48,4.1555,1.59,23.842,2.1652,1.404,0.0487,1.8317,96.4
29,49,4.1476,1.4157,24.056,2.0533,1.4418,0.054,1.8248,96.04
29,50,4.1852,1.5037,,2.0806,1.3571,0.05207,1.8166,95.61
29,51,4.1385,1.4467,21.822,2.18,1.4151,0.05185,1.8147,95.51
29,52,4.1455,1.7251,24.218,2.1473,1.37,0.05161,1.8285,96.23
29,53,4.1536,1.4265,24.197,2.0296,1.4218,0.04932,1.8175,95.65
29,54,4.1292,1.5765,24.305,2.0192,1.3934,0.04999,1.8139,95.46
29,55,4.1761,1.3897,24.487,2.1211,1.4282,,1.8161,95.58
29,56,4.1238,1.5984,25.492,2.1234,1.3848,0.0529,1.8145,95.5
29,57,4.1641,1.5085,,2.1637,1.4192,0.05008,1.8309,96.36
29,58,4.1154,1.5887,25.558,2.2209,1.3896,0.05275,1.819,95.73
29,59,4.1253,1.5388,24.81,2.2309,1.3642,0.0524,1.8068,95.09
29,60,4.1673,1.6228,24.104,2.219,1.3622,0.05349,1.8107,95.3
29,61,4.0998,1.6549,24.823,2.1266,1.3505,0.05026,1.8187,95.72
29,62,4.1262,1.6538,25.482,2.1943,1.2666,0.04979,1.8094,95.22
29,63,4.151,1.6222,22.573,2.1375,1.4072,0.05189,1.8031,94.89
29,64,4.1109,1.6366,24.544,2.251,1.436,0.05531,1.7984,94.65
29,65,4.1386,1.4435,26.287,2.1743,1.4148,0.05376,1.8003,94.75
29,66,4.144,,24.999,2.162,1.3192,0.05356,1.7957,94.51
29,67,4.1647,1.8153,25.597,2.2995,1.3219,0.05441,1.7933,94.38
29,68,4.1839,1.6637,25.026,2.2452,1.3093,0.05637,1.8059,95.04
29,69,4.1803,1.6356,25.82,2.3195,1.4058,,1.7867,94.03
29,70,4.1013,1.4996,24.502,2.2345,1.3141,0.05181,1.7975,94.6
29,71,4.1774,1.511,26.724,2.1777,1.3873,0.0542,1.7952,94.48
29,72,4.1804,1.404,23.088,2.1933,1.3368,0.05577,1.7869,94.04
29,73,4.1602,1.5593,25.205,2.2662,1.3446,0.05386,1.778,93.58
29,74,4.1442,1.3487,24.378,2.1887,1.3201,0.05325,1.7901,94.21
29,75,4.1394,1.6137,25.732,2.0636,1.2742,0.04919,1.7863,94.01
29,76,4.1374,1.5295,25.621,2.2061,1.313,0.05411,1.7811,93.74
29,77,4.1084,1.6265,25.415,2.2978,1.2791,0.05101,1.7778,93.56
29,78,4.1549,1.6148,25.303,2.2217,1.3809,0.05344,1.7727,93.3
29,79,,1.3843,24.606,2.1301,,0.05527,1.7871,94.05
29,80,4.1245,1.6384,25.305,2.2637,1.2684,0.05474,1.7636,92.81
29,81,4.127,1.4536,25.382,2.1628,1.3758,0.05113,1.7906,94.24
29,82,4.151,1.3947,24.405,2.2747,1.3592,0.05239,1.7545,92.34
29,83,4.1351,1.5625,25.055,2.1315,1.2977,0.05014,1.7765,93.49
29,84,4.1521,1.4281,24.829,2.1655,1.3937,0.05251,1.7722,93.27
29,85,4.1093,1.5409,25.9,2.1018,1.3607,0.05846,1.7667,92.98
29,86,4.1244,1.5083,24.606,2.3458,1.3691,0.05712,1.7686,93.08
29,87,4.1745,1.4985,25.062,2.3699,1.2936,0.0551,1.7833,93.85
29,88,4.0949,1.4076,24.257,2.1953,1.3519,0.05554,1.7563,92.43
29,89,4.1437,1.5348,24.877,2.3499,1.3033,0.05751,1.7709,93.2
29,90,4.1334,1.7544,25.933,2.1528,1.266,0.059,1.7518,92.2
29,91,4.1322,1.4202,24.742,2.3226,1.2839,0.05472,1.7604,92.65
29,92,4.1126,1.4016,24.991,2.2412,1.278,0.05699,1.7629,92.78
29,93,4.0888,1.6076,24.789,2.2899,1.4199,0.05603,1.7583,92.54
29,94,4.1722,1.4134,26.538,2.2164,1.2808,0.06101,1.7498,92.09
29,95,4.1778,1.5111,25.075,2.0699,1.3635,0.05717,1.7563,92.43
29,96,4.1516,1.519,24.42,2.2695,1.3005,0.058,1.7509,92.15
29,97,4.1246,1.4492,24.396,2.2184,1.3296,0.05514,1.748,91.99
29,98,4.1556,1.4981,25.788,2.2393,,0.05327,1.7392,91.53
29,99,4.1136,1.5486,25.159,2.1929,1.1636,0.05781,1.738,91.47
29,100,4.1591,1.3992,25.901,2.2887,1.3338,0.05578,1.7525,92.23
29,101,4.1803,1.7164,25.433,2.269,1.1919,0.05953,1.7428,91.72
29,102,4.1427,1.443,25.209,2.3467,1.3202,0.0625,1.7483,92.01
29,103,4.1107,1.4662,24.628,2.3121,1.3582,0.06079,1.7472,91.95
29,104,4.1449,1.6693,26.691,2.1897,1.3272,0.05509,1.7365,91.39
29,105,4.1001,1.4412,24.03,2.1948,1.2486,0.05821,1.7328,91.19
29,106,4.0912,1.8449,25.295,2.1874,,0.05771,1.7363,91.38
29,107,4.1416,1.4354,24.97,2.3577,1.2961,0.05907,1.7279,90.94
29,108,4.1352,1.4237,24.552,2.2468,1.2543,0.06004,1.7286,90.98
29,109,4.0736,1.7233,,2.3413,1.2814,0.05509,1.7359,91.36
29,110,4.1732,1.3212,23.949,2.2501,1.2145,0.05927,1.719,90.47
29,111,4.1404,1.443,,2.3835,1.215,0.06055,1.7329,91.2
29,112,4.127,1.5368,25.673,2.2197,1.2039,0.06025,1.7329,91.2
29,113,4.1018,1.4551,25.53,2.2519,1.2427,0.06047,1.7149,90.25
29,114,4.1087,1.5645,25.492,2.2849,1.3016,0.05841,1.7206,90.55
29,115,4.0925,1.6662,24.849,2.186,1.2411,,1.7285,90.97
29,116,4.1037,1.6387,24.862,2.1519,1.2575,0.06301,1.7142,90.22
29,117,4.1049,1.4691,26.602,2.268,1.2214,0.05977,1.71,90.0
29,118,4.1391,1.3902,24.833,2.358,1.2946,0.06078,1.7192,90.48
29,119,4.1529,1.553,25.073,2.3374,1.2279,0.06237,1.7149,90.25
29,120,4.1187,1.4958,25.541,2.2834,1.3385,0.05832,1.7218,90.62
29,121,4.1191,1.6085,26.394,2.3046,1.2331,0.05943,1.7001,89.48
29,122,4.0675,1.4161,25.772,2.2828,1.2498,0.06185,1.7053,89.75
29,123,4.103,1.5582,,2.2583,1.3402,0.05762,1.7013,89.54
29,124,4.1352,1.5127,24.405,2.4101,1.2219,0.05939,1.7015,89.55
29,125,4.1778,1.4696,24.728,2.3339,1.3672,0.06027,1.7093,89.96
29,126,4.1331,1.2699,24.744,2.1971,1.2414,0.05909,1.7019,89.57
29,127,4.1273,1.5932,25.481,2.2187,1.3153,0.06403,1.6815,88.5
29,128,4.1135,1.4783,25.857,2.3154,1.2794,0.06126,1.7042,89.69
29,129,4.1014,1.4857,25.905,2.2193,1.2418,0.06041,1.6935,89.13
29,130,4.1566,1.6673,26.093,2.4208,1.2961,0.06087,1.6939,89.15
29,131,4.1112,1.5653,25.353,2.2255,1.2315,0.06278,1.6924,89.07
29,132,4.1557,1.5887,25.503,2.3375,1.2919,0.06091,1.674,88.1
29,133,4.1414,1.541,24.757,2.3135,1.1485,0.06185,1.7006,89.5
29,134,4.1043,1.5988,24.71,2.3291,1.2286,0.06072,1.6881,88.84
29,135,4.1648,1.5681,26.788,2.4075,1.2841,0.05751,1.6921,89.05
29,136,4.0915,1.864,25.266,2.2363,1.1042,0.05925,1.6863,88.75
29,137,4.1455,1.3921,26.452,2.324,1.2176,0.06179,1.6876,88.82
29,138,4.1192,1.3877,25.861,2.3533,1.2338,0.0636,1.6964,89.28
29,139,4.1264,1.615,24.647,2.2447,1.2826,0.06403,1.6651,87.63
29,140,4.0997,1.5451,26.001,2.2303,1.2477,0.06208,1.6927,89.09
29,141,4.1023,1.6712,25.962,2.4378,1.274,0.06248,1.6862,88.74
29,142,4.0831,1.7134,26.662,2.3216,1.2095,0.06248,1.6692,87.85
29,143,4.104,1.595,26.427,2.3187,1.3083,0.06425,1.6663,87.69
29,144,4.0833,1.5929,25.479,2.3039,1.2391,0.06372,1.6693,87.85
29,145,4.1161,1.2465,26.199,,1.2455,0.06216,1.6802,88.43
29,146,4.1657,1.4668,24.636,2.2678,1.2454,0.06144,1.6902,88.95
29,147,4.1008,1.5762,25.793,2.3195,1.2043,,1.6617,87.46
29,148,4.1204,1.3244,25.699,2.3276,1.1729,0.06201,1.6708,87.93
29,149,4.1332,1.534,25.111,2.269,1.1771,0.0629,1.6767,88.24
29,150,4.0962,1.6278,26.261,2.1943,1.2253,0.06451,1.6661,87.68
29,151,,1.491,25.749,2.3526,1.2277,0.06196,1.6658,87.67
29,152,4.1472,1.4591,24.84,2.2758,1.2392,0.06442,1.6713,87.96
29,153,4.1235,1.4547,24.19,2.3291,1.2984,0.06389,1.6643,87.59
29,154,4.1333,1.4223,25.934,2.3917,1.1674,0.06421,1.6628,87.51
29,155,4.1002,1.3166,25.778,2.3228,1.2235,0.06192,1.6681,87.79
29,156,4.1405,1.5201,24.577,2.3877,1.2108,0.06415,1.6567,87.19
29,157,4.0962,1.489,25.047,2.378,1.2187,,1.6623,87.49
29,158,4.083,1.5389,26.424,2.336,1.1394,0.06057,1.6589,87.31
29,159,4.1508,1.4507,,2.2254,1.2236,0.0619,1.6526,86.97
29,160,4.11,1.3247,28.226,2.337,1.2323,0.06719,1.6466,86.66
29,161,4.0769,1.5365,24.506,2.3549,1.2858,0.0615,1.6505,86.86
29,162,4.1534,1.5034,25.233,2.401,1.1741,0.05901,1.6399,86.31
29,163,4.1581,1.5638,27.204,2.3182,1.1919,0.06422,1.634,86.0
29,164,4.1115,1.3908,26.805,2.4093,1.1862,0.06495,1.6389,86.25
29,165,4.0627,1.4059,25.723,2.3619,1.2262,0.06592,1.6392,86.27
29,166,4.0814,1.6155,26.282,2.3479,1.1344,0.06357,1.6356,86.08
29,167,4.147,1.4996,25.337,2.5159,1.1735,0.06345,1.6416,86.39
29,168,4.093,1.6777,24.89,2.4247,1.1879,0.06405,1.6336,85.97
29,169,4.0977,1.5359,25.71,2.387,1.1481,0.06964,1.6325,85.92
29,170,4.1157,1.4722,26.664,2.4098,1.1945,0.06433,1.6417,86.4
29,171,4.1451,1.5353,25.883,2.4003,1.1872,0.06443,1.6342,86.01
29,172,4.1224,1.6704,28.081,2.4247,1.1868,0.06744,1.6244,85.49
29,173,4.1182,1.6506,27.076,2.4993,1.1489,0.06478,1.6215,85.34
29,174,4.0738,1.5907,26.737,2.4344,1.1863,0.06789,1.6254,85.54
29,175,4.0862,1.1723,25.442,2.4043,1.1814,0.06564,1.6301,85.79
29,176,4.0796,1.4024,26.343,2.4701,1.1121,0.066,1.6196,85.24
29,177,4.0956,1.6125,27.122,2.4294,1.1514,0.06887,1.6286,85.71
29,178,4.0932,1.5885,26.001,2.3951,1.1533,0.066,1.6185,85.18
29,179,4.0501,1.5151,24.754,2.3857,1.1883,0.06583,1.6206,85.29
29,180,4.1077,1.2683,26.84,2.4267,1.1425,0.06566,1.623,85.42
29,181,4.104,1.6053,25.754,2.3616,1.1696,0.06911,1.5991,84.16
29,182,4.1188,1.7697,27.247,2.4847,1.1728,0.06615,1.6229,85.41
29,183,4.0731,1.5783,25.804,2.4376,1.1803,0.06729,1.6216,85.34
29,184,4.1105,1.6107,25.222,2.4174,1.1415,0.06747,1.6108,84.77
29,185,4.1286,1.5196,27.033,2.3653,1.1458,0.06597,1.606,84.52
29,186,4.0667,1.3228,25.519,2.4574,1.1196,0.06785,1.6108,84.78
29,187,4.052,1.6303,26.92,2.4241,1.158,0.06702,1.6009,84.25
29,188,4.1281,1.5161,26.565,2.3989,1.1754,0.06985,1.5962,84.01
29,189,4.104,1.6337,26.994,2.4924,1.1705,0.06832,1.6041,84.42
29,190,4.1161,1.4767,26.676,2.5695,1.1709,0.06541,1.6031,84.37
29,191,4.1096,1.4482,25.447,2.3513,1.1396,0.07114,1.5972,84.06
29,192,4.1155,1.4953,25.989,2.4672,1.071,0.07138,1.5937,83.87
29,193,4.1194,1.498,26.711,2.4933,,0.06641,1.6006,84.24
29,194,4.0821,1.5563,26.265,2.4111,1.1772,0.06736,1.5871,83.53
29,195,4.1157,1.5953,25.474,2.3623,1.0871,,1.5883,83.59
29,196,4.128,1.6195,28.026,2.4548,1.2005,0.06738,1.6008,84.25
29,197,4.0836,1.5145,28.449,2.4468,1.0859,0.07057,1.5773,83.01
29,198,4.0945,1.635,25.793,2.5392,1.1934,0.06947,1.5821,83.26
29,199,4.0809,1.6252,26.761,2.4099,1.111,0.07294,1.6005,84.24
29,200,4.1122,1.455,26.912,2.4286,1.2229,0.07143,1.5934,83.86
29,201,4.11,1.5196,26.825,2.5452,1.1593,0.06744,1.5906,83.71
29,202,4.0721,1.5268,26.077,2.2979,1.1439,0.07359,1.5917,83.77
29,203,4.1627,1.5121,26.628,2.4509,1.1342,0.0701,1.5826,83.29
29,204,4.0672,1.5316,,2.535,1.0244,0.06668,1.5905,83.7
29,205,4.1157,1.4731,26.963,2.58,1.1276,0.06914,1.5771,83.0
29,206,4.0918,1.5615,26.401,2.4475,1.0762,0.07095,1.5789,83.09
29,207,4.0664,1.3873,26.088,2.4676,1.0662,0.06931,1.5652,82.37
29,208,4.0472,1.4401,27.868,2.4246,1.1578,0.06894,1.5731,82.79
29,209,4.066,1.3031,25.919,2.4955,1.1547,0.07037,1.5718,82.72
29,210,4.1085,1.4449,25.925,2.413,1.0956,0.06961,1.5623,82.22
29,211,4.0512,1.4764,25.863,2.4985,1.1327,0.06826,1.5693,82.59
29,212,4.0833,1.627,26.179,2.5101,,0.07058,1.5692,82.59
29,213,4.0964,1.7435,28.866,2.375,1.1761,0.07159,1.5804,83.18
29,214,4.0672,1.4251,25.636,2.6122,1.1368,0.06796,1.564,82.31
29,215,4.0326,1.6752,26.826,2.5124,1.1077,0.0727,1.552,81.68
29,216,,1.5653,25.742,2.4399,1.0923,0.07156,1.5556,81.87
29,217,4.0852,1.522,26.878,2.4744,1.1089,0.07407,1.5682,82.53
29,218,4.0884,1.4553,27.571,2.4323,1.1009,0.07312,1.5537,81.77
29,219,4.1031,1.287,25.499,2.4839,1.2217,0.07157,1.5469,81.41
29,220,4.1097,1.4026,24.097,2.5947,1.1323,0.07051,1.5535,81.76
29,221,4.1069,1.5176,26.789,2.6148,1.0379,0.07255,1.551,81.63
29,222,4.1192,1.5685,26.197,2.4057,1.0778,0.07201,1.5391,81.0
29,223,4.0523,1.4345,26.2,2.4492,1.0736,0.06987,1.5565,81.92
29,224,4.0671,1.5349,26.973,2.4155,1.1256,,1.5489,81.52
29,225,4.0754,1.5014,26.745,2.5062,1.0347,0.07515,1.5456,81.35
29,226,4.08,1.6737,26.647,2.5173,0.9803,0.06816,1.5367,80.88
29,227,4.0826,1.6668,27.565,2.409,1.1532,0.06986,1.5405,81.07
29,228,4.0661,1.8601,26.696,2.5014,1.0981,,1.5459,81.36
29,229,4.1321,1.4611,26.184,2.5027,1.0937,0.07111,1.5294,80.49
29,230,4.0803,1.5369,27.251,2.4587,1.0578,0.07256,1.5434,81.23
29,231,4.07,1.4966,25.081,2.47,,,1.5415,81.13
29,232,4.1586,1.5581,27.12,2.4684,1.0298,0.07695,1.5354,80.8
29,233,4.0252,1.5644,26.529,2.5527,1.1561,0.0737,1.5243,80.22
29,234,4.0912,1.8597,29.062,2.4991,1.126,0.07665,1.5309,80.57
29,235,4.0726,1.4755,26.87,2.4513,1.1227,0.07598,1.533,80.68
29,236,4.0625,1.4087,27.096,2.5219,1.0014,0.07915,1.5227,80.14
29,237,4.0374,1.6483,27.548,2.4827,1.0296,0.07436,1.51,79.47
29,238,,1.655,27.499,2.606,1.0696,,1.5256,80.29
29,239,4.086,1.5788,27.641,2.5595,0.9745,0.07243,1.519,79.95
29,240,4.0837,1.635,27.481,2.4877,1.1139,0.07218,1.5199,79.99
29,241,4.1048,1.5349,26.416,2.4893,1.0144,0.07207,1.5277,80.4
29,242,4.0571,1.3431,26.329,2.5397,1.047,0.07225,1.5145,79.71
29,243,4.0993,1.5317,27.211,2.5487,1.0818,0.07464,1.4951,78.69
29,244,4.0893,1.6539,28.219,2.4879,1.0737,0.07107,1.5134,79.65
29,245,4.0648,1.6257,26.997,2.5807,1.0409,0.07324,1.5071,79.32
29,246,4.0866,1.4915,25.001,2.5807,1.0092,0.07491,1.5029,79.09
29,247,4.0692,1.1926,26.568,,0.9898,0.07617,1.4986,78.87
29,248,4.0623,1.4503,27.632,2.5198,1.1283,0.07722,1.505,79.21
29,249,4.0922,1.4646,26.987,2.5344,1.0978,0.07486,1.5157,79.77
29,250,4.109,1.4982,26.498,2.5258,1.1038,0.07538,1.5007,78.98
30,1,4.1528,1.4667,24.224,1.9947,1.4421,0.0445,1.9802,99.12
30,2,4.1253,1.1821,25.031,1.9612,1.4791,0.04224,2.0058,100.4
30,3,4.1752,1.6937,24.845,1.9794,1.398,0.04636,1.9901,99.62
30,4,4.1601,1.6428,22.814,2.0366,,0.04312,1.9858,99.4
30,5,4.1525,1.4923,23.496,1.8948,1.4723,0.04718,1.9977,100.0
30,6,,1.4389,24.428,2.0416,1.4869,0.04579,1.9764,98.93
30,7,4.2191,1.378,24.5,2.1414,1.4781,0.04596,1.9779,99.01
30,8,4.1671,1.2737,23.625,2.1648,1.514,0.04611,1.9837,99.3
30,9,4.1723,1.5049,23.769,2.0966,1.4573,0.04545,1.9829,99.26
30,10,4.1706,1.5693,24.722,2.0653,1.4649,0.04356,1.9813,99.18
30,11,4.1903,1.5725,23.427,2.0973,1.4865,0.04819,1.9629,98.25
30,12,4.189,1.4189,24.641,2.0104,1.5926,0.04399,1.9864,99.43
30,13,4.1742,1.4523,23.717,2.1581,1.5037,0.04626,1.97,98.61
30,14,4.1707,1.5903,23.204,2.0002,1.512,,1.9777,99.0
30,15,4.1556,1.5833,24.083,2.13,1.514,0.04674,1.9784,99.03
30,16,4.1643,,24.326,1.915,1.4376,0.04873,1.9528,97.75
30,17,4.132,1.5725,23.378,2.0616,1.5068,0.04509,1.9631,98.27
30,18,4.1783,1.5582,25.148,2.1393,1.508,0.04584,1.9649,98.36
30,19,4.1644,1.5598,23.271,2.125,1.4785,0.04692,1.942,97.21
30,20,4.1726,1.556,24.904,2.2634,1.4691,0.04611,1.9488,97.55
30,21,4.1354,1.4123,24.698,2.0711,1.4743,0.04606,1.9305,96.63
30,22,4.1919,1.455,24.558,2.0685,1.396,0.04875,1.9468,97.45
30,23,4.1845,1.6181,24.219,2.0865,1.4413,0.04845,1.9439,97.3
30,24,4.1723,1.4171,23.366,2.045,1.4731,0.04779,1.9369,96.95
30,25,4.1853,1.6787,24.119,2.0368,1.4967,0.04803,1.9315,96.68
30,26,4.1937,1.4724,24.597,2.1133,1.6104,0.04785,1.9314,96.68
30,27,4.1616,1.5581,24.237,2.1525,1.4441,0.04925,1.9378,97.0
30,28,4.1475,1.2784,24.363,2.0693,1.5527,0.04742,1.9216,96.19
30,29,4.1956,1.4748,23.728,2.1006,1.5025,0.05305,1.9351,96.86
30,30,4.1669,1.432,23.989,2.2151,1.3993,0.04539,1.9127,95.74
30,31,4.1755,,23.772,,,0.04956,1.9216,96.19
30,32,4.2003,1.543,24.313,2.1024,1.3393,0.04859,1.9146,95.84
30,33,4.1664,1.4821,25.517,2.1019,1.3922,0.04563,1.9132,95.77
30,34,4.1385,1.3493,23.978,2.1886,1.4786,0.04652,1.9087,95.54
30,35,4.1748,1.5754,25.793,2.0518,1.3867,0.04787,1.91,95.61
30,36,4.0958,1.478,22.98,2.1236,1.5333,0.05112,1.9101,95.61
30,37,4.1529,1.3988,,1.995,1.4021,0.04805,1.8948,94.85
30,38,4.2044,1.3178,23.282,2.2249,1.4172,0.04921,1.8927,94.74
30,39,4.1624,1.4544,23.826,2.0467,1.4236,0.04849,1.8945,94.83
30,40,4.1785,1.4453,24.326,2.2331,1.4391,0.04872,1.8932,94.77
30,41,4.1582,1.6007,24.141,2.1326,1.3857,0.0491,1.8856,94.39
30,42,4.1664,1.5163,25.655,2.14,1.3752,0.05281,1.8816,94.19
30,43,4.1637,1.4968,24.58,2.0823,1.4083,0.04958,1.8917,94.69
30,44,4.1863,1.614,25.017,2.0326,1.3886,0.04649,1.8891,94.56
30,45,4.155,1.4805,23.911,2.2133,1.4152,0.05003,1.8923,94.72
30,46,4.1626,1.4822,25.484,2.2155,1.4106,0.04882,1.8821,94.21
30,47,4.1422,1.6698,25.968,2.1855,1.3464,0.04957,1.8812,94.16
30,48,4.1356,,24.661,2.1764,1.4656,0.05058,1.8744,93.83
30,49,4.124,,24.22,2.1345,1.3708,0.04967,1.8711,93.66
30,50,4.1544,1.6868,23.876,2.2233,1.375,0.05075,1.8767,93.94
30,51,4.181,1.6275,25.548,2.1381,1.4878,0.05222,1.8724,93.73
30,52,4.1564,1.4572,24.29,2.1951,1.4037,0.04981,1.8424,92.22
30,53,4.123,1.3408,23.544,2.1821,1.4155,0.04966,1.8756,93.89
30,54,4.1546,1.3751,25.105,2.2531,1.3812,0.05209,1.8563,92.92
30,55,4.1884,1.7364,24.626,2.1626,,0.05221,1.8594,93.07
30,56,4.1086,1.432,24.821,2.1399,1.3327,0.05048,1.8487,92.54
30,57,4.1251,1.466,24.199,2.2808,1.3164,0.05019,1.8682,93.51
30,58,4.1571,1.6387,25.646,2.1247,1.3996,0.05154,1.8515,92.68
30,59,4.1779,1.5348,25.995,2.198,1.4271,0.04658,1.8448,92.34
30,60,4.1629,1.5676,26.01,2.2084,1.3197,0.05321,1.8467,92.44
30,61,4.1365,1.4559,25.283,2.1731,1.4351,0.05263,1.8502,92.61
30,62,4.1529,1.4583,25.165,2.2031,1.3242,0.05278,1.8235,91.28
30,63,4.1621,1.6236,24.066,2.1682,1.2646,,1.8428,92.24
30,64,4.1484,1.4942,25.145,2.2439,1.3597,0.0535,1.837,91.95
30,65,4.0958,1.4248,25.038,2.2573,1.441,0.05035,1.8369,91.95
30,66,4.1761,1.5594,23.247,2.1527,1.378,0.05245,1.8392,92.06
30,67,4.1433,1.3984,25.155,2.2183,1.3891,0.0523,1.8113,90.67
30,68,4.1473,1.6198,24.533,2.1443,1.4144,0.0548,1.8263,91.42
30,69,4.1884,1.761,26.126,2.1466,1.407,0.0535,1.8274,91.47
30,70,4.13,1.5428,25.545,2.2771,1.3947,0.05455,1.8167,90.93
30,71,4.1535,1.3313,25.102,2.222,1.4556,0.05344,1.817,90.95
30,72,4.1357,1.7144,26.281,2.2649,1.3643,0.0532,1.8257,91.39
30,73,4.1228,1.5671,,2.2233,1.3641,0.05161,1.8107,90.64
30,74,4.1491,1.6146,24.093,2.1554,1.3375,0.05437,1.8196,91.08
30,75,,1.6354,24.478,2.381,1.3481,0.05658,1.8078,90.49
30,76,4.1614,1.6254,23.859,2.3112,1.3109,0.05342,1.8039,90.29
30,77,4.1312,1.4491,23.908,,1.353,0.05396,1.7988,90.04
30,78,4.1891,1.3245,26.024,2.2081,1.2816,0.05519,1.8093,90.57
30,79,4.166,1.5293,25.269,2.1863,1.2931,0.05596,1.7977,89.99
30,80,4.1541,1.6903,25.061,,1.3401,0.05387,1.792,89.7
30,81,4.1426,1.4924,24.266,2.0956,1.2537,0.05829,1.7812,89.16
30,82,4.1072,1.44,24.92,2.2454,1.3274,0.05888,1.7915,89.68
30,83,4.1522,1.4685,25.264,2.1391,,0.0553,1.8053,90.36
30,84,4.1276,1.5814,23.774,2.1699,1.3089,0.05703,1.7766,88.93
30,85,4.1512,1.1335,23.687,2.433,1.3451,0.04999,1.7975,89.97
30,86,4.1079,1.5817,24.213,2.3569,1.266,0.05415,1.8003,90.11
30,87,4.127,1.5714,25.794,2.2385,1.2762,0.05387,1.7872,89.46
30,88,4.1551,1.6106,25.353,2.2732,1.2468,0.05616,1.7733,88.76
30,89,4.1523,1.6036,24.351,2.2263,1.3919,0.05629,1.7733,88.77
30,90,4.1091,1.5786,24.062,2.2242,1.2986,0.05659,1.7706,88.63
30,91,4.1308,1.4044,24.778,2.2503,1.3027,0.05529,1.7641,88.3
30,92,4.1636,1.6032,24.193,2.2849,1.3883,0.05745,1.7678,88.49
30,93,4.1448,1.68,24.973,2.4169,1.2028,0.05645,1.7447,87.33
30,94,4.142,1.5326,24.335,2.208,1.3461,0.05205,1.7673,88.46
30,95,4.1344,1.5805,25.914,2.4682,1.3858,0.054,1.7663,88.41
30,96,4.069,1.4612,25.244,,1.331,0.05618,1.7739,88.79
30,97,4.1243,1.5007,26.582,2.3062,1.3044,0.05758,1.7644,88.32
30,98,4.1013,1.3842,24.577,2.2628,1.3608,0.05523,1.7666,88.43
30,99,4.1027,,24.546,2.1242,1.2756,0.05478,1.7417,87.18
30,100,4.1775,1.3238,25.8,2.3555,1.3519,0.05768,1.7454,87.37
30,101,4.1504,1.6484,25.485,,1.3634,0.06234,1.7548,87.84
30,102,4.1347,1.5287,24.083,2.2088,1.3146,0.05705,1.7391,87.05
30,103,4.1343,1.5015,24.625,2.2875,1.3147,0.0556,1.7395,87.07
30,104,4.1176,1.594,25.326,2.2868,1.3061,0.05737,1.7402,87.11
30,105,4.1538,1.5302,25.38,2.2441,1.2042,0.05767,1.7371,86.95
30,106,4.1182,1.412,24.592,2.2293,1.3136,0.05839,1.7219,86.19
30,107,4.1621,1.8831,26.15,2.324,1.3047,,1.7304,86.62
30,108,4.0638,1.2625,24.511,2.355,1.2974,0.05718,1.7141,85.8
30,109,4.1398,1.3537,25.508,2.3232,1.393,0.05792,1.7292,86.56
30,110,4.1204,1.7957,25.199,2.313,1.3031,0.06118,1.7358,86.88
30,111,4.104,1.4763,27.005,2.2827,1.3267,0.05618,1.7306,86.63
30,112,4.1119,1.6279,26.088,2.3535,1.2259,0.05954,1.7153,85.86
30,113,4.068,1.5725,26.477,2.3761,1.2771,0.06022,1.715,85.85
30,114,4.1097,,25.221,2.2694,1.2826,0.05784,1.7168,85.94
30,115,4.1016,1.7001,24.164,2.281,1.2653,0.05853,1.7117,85.68
30,116,4.09,1.5462,25.284,2.3118,1.1885,0.06235,1.7008,85.14
30,117,4.0513,1.5402,25.075,2.2222,1.3325,0.0609,1.7045,85.32
30,118,4.1288,1.5783,24.248,2.3034,1.3319,0.06124,1.7054,85.37
30,119,4.1311,1.3831,25.413,2.2499,1.2213,0.06,1.6918,84.69
30,120,4.1061,1.5602,24.327,2.2775,1.1868,0.05669,1.692,84.7
30,121,,1.4321,26.051,2.3943,1.2788,0.06156,1.7048,85.33
30,122,4.1265,1.5192,25.746,2.3586,1.1867,0.05786,1.6885,84.52
30,123,4.1004,1.546,25.705,2.3063,1.2383,0.06246,1.6867,84.43
30,124,4.1204,1.5266,26.115,2.3171,1.2149,0.06341,1.6898,84.59
30,125,4.0949,1.3008,25.812,2.3836,1.2794,0.06123,1.6894,84.56
30,126,4.1234,1.3171,24.733,2.3556,1.2846,0.05973,1.6884,84.51
30,127,4.1272,1.4779,25.434,2.3189,1.2117,0.06184,1.6764,83.92
30,128,4.1346,1.5268,26.802,2.3453,1.2699,0.0611,1.6771,83.95
30,129,4.1208,1.539,25.679,2.195,1.2576,0.06251,1.6927,84.73
30,130,4.1593,1.6138,26.098,2.3696,1.2655,0.06004,1.6777,83.98
30,131,4.0615,1.7111,25.667,2.2562,1.2255,0.06423,1.6701,83.6
30,132,4.127,1.7701,26.577,2.3034,1.1574,0.06212,1.6693,83.56
30,133,4.1366,1.5142,25.94,2.3771,,0.06122,1.6609,83.14
30,134,4.1269,1.5806,25.826,2.286,1.1819,0.0579,1.6638,83.28
30,135,4.1324,1.4792,26.26,2.3199,1.2325,0.05832,1.6625,83.22
30,136,4.1418,1.6881,25.705,2.3813,1.3042,0.05945,1.6555,82.87
30,137,4.1231,1.6496,25.155,2.3496,1.2204,0.06229,1.6592,83.05
30,138,4.1548,1.6683,25.066,2.3036,,0.06277,1.664,83.29
30,139,4.0945,1.052,23.855,2.3169,1.2136,0.0625,1.6498,82.58
30,140,4.1735,,24.033,2.2808,1.3121,0.06183,1.6543,82.81
30,141,4.1025,1.461,24.274,2.3184,1.2279,0.06366,1.6551,82.85
30,142,4.1658,1.5028,25.901,2.3398,1.1896,0.06286,1.6491,82.55
30,143,4.1572,1.4267,25.356,2.2688,1.2373,0.0595,1.64,82.09
30,144,4.086,1.4036,25.0,2.389,1.2144,0.06203,1.6398,82.08
30,145,4.0982,,24.604,2.3297,1.2161,0.06352,1.6419,82.19
30,146,4.1397,1.5653,24.704,2.1966,1.1646,0.0628,1.6339,81.79
30,147,4.1112,1.5365,26.864,2.3519,1.2318,0.06583,1.6356,81.87
30,148,,1.2151,24.773,2.3213,1.1255,0.06243,1.6158,80.88
30,149,4.1315,1.6073,26.056,2.4226,1.2417,0.06223,1.6274,81.46
30,150,4.0966,1.3754,25.993,2.2674,1.1986,0.0584,1.6264,81.41
30,151,4.0939,1.5908,25.743,2.3518,1.2085,0.0619,1.6236,81.27
30,152,4.0974,1.5078,25.388,2.389,1.114,0.06024,1.6161,80.9
30,153,4.1003,1.4012,25.697,2.4081,1.2385,0.06186,1.6334,81.76
30,154,4.1024,1.5605,25.957,2.311,1.1733,0.06295,1.6118,80.68
30,155,4.1058,1.9203,26.149,2.2655,1.2192,0.06569,1.6254,81.36
30,156,4.1147,1.4778,25.617,2.2297,,0.06296,1.6149,80.84
30,157,4.096,1.5171,26.904,2.451,1.239,0.0601,1.6179,80.99
30,158,4.1264,1.4399,25.883,2.3872,1.2021,0.06185,1.5961,79.9
30,159,4.0953,1.5946,25.856,2.4902,1.2653,0.06834,1.6122,80.7
30,160,4.1046,1.4599,24.964,2.3925,1.1937,0.06411,1.6148,80.83
30,161,4.1166,1.4783,25.52,,1.1807,0.06147,1.5926,79.72
30,162,4.1204,1.5186,24.412,2.4245,1.1803,0.06232,1.5905,79.62
30,163,4.1108,1.2594,26.004,2.4437,1.2257,0.06687,1.5891,79.54
30,164,4.132,1.5573,25.368,2.4146,1.2008,0.06776,1.5858,79.38
30,165,4.0885,1.5656,,2.4022,1.1665,0.06831,1.5993,80.05
30,166,4.147,1.3539,25.512,2.4364,1.1229,0.06345,1.5823,79.21
30,167,4.0616,1.6576,27.376,2.483,1.1926,0.06418,1.5892,79.55
30,168,4.1116,1.5408,25.761,2.4895,1.16,0.06803,1.5797,79.07
30,169,4.1049,1.5875,26.537,2.3874,1.1997,0.06666,1.581,79.14
30,170,4.1053,1.4318,25.416,2.539,1.0793,,1.5911,79.64
30,171,4.0877,,26.786,2.3682,1.2427,0.06331,1.5757,78.87
30,172,4.1419,1.3691,26.184,,1.0338,0.06496,1.5672,78.45
30,173,4.0954,1.5331,26.266,2.4223,1.1256,0.06729,1.5783,79.0
30,174,4.073,1.4702,24.922,2.419,1.1869,0.0663,1.5704,78.61
30,175,4.1046,1.6177,26.139,2.4501,1.0968,0.06321,1.5704,78.61
30,176,4.1179,1.4932,26.614,2.429,1.0557,0.07077,1.5643,78.3
30,177,4.0767,1.6645,26.337,2.3674,,0.06448,1.5512,77.65
30,178,4.1196,1.4669,25.242,2.3695,1.1444,0.06486,1.5525,77.71
30,179,4.1082,1.4692,25.423,2.375,1.221,0.07083,1.5541,77.79
30,180,4.1171,1.4142,25.585,2.4455,1.0322,0.06815,1.5546,77.82
30,181,4.0716,1.5737,27.414,2.4023,1.1616,0.06763,1.5473,77.45
30,182,4.0732,1.5541,26.396,2.2587,1.1899,0.06383,1.5514,77.66
30,183,4.1356,1.4982,25.357,2.4581,1.2149,0.06474,1.5482,77.49
30,184,4.1268,1.6301,26.672,2.3206,1.1669,0.06915,1.5259,76.38
30,185,4.0897,1.5468,24.554,2.4851,1.1931,0.06801,1.5597,78.07
30,186,4.0768,1.5017,26.091,2.4958,1.1978,0.06796,1.5496,77.57
30,187,4.1096,1.4877,,2.4055,1.159,0.06625,1.5399,77.08
30,188,4.0929,1.7762,26.486,2.4903,1.1058,0.06695,1.543,77.23
30,189,4.1037,1.4388,,2.4423,1.1529,0.06761,1.5327,76.72
30,190,4.0613,1.5885,27.061,2.4967,1.1383,0.06659,1.5292,76.55
30,191,4.0979,1.5264,25.648,2.3403,1.1007,0.06737,1.5258,76.37
30,192,4.0834,1.4986,26.392,2.5368,1.1198,0.06494,1.5285,76.51
30,193,4.1383,1.701,27.309,2.4877,1.1595,0.06768,1.5182,75.99
30,194,4.1154,1.6304,26.006,2.4269,1.0936,0.07027,1.5282,76.5
30,195,4.1021,1.5983,25.328,2.5018,1.0954,0.0675,1.5214,76.15
30,196,4.0938,1.5214,25.265,2.3445,1.1077,0.07015,1.5099,75.58
30,197,4.1164,1.5058,26.088,2.4459,1.1598,0.07187,1.52,76.09
30,198,4.0843,1.5334,26.204,2.4207,1.1086,0.06718,1.5083,75.5
30,199,4.1273,1.4958,27.713,2.4502,1.081,0.07025,1.5154,75.85
30,200,4.1056,1.5605,26.15,2.4294,1.0663,0.07106,1.4999,75.08
30,201,4.0973,1.5288,26.277,2.4811,1.1353,0.0694,1.5031,75.24
30,202,4.0619,1.4579,26.129,2.4645,1.021,0.07048,1.5011,75.14
30,203,4.0741,1.4205,25.791,2.3857,1.0903,0.069,1.5028,75.23
30,204,4.1001,1.6803,26.754,2.412,1.1938,0.06884,1.5053,75.35
30,205,4.0933,1.34,26.2,2.4422,1.1252,0.07151,1.4832,74.24
30,206,4.0774,1.6219,26.005,2.4756,1.1271,0.06814,1.4907,74.62
30,207,4.0894,1.6907,25.745,2.4648,1.1658,0.07178,1.4885,74.51
30,208,4.0846,1.5863,26.984,2.5584,1.1529,,1.4864,74.4
30,209,4.0724,1.309,27.329,2.3891,1.0763,0.06834,1.4735,73.76
30,210,4.115,1.4623,28.0,2.5652,1.0892,0.06601,1.4713,73.65
30,211,4.1422,1.583,26.498,2.4452,1.1348,0.07106,1.4789,74.03
30,212,4.113,1.6617,27.088,2.3882,1.041,0.06921,1.4816,74.16
30,213,4.1216,1.7783,27.203,,1.0118,0.06971,1.4767,73.92
30,214,4.0678,1.6017,26.329,2.3745,1.1264,0.07309,1.4702,73.59
30,215,4.079,1.4243,25.819,2.5538,1.047,0.07483,1.4746,73.81
30,216,4.0913,1.8581,28.042,2.4652,1.0329,0.07007,1.4776,73.96
30,217,4.0634,1.3976,26.669,2.5472,1.1725,0.07119,1.4669,73.43
30,218,4.0356,1.6357,25.972,2.5137,1.0773,0.07068,1.4702,73.59
30,219,4.0625,1.4183,26.055,2.57,1.0549,0.06993,1.4512,72.64
30,220,,1.7769,27.781,2.3801,1.116,0.07277,1.4659,73.38
30,221,4.0756,1.6647,26.566,2.5181,1.0236,0.06877,1.4717,73.67
30,222,4.0802,1.3796,27.171,2.3392,1.032,0.06832,1.4631,73.24
30,223,4.0688,1.5429,26.971,2.5536,1.1062,0.07336,1.4634,73.25
30,224,4.1005,1.455,26.312,2.4161,1.1498,0.06989,1.4494,72.55
30,225,4.0922,1.5577,27.063,2.445,1.1484,0.07128,1.4605,73.1
30,226,4.0647,1.3621,28.133,2.4751,1.0884,0.06606,1.455,72.83
30,227,4.093,1.5512,26.707,2.5015,1.1043,0.06965,1.444,72.28
30,228,4.1133,1.3563,26.478,2.4502,1.0736,0.07243,1.4404,72.1
30,229,4.0776,1.5422,26.311,2.494,1.0225,0.06792,1.4324,71.7
30,230,4.1064,1.3245,27.516,2.5436,1.0024,0.07218,1.445,72.33
30,231,4.0991,1.4245,28.38,2.5923,0.9905,0.076,1.4297,71.56
30,232,4.0718,1.6159,27.663,2.4782,1.095,0.07197,1.4389,72.02
30,233,4.0717,1.4141,27.197,2.503,1.0593,0.07378,1.4372,71.94
30,234,4.0638,1.4333,28.045,2.5274,1.024,0.0738,1.4402,72.09
30,235,4.0676,1.8441,26.442,2.4444,1.1063,0.07244,1.4234,71.25
30,236,4.0898,1.3254,27.535,2.4985,,0.07173,1.4264,71.4
30,237,4.117,1.4768,26.664,2.5144,1.1218,0.0738,1.434,71.78
30,238,4.0693,1.5924,27.397,2.5002,1.1301,0.07315,1.4235,71.25
30,239,4.0409,1.6179,27.861,2.5536,1.0945,0.07227,1.4252,71.34
30,240,4.034,1.5538,26.31,2.536,1.1065,0.07728,1.4184,71.0
30,241,4.1027,1.704,27.397,2.6251,1.0107,0.07289,1.4021,70.18
30,242,4.0889,1.5246,26.361,2.5049,1.0314,0.07234,1.4059,70.38
30,243,4.1005,1.6533,29.429,2.5707,1.1171,0.07453,1.4131,70.73
30,244,4.0732,,26.897,2.4839,0.9792,0.07655,1.4032,70.24
30,245,4.1142,1.4896,26.539,2.4811,1.0817,0.07262,1.4098,70.57
30,246,4.0771,1.3493,27.393,2.6133,1.0388,0.07435,1.4006,70.11
30,247,4.1039,1.5434,27.0,2.5136,0.8831,0.07683,1.3983,69.99
30,248,4.0465,1.7904,27.676,2.5444,1.0722,0.0755,1.3962,69.89
30,249,4.0527,1.6209,,2.5223,0.9255,0.07678,1.3968,69.92
30,250,4.0886,1.543,27.822,2.5212,1.0097,0.07291,1.3967,69.91
31,1,4.1904,1.4715,24.636,2.1453,1.5657,0.04167,2.0598,100.09
31,2,4.183,1.6494,23.764,1.9856,1.5562,0.0452,2.0559,99.9
31,3,4.1721,1.3311,23.969,2.0325,1.5372,0.04495,2.0472,99.48
31,4,4.1668,1.47,23.108,2.1142,1.508,0.0415,2.0496,99.59
31,5,4.2037,1.4956,24.039,2.0555,1.5285,0.04866,2.0337,98.82
31,6,4.185,1.4323,22.757,2.0846,1.5347,0.04792,2.0471,99.47
31,7,4.1479,1.4274,24.531,2.0572,1.5801,0.04545,2.0543,99.82
31,8,4.1778,1.6965,22.406,2.0882,1.5077,0.04177,2.0538,99.8
31,9,4.145,1.439,24.279,2.0554,1.5174,0.04639,2.0348,98.87
31,10,4.182,1.515,24.475,2.0613,1.4241,0.04758,2.0508,99.66
31,11,4.2139,1.5844,24.018,2.0816,1.588,0.04587,2.0395,99.1
31,12,4.2298,1.3796,22.742,2.0891,1.5111,0.04736,2.0167,98.0
31,13,4.1701,1.4843,23.679,2.0786,1.5206,0.04837,2.0304,98.66
31,14,4.1425,1.6083,23.875,2.0148,1.3947,0.04949,2.0134,97.83
31,15,4.1869,1.5547,24.416,2.0736,1.4845,0.04485,2.0199,98.15
31,16,4.2289,1.507,23.85,2.0307,1.5335,0.04721,2.0007,97.22
31,17,4.1648,1.5399,23.943,2.129,1.5873,0.0462,2.0051,97.43
31,18,4.1512,1.4843,22.629,2.1477,1.4137,0.04555,2.0068,97.52
31,19,4.2059,1.4003,23.959,2.1011,1.4457,0.04704,2.0069,97.52
31,20,4.1578,,25.073,2.0603,1.4226,0.04698,1.9907,96.73
31,21,4.1656,1.4539,23.839,2.0804,1.4983,0.04544,1.9889,96.64
31,22,4.1982,1.7673,,2.1774,1.524,0.04802,2.0054,97.45
31,23,4.192,1.5322,25.745,2.1373,1.5207,0.0466,1.9852,96.46
31,24,4.1211,1.5701,25.346,2.1773,1.4517,0.04425,1.994,96.89
31,25,4.1668,1.5528,22.74,2.0902,1.4136,0.05089,1.9849,96.45
31,26,4.1936,1.4848,22.656,2.2007,1.5266,0.05062,1.9677,95.62
31,27,4.1511,1.5119,24.775,2.0676,1.42,0.04923,1.9843,96.42
31,28,4.1905,1.687,25.245,2.033,1.4604,0.04913,1.9823,96.32
31,29,4.1884,1.4974,23.953,2.1643,1.4794,0.04904,1.9844,96.43
31,30,4.219,1.5344,24.332,2.122,1.4483,0.04602,1.9694,95.7
31,31,4.1298,,23.118,1.9791,1.4858,0.04651,1.9746,95.95
31,32,4.1698,1.5224,23.909,2.1024,1.4207,0.05073,1.9729,95.87
31,33,4.1589,1.5943,24.012,2.0057,1.3962,0.05107,1.9628,95.38
31,34,4.172,1.5406,25.887,1.9902,1.4422,0.04914,1.9645,95.46
31,35,4.1842,1.6042,24.372,2.0155,1.5717,0.04919,1.9608,95.28
31,36,4.1954,1.4582,25.415,,1.5359,0.05023,1.9589,95.19
31,37,4.2179,1.5778,24.05,2.0372,1.4755,0.05221,1.95,94.75
31,38,4.1712,1.6927,25.166,2.0834,1.4104,0.05067,1.9557,95.03
31,39,4.1896,1.5501,25.072,2.1457,1.4875,0.05117,1.9538,94.94
31,40,4.1573,1.5449,,,1.4461,0.04695,1.9449,94.51
31,41,4.1556,1.5928,24.023,2.1694,1.3929,0.05024,1.9347,94.01
31,42,4.1325,1.5538,25.861,,1.4368,0.05055,1.9447,94.5
31,43,4.1613,1.5001,23.262,2.1606,1.3764,0.05091,1.9393,94.24
31,44,4.1704,1.4006,24.661,2.1222,1.4001,,1.9414,94.34
31,45,4.1721,1.6898,25.074,2.1015,1.3962,0.04761,1.9258,93.58
31,46,4.1626,1.4768,25.663,2.1375,1.3466,0.05355,1.931,93.83
31,47,4.1725,1.5885,24.64,2.2013,1.425,0.05001,1.9182,93.21
31,48,4.1162,1.8428,25.61,2.2235,1.5429,0.05013,1.9083,92.73
31,49,4.1179,1.4784,24.348,2.1256,1.4725,0.05241,1.9211,93.35
31,50,4.1282,1.5168,24.934,2.2623,1.4263,0.05077,1.9268,93.63
31,51,4.1518,1.5699,25.087,2.121,,0.05106,1.9254,93.56
31,52,4.1191,1.5944,25.194,2.108,1.3686,0.05222,1.9101,92.81
31,53,4.1817,,24.575,2.1779,1.4072,0.04991,1.9248,93.53
31,54,4.134,1.4187,24.194,2.1359,1.4066,0.04735,1.9095,92.79
31,55,4.1945,1.5072,25.118,2.1842,1.3979,0.04983,1.8978,92.22
31,56,4.2038,1.4444,25.983,2.1361,1.3863,0.05187,1.898,92.23
31,57,4.1309,1.5068,23.514,2.1846,1.4123,0.0533,1.8983,92.24
31,58,4.1724,1.5604,24.87,,1.4218,0.05103,1.8929,91.98
31,59,4.1662,1.7223,23.491,2.1475,1.3862,0.0483,1.9065,92.64
31,60,4.1437,1.2691,23.83,2.2519,1.4413,0.05078,1.8927,91.97
31,61,4.1741,1.2733,24.935,2.0616,1.4737,0.05364,1.8827,91.49
31,62,4.1426,1.5474,23.211,2.1719,1.411,0.0483,1.8711,90.92
31,63,4.1485,1.6195,24.712,2.1111,1.3334,0.05194,1.8891,91.8
31,64,4.1778,1.4761,23.491,2.1498,1.3107,0.05338,1.8789,91.3
31,65,4.1695,1.4734,24.188,2.1481,1.3821,0.05178,1.8823,91.46
31,66,4.1411,1.4976,24.188,2.1363,1.3235,0.05086,1.8878,91.73
31,67,4.1634,1.4694,24.242,2.256,1.344,0.04963,1.8871,91.7
31,68,4.1262,1.3562,23.769,2.21,1.3752,0.05119,1.8732,91.02
31,69,4.1283,1.3141,23.559,2.1885,1.3392,0.05349,1.8704,90.89
31,70,4.1327,1.8305,25.458,2.1781,1.3111,,1.8728,91.01
31,71,4.167,1.4392,25.125,2.1944,1.4213,0.05563,1.8592,90.34
31,72,4.1667,1.6456,25.469,2.2102,1.3924,0.05686,1.8611,90.44
31,73,4.1654,1.4298,25.992,2.2227,1.3521,0.05362,1.8567,90.22
31,74,4.1468,1.5363,24.774,2.1028,1.4553,0.05441,1.8513,89.96
31,75,4.145,1.6202,25.083,2.1811,1.3534,0.0565,1.8525,90.02
31,76,4.1449,1.4591,24.607,2.2667,,0.05546,1.8492,89.86
31,77,4.1507,1.4888,23.725,2.2434,1.283,0.05457,1.8505,89.92
31,78,4.1641,1.4042,24.065,2.2382,1.3506,0.05033,1.8425,89.53
31,79,4.1896,1.5777,24.093,2.2364,1.4061,0.05103,1.8394,89.38
31,80,4.1765,1.3291,24.531,2.1976,1.3335,0.05735,1.8344,89.14
31,81,4.136,1.3901,25.858,2.2579,1.3551,0.05603,1.8438,89.59
31,82,4.1212,1.441,24.918,2.098,1.3354,0.05326,1.8365,89.24
31,83,4.1145,1.564,25.251,2.2103,1.3728,0.05614,1.8299,88.92
31,84,4.1431,1.4312,24.373,2.3136,1.3363,0.05506,1.824,88.63
31,85,4.151,1.4475,24.599,,1.2704,0.05557,1.8225,88.56
31,86,4.0911,1.5032,24.112,2.1434,1.4708,0.0564,1.8139,88.14
31,87,4.1395,1.3698,24.755,2.2031,1.2461,0.05902,1.8223,88.55
31,88,4.1196,1.528,23.987,2.1707,1.4155,0.05452,1.8143,88.16
31,89,4.1425,1.4925,24.628,2.3651,1.2998,0.05389,1.8122,88.06
31,90,4.1074,1.636,25.082,2.2384,1.3509,0.05512,1.8136,88.13
31,91,4.1553,1.5756,23.971,2.2115,1.3295,0.0594,1.8143,88.16
31,92,4.1226,1.6436,24.525,2.1968,1.4112,0.05677,1.793,87.12
31,93,4.1562,1.528,25.223,2.2898,1.2886,0.05963,1.8084,87.88
31,94,4.1633,1.5748,24.78,2.2688,1.332,0.05275,1.7946,87.2
31,95,4.106,1.5751,25.117,2.2941,1.2898,0.05381,1.7955,87.25
31,96,4.1873,1.8779,27.207,2.1519,1.2514,0.05439,1.7849,86.73
31,97,4.189,1.6231,25.464,2.1894,1.3084,0.05682,1.797,87.32
31,98,4.1234,1.5628,25.471,2.2529,1.3012,0.057,1.7952,87.23
31,99,4.1159,1.621,26.593,2.2599,1.3143,0.0584,1.7847,86.72
31,100,4.1635,1.5278,25.702,2.3556,1.3787,0.05669,1.7843,86.7
31,101,4.1079,1.491,25.868,2.3447,1.2779,0.05707,1.7888,86.92
31,102,4.1318,1.3694,25.468,2.1793,1.3677,0.05994,1.7775,86.37
31,103,4.1019,1.5116,24.834,2.2459,1.3119,0.0555,1.7697,85.99
31,104,4.1172,1.6279,24.69,2.2623,1.3333,0.05775,1.7854,86.76
31,105,4.1204,1.4669,24.68,2.2822,1.3958,0.05832,1.7674,85.88
31,106,4.1594,1.4618,23.783,2.2638,1.347,0.06174,1.7716,86.08
31,107,4.1593,1.5474,25.03,2.2042,1.2693,0.05899,1.7563,85.34
31,108,4.0633,1.5777,24.93,2.2385,1.3226,0.0618,1.7713,86.07
31,109,4.1286,1.3273,25.452,2.2295,1.3739,0.0588,1.7531,85.19
31,110,4.1236,1.5603,25.945,2.2025,1.2867,0.05819,1.7539,85.23
31,111,4.1627,1.3456,25.911,2.2961,,0.05993,1.7552,85.29
31,112,4.0843,1.1047,,2.2442,1.2985,0.05963,1.7478,84.93
31,113,4.0939,1.4713,25.147,2.383,1.3161,0.05525,1.7461,84.85
31,114,4.1461,1.5196,24.093,2.33,1.3043,0.05837,1.743,84.7
31,115,4.1536,1.2996,23.896,2.2393,1.298,0.05607,1.7365,84.38
31,116,4.1193,1.5586,25.241,2.2688,1.2463,0.0611,1.7359,84.35
31,117,4.1429,1.4242,24.903,2.3149,1.2531,0.05719,1.7429,84.69
31,118,4.0942,1.4926,26.121,2.2974,1.2272,0.06011,1.7373,84.42
31,119,4.1476,1.5789,25.245,2.2465,1.233,0.06446,1.7275,83.94
31,120,4.082,1.6503,26.33,2.3165,1.1698,0.06048,1.7114,83.16
31,121,4.1231,1.567,25.938,2.2568,1.3348,0.06115,1.7192,83.54
31,122,4.1131,1.4273,25.327,2.3357,1.1761,0.05567,1.7167,83.42
31,123,4.1585,1.547,26.794,2.2905,1.2248,0.05641,1.7151,83.34
31,124,4.1087,1.2276,24.488,2.251,1.266,0.0598,1.7125,83.22
31,125,4.0832,1.3825,26.1,2.2875,1.3081,0.05972,1.7191,83.53
31,126,4.1365,1.4521,24.921,2.2645,1.2595,0.06127,1.7154,83.36
31,127,4.1517,1.729,25.096,2.3791,1.2591,0.061,1.708,83.0
31,128,4.1529,1.5609,25.331,2.2846,1.1986,0.05922,1.7076,82.98
31,129,4.149,1.4425,24.601,2.3677,1.2814,0.05653,1.7158,83.37
31,130,4.1218,1.7237,25.968,2.2489,1.2716,0.05766,1.7265,83.89
31,131,4.0938,1.4951,25.765,2.3336,1.1797,0.05943,1.6998,82.6
31,132,4.1361,1.5441,24.697,2.4037,1.2696,0.06063,1.6824,81.75
31,133,4.1042,1.4252,26.445,2.3367,1.1955,0.06355,1.6918,82.21
31,134,4.0967,1.7572,25.041,2.2725,1.2469,0.06172,1.6922,82.23
31,135,4.064,1.5241,24.812,2.303,1.2028,0.05903,1.6843,81.85
31,136,4.103,1.4196,26.308,2.2665,,0.06125,1.6856,81.91
31,137,4.0904,1.5158,25.601,2.2822,1.2358,0.06198,1.6716,81.23
31,138,4.1346,1.6658,25.941,2.2463,1.2258,0.05902,1.6872,81.99
31,139,4.1518,,26.622,2.3972,1.2544,0.06273,1.6867,81.96
31,140,4.0821,1.5507,26.184,2.2474,1.3331,0.06399,1.6849,81.87
31,141,4.1268,1.4073,24.566,2.3295,1.2707,,1.6835,81.81
31,142,4.1083,1.4781,25.684,2.2676,1.3104,0.06154,1.6858,81.92
31,143,4.136,,25.855,2.3398,1.2786,0.06218,1.6715,81.22
31,144,4.0918,1.3416,27.08,2.4297,1.1129,0.06026,1.6441,79.89
31,145,4.1202,1.407,25.416,2.263,1.2435,0.05904,1.6533,80.34
31,146,4.1519,1.8197,26.621,2.438,1.274,0.06051,1.6818,81.72
31,147,4.1245,1.6603,25.951,2.3823,1.2038,0.06182,1.6562,80.48
31,148,4.1245,1.4631,24.704,2.3163,1.2301,0.0641,1.6448,79.92
31,149,4.1397,1.7012,25.8,2.4114,1.1836,0.06028,1.6525,80.3
31,150,4.0909,1.47,27.35,2.3242,1.1943,0.06331,1.6438,79.88
31,151,4.1157,1.6015,27.12,2.4368,,0.06267,1.6382,79.61
31,152,4.1218,1.5172,25.772,2.303,1.2446,0.06384,1.6449,79.93
31,153,4.1484,1.548,24.754,2.4183,1.174,0.06254,1.6376,79.57
31,154,4.1323,1.5162,26.362,2.2688,1.1519,0.06354,1.6396,79.67
31,155,4.1051,1.6128,25.353,2.3216,1.2093,0.05935,1.6327,79.34
31,156,4.1131,1.5346,25.482,2.4077,1.1979,0.06617,1.644,79.88
31,157,4.1109,1.5286,26.167,2.4549,1.1293,0.06105,1.6197,78.7
31,158,4.0616,1.8005,27.003,2.4026,1.2379,0.0665,1.6279,79.11
31,159,4.0994,1.5649,25.583,2.3182,1.1697,0.06484,1.6233,78.88
31,160,4.0762,1.5012,25.878,2.2913,1.2203,0.06399,1.6329,79.35
31,161,4.0955,1.5884,26.82,2.3986,1.2868,0.06655,1.6156,78.5
31,162,4.0895,1.66,25.521,2.4239,1.0709,0.06345,1.6249,78.96
31,163,4.0995,1.3398,25.787,2.4107,1.1539,0.06392,1.6068,78.08
31,164,4.105,1.6864,25.643,2.4157,1.2014,0.0615,1.6171,78.58
31,165,4.1036,1.4657,27.358,2.4627,1.1479,0.06607,1.6135,78.4
31,166,4.1089,1.3931,25.102,2.4189,1.211,0.06435,1.6162,78.54
31,167,4.1422,1.7028,27.436,2.3878,1.1183,0.0644,1.6182,78.63
31,168,4.0887,1.4795,25.067,2.4348,1.2611,0.06992,1.6042,77.95
31,169,4.0997,1.5209,27.142,2.4744,1.1665,0.06769,1.6046,77.97
31,170,4.0851,1.5069,27.411,2.4392,1.1511,0.06727,1.6013,77.81
31,171,4.0953,1.4361,25.086,2.2988,1.143,0.06516,1.6032,77.9
31,172,4.1232,1.5494,24.624,2.4168,1.0928,0.06739,1.605,77.99
31,173,4.1034,1.624,27.036,2.408,1.165,0.0631,1.5996,77.73
31,174,4.0768,1.4053,25.388,2.2868,1.2163,0.06632,1.587,77.12
31,175,4.1213,1.5861,26.839,2.4144,1.2342,0.06498,1.5966,77.58
31,176,,1.7684,25.929,2.4856,1.096,0.06632,1.5846,77.0
31,177,4.0748,1.4468,26.463,2.3903,1.1136,0.06804,1.5808,76.81
31,178,4.1082,1.6579,27.562,2.2753,1.1549,0.06301,1.5795,76.75
31,179,4.1032,1.6436,25.819,2.391,1.2199,0.06751,1.599,77.7
31,180,4.0781,1.5008,26.572,2.4551,1.1814,0.06395,1.588,77.17
31,181,4.1071,,25.274,2.4216,1.1134,0.06718,1.5645,76.02
31,182,4.0784,1.4356,27.129,2.4438,1.1646,0.06695,1.5688,76.23
31,183,4.0835,1.2394,,2.3862,1.1758,0.06575,1.5598,75.79
31,184,4.0907,1.5454,26.238,2.4661,1.2107,0.06511,1.5708,76.33
31,185,4.0753,1.5056,25.804,2.5159,1.0978,0.06864,1.576,76.58
31,186,4.1166,1.5049,25.938,2.3891,1.136,0.06661,1.5418,74.92
31,187,4.0762,1.6239,26.07,2.3847,1.1414,0.06842,1.545,75.07
31,188,4.1038,1.6733,26.503,2.4183,1.1859,0.06614,1.5596,75.78
31,189,4.0551,1.746,28.232,2.4248,1.176,0.06908,1.5486,75.25
31,190,4.1249,1.3767,25.984,2.3117,1.0867,0.06455,1.5508,75.36
31,191,4.0817,1.5724,25.847,,1.0937,0.0682,1.5321,74.45
31,192,4.0684,,25.775,2.3653,1.1684,0.06467,1.5395,74.81
31,193,4.0675,1.5386,,2.443,1.1078,0.06619,1.5516,75.4
31,194,4.0792,1.5861,26.971,2.4034,1.0893,0.06793,1.5264,74.17
31,195,4.0922,1.4772,26.02,2.4301,1.0063,0.06759,1.5368,74.68
31,196,4.1266,1.6706,26.629,2.3774,1.0996,0.067,1.5405,74.86
31,197,4.0678,1.4421,25.179,2.5085,1.1502,0.06854,1.5205,73.88
31,198,4.0985,1.4417,27.745,2.4071,1.0387,0.06908,1.5323,74.46
31,199,4.0829,1.6792,26.748,,1.0909,0.06918,1.5312,74.41
31,200,4.1203,1.6302,25.302,2.4474,1.0553,0.07192,1.5249,74.1
31,201,,1.4464,24.765,2.3851,1.1005,0.07026,1.5139,73.56
31,202,4.0558,1.5679,27.265,2.492,1.0966,0.06934,1.5235,74.03
31,203,4.1236,1.7346,27.233,2.4668,1.1102,0.06951,1.5179,73.76
31,204,4.0753,1.7668,26.135,2.5433,1.0001,,1.5158,73.66
31,205,4.0935,1.487,27.553,2.4536,1.0552,0.06767,1.509,73.33
31,206,4.1054,1.6396,25.678,2.4223,1.0512,,1.5054,73.15
31,207,4.0911,1.5971,27.198,2.436,1.0419,0.06867,1.5144,73.59
31,208,4.1015,1.5407,27.304,2.4821,1.087,0.06682,1.5108,73.41
31,209,4.0835,1.4772,26.398,2.5649,1.1524,0.06936,1.5119,73.47
31,210,4.1162,1.5732,26.704,2.3523,1.1612,0.06814,1.503,73.03
31,211,4.0399,1.429,26.836,2.5513,1.1084,0.07379,1.4818,72.0
31,212,4.0788,1.3078,25.853,2.36,1.0258,0.0717,1.491,72.45
31,213,4.0444,1.321,26.962,2.5839,1.0841,0.07245,1.4783,71.83
31,214,4.1144,1.4462,27.038,2.4856,0.9913,0.06891,1.48,71.92
31,215,4.037,1.5678,25.528,2.5206,1.0204,0.07169,1.4882,72.31
31,216,4.0786,1.5228,27.808,2.4427,1.0613,0.0722,1.4909,72.44
31,217,4.0763,1.3867,27.247,2.4178,1.1991,0.06865,1.4852,72.17
31,218,4.0904,1.5986,25.955,2.5969,1.096,0.07066,1.4705,71.46
31,219,4.1117,1.726,27.053,2.4198,1.0183,0.06845,1.48,71.92
31,220,4.0819,1.5587,27.612,2.3747,1.0762,0.07232,1.4693,71.39
31,221,4.0919,1.8608,27.704,2.5213,1.056,0.07199,1.4495,70.43
31,222,4.0714,1.6765,27.247,2.599,1.1326,0.07202,1.4817,72.0
31,223,4.0718,1.6507,26.385,2.5114,1.0631,0.06908,1.468,71.33
31,224,4.0411,1.4798,27.197,2.5167,1.0787,0.07015,1.4663,71.25
31,225,4.0566,1.6185,27.881,2.4161,1.0508,0.071,1.4704,71.45
31,226,4.0547,1.3941,26.542,2.477,1.06,0.07391,1.4618,71.03
31,227,4.075,1.4631,26.699,2.479,1.0018,0.07303,1.4442,70.18
31,228,4.0749,1.4471,26.089,,1.0256,0.07496,1.4768,71.76
31,229,4.0818,,27.495,2.5598,1.0702,0.07479,1.4391,69.93
31,230,4.0604,1.4861,27.93,2.5478,1.0906,0.07224,1.4418,70.06
31,231,4.0372,1.4856,26.581,2.492,1.0429,0.07381,1.4538,70.64
31,232,4.1054,1.2844,27.716,2.4839,1.1214,0.072,1.4467,70.3
31,233,4.0482,1.389,27.128,2.365,0.9932,0.07449,1.4453,70.23
31,234,4.0526,1.7178,28.569,2.5276,1.1139,0.07611,1.4366,69.81
31,235,4.0614,1.5459,25.711,2.5633,1.0327,0.07331,1.4373,69.84
31,236,4.0526,1.5311,25.782,2.5023,0.9917,0.07157,1.4353,69.74
31,237,4.0626,1.5938,27.099,2.6002,0.9923,0.07248,1.4144,68.73
31,238,4.0707,1.5579,28.617,2.5194,1.0214,0.07157,1.4374,69.85
31,239,4.098,1.6047,28.14,2.5593,0.9287,0.07494,1.4253,69.26
31,240,4.072,1.6822,26.879,2.5742,0.986,0.07076,1.426,69.29
31,241,4.0637,1.6019,26.136,2.6324,,0.07374,1.4179,68.9
31,242,4.0786,1.5904,28.822,2.5074,1.0513,0.07387,1.4203,69.02
31,243,4.0819,1.5628,25.796,2.5176,0.9873,0.07327,1.4257,69.28
31,244,4.0572,1.4873,26.598,2.5307,0.9834,0.07435,1.4088,68.45
31,245,4.0548,1.5307,,2.6999,1.0539,0.07504,1.4057,68.31
31,246,4.0716,1.3917,27.214,2.4511,0.9632,0.0731,1.4063,68.34
31,247,4.0413,1.5771,25.406,2.5541,1.1164,0.07564,1.4201,69.01
31,248,4.0695,1.4815,27.935,2.5515,0.9471,0.07449,1.389,67.5
31,249,4.0139,1.5164,,2.5813,1.0714,0.07432,1.3976,67.91
31,250,4.0466,1.5353,28.014,2.5614,1.01,0.07453,1.3887,67.48
32,1,4.173,1.5047,23.477,1.9619,1.4005,0.04367,1.9622,99.97
32,2,4.2083,1.3664,23.737,2.0645,1.4522,0.04786,1.9696,100.34
32,3,4.1877,1.5087,22.796,2.1405,1.5145,0.04618,1.9636,100.03
32,4,4.1619,1.5599,25.002,2.1658,1.4431,0.04516,1.9488,99.28
32,5,4.1162,1.5637,23.454,,1.4164,0.04629,1.9353,98.59
32,6,4.1364,1.6493,23.695,2.0821,1.4804,0.0457,1.9524,99.46
32,7,,1.5334,23.965,2.0747,1.5284,0.0449,1.9391,98.79
32,8,4.1711,1.6721,23.178,2.1477,1.4486,0.05018,1.9491,99.3
32,9,4.1972,1.482,24.631,2.1126,1.4655,0.04761,1.9447,99.07
32,10,4.1594,,24.526,2.1352,1.4488,0.04542,1.9116,97.39
32,11,4.2038,1.5904,24.118,2.2284,1.4736,0.04675,1.9428,98.97
32,12,4.2128,1.5867,23.527,2.0837,1.4953,0.05034,1.9461,99.15
32,13,4.1592,1.6043,23.629,2.0705,1.4272,0.0499,1.954,99.55
32,14,4.181,1.508,24.479,2.1069,1.4278,0.0433,1.9296,98.3
32,15,4.133,1.5256,23.558,2.1444,1.4683,0.04313,1.9144,97.53
32,16,4.1197,1.3651,23.638,2.0302,1.5508,0.04842,1.919,97.76
32,17,4.208,1.3856,23.801,2.1401,1.3989,0.04841,1.917,97.66
32,18,4.1866,1.7184,24.842,2.098,1.3793,0.04758,1.9193,97.78
32,19,4.1684,1.446,24.556,2.0337,1.4609,0.0452,1.9104,97.33
32,20,4.1625,1.5587,,2.1045,1.427,0.04533,1.8972,96.65
32,21,4.1543,1.5481,23.142,2.1047,1.48,0.04822,1.9133,97.48
32,22,4.1862,1.5392,24.988,2.0758,1.4737,0.04768,1.9133,97.48
32,23,4.1765,1.3492,24.297,2.0425,1.4843,0.04925,1.9183,97.73
32,24,4.1433,1.5195,23.588,2.0533,1.4147,0.04913,1.896,96.59
32,25,4.1499,1.7916,26.213,2.179,1.4381,0.0495,1.8863,96.1
32,26,4.1007,1.4355,23.855,2.1093,1.4607,0.05142,1.8924,96.41
32,27,4.1428,1.4805,24.816,,1.3954,0.04929,1.8931,96.44
32,28,4.1454,1.5541,23.773,2.0911,1.4315,0.04828,1.881,95.83
32,29,4.1752,1.3942,25.542,2.0901,1.4595,0.04995,1.8798,95.76
32,30,4.1423,1.5921,23.332,2.0396,1.459,0.0482,1.882,95.88
32,31,4.1536,1.4092,26.008,2.1793,1.3845,0.04809,1.8765,95.6
32,32,4.1412,1.4378,24.071,2.0663,1.4817,0.04741,1.8843,96.0
32,33,4.1681,1.6953,24.561,2.25,,0.04852,1.8759,95.57
32,34,4.2127,1.4734,25.365,2.1739,1.3857,0.04904,1.8817,95.86
32,35,4.1385,1.525,24.514,2.1484,1.4229,0.04787,1.8712,95.33
32,36,4.1692,1.6614,,2.2164,1.3845,0.04914,1.8885,96.21
32,37,4.1491,1.5377,24.292,2.0447,1.3993,0.04867,1.8627,94.89
32,38,4.1267,1.4442,23.789,2.176,1.3883,0.05165,1.8707,95.3
32,39,4.1747,1.6385,23.673,2.1193,1.4324,0.05008,1.8606,94.79
32,40,4.1794,1.5117,24.597,2.1239,1.2473,0.05089,1.848,94.14
32,41,4.151,1.328,23.857,2.1975,1.3885,0.04997,1.8604,94.78
32,42,4.169,1.3483,24.16,2.2063,1.3589,0.04949,1.8504,94.27
32,43,4.1793,1.5607,24.9,2.1639,1.3945,0.05236,1.8588,94.7
32,44,4.1353,1.3405,23.843,2.107,1.3648,0.04793,1.844,93.94
32,45,4.1361,1.5726,25.204,2.3006,1.3777,0.05008,1.8481,94.15
32,46,4.13,1.4565,23.879,2.0781,1.4076,0.04838,1.8366,93.56
32,47,4.1802,1.4033,25.567,2.1742,1.3933,0.04708,1.8444,93.96
32,48,4.1977,1.6656,26.054,2.2655,1.4582,0.05124,1.8236,92.9
32,49,4.1408,1.536,25.228,2.2002,1.3867,0.04682,1.8391,93.69
32,50,4.1694,1.4469,25.068,2.085,1.4541,0.04912,1.8199,92.72
32,51,4.1183,1.5801,23.963,2.1571,1.445,0.05292,1.8412,93.8
32,52,4.1413,1.3191,22.973,2.1115,1.3409,0.04823,1.8202,92.73
32,53,4.1553,1.5064,24.004,2.1284,1.3673,0.05299,1.8225,92.85
32,54,4.1137,1.4696,24.263,2.0687,1.3601,0.04971,1.8161,92.52
32,55,4.1657,1.4439,25.001,2.1488,1.3663,0.05098,1.8183,92.63
32,56,4.1204,1.2889,25.313,2.182,1.3501,0.05385,1.8148,92.45
32,57,4.1168,1.5039,25.222,2.0711,1.3063,0.05375,1.8366,93.57
32,58,4.1366,1.3118,24.731,2.0892,1.3227,0.05005,1.8107,92.24
32,59,4.1259,1.3949,25.338,2.1857,1.3717,0.05295,1.8058,92.0
32,60,4.1621,1.5602,23.973,2.2141,1.379,0.05272,1.7974,91.57
32,61,4.1556,1.3983,24.714,2.1789,1.3164,0.04827,1.8166,92.55
32,62,4.1757,1.6236,25.118,2.2758,1.3744,0.05205,1.8002,91.71
32,63,4.1333,1.3574,23.802,2.1547,1.4076,0.04967,1.7997,91.69
32,64,4.1713,1.4668,24.569,2.1639,1.4561,0.0538,1.7877,91.08
32,65,4.1557,1.5589,26.329,2.1651,1.3689,0.05286,1.7949,91.44
32,66,4.1929,1.4393,25.082,2.1996,1.2904,0.05486,1.7975,91.58
32,67,4.1703,1.4342,23.64,2.229,1.3057,0.05108,1.8002,91.71
32,68,4.1678,1.4699,24.615,2.187,1.3086,0.0524,1.7868,91.03
32,69,4.1673,1.8449,25.29,2.2687,1.335,0.05059,1.7696,90.15
32,70,4.1274,1.6241,25.162,2.2674,1.352,0.05107,1.798,91.6
32,71,4.2069,1.549,26.653,2.1785,1.3821,0.05095,1.7721,90.28
32,72,4.2032,1.4167,24.212,2.2518,1.3518,0.05743,1.775,90.43
32,73,4.1489,1.549,24.074,2.1265,1.274,0.04714,1.7703,90.19
32,74,4.1142,1.4464,25.64,2.1496,1.3764,0.05072,1.769,90.12
32,75,4.1898,1.4599,25.882,2.3502,1.3175,0.05267,1.7616,89.74
32,76,4.1531,1.5569,25.597,2.2956,1.2817,0.05786,1.7472,89.01
32,77,4.1544,1.5035,24.311,2.1407,1.346,0.05231,1.7597,89.65
32,78,4.1346,1.4682,23.458,2.0246,1.3756,0.05661,1.7576,89.54
32,79,4.1549,1.5379,23.934,2.2724,1.383,0.0566,1.7363,88.46
32,80,4.169,1.4122,24.869,2.2403,1.4104,0.0541,1.7682,90.08
32,81,4.1022,1.6169,25.28,2.1691,1.3653,0.05404,1.7466,88.98
32,82,4.1764,1.2647,24.817,2.2171,1.2412,0.05549,1.7385,88.57
32,83,4.1847,1.6329,25.332,2.0758,1.2949,0.05369,1.741,88.69
32,84,4.1466,1.5506,25.883,2.3237,1.3982,0.05617,1.7536,89.34
32,85,4.1526,1.5088,25.659,2.195,1.3649,0.05529,1.7392,88.61
32,86,4.1114,1.4801,25.365,,1.202,0.05285,1.7419,88.74
32,87,4.1785,1.4851,24.635,2.2958,1.3179,0.05693,1.739,88.59
32,88,4.1302,1.6118,,2.216,1.2576,0.05222,1.7314,88.21
32,89,4.1241,1.5513,23.797,2.1423,1.3277,0.05882,1.7189,87.57
32,90,4.0935,1.5605,25.917,2.2085,1.3014,0.05647,1.7374,88.51
32,91,4.1485,1.6006,25.385,2.2033,1.2875,0.05436,1.73,88.13
32,92,4.1526,1.4211,25.865,2.1843,1.3157,0.05771,1.7199,87.62
32,93,4.092,1.5299,24.562,2.1656,1.3169,0.05366,1.7246,87.86
32,94,4.1741,1.5504,25.002,2.2375,1.349,0.05567,1.7204,87.65
32,95,4.114,1.407,25.743,2.2206,1.3274,0.05767,1.7122,87.23
32,96,4.1169,1.5837,25.365,2.2415,1.3196,0.05854,1.7057,86.9
32,97,,1.5286,24.555,2.2621,1.2969,0.05501,1.7105,87.14
32,98,4.1278,1.6027,24.599,2.2073,1.2752,0.05789,1.7051,86.86
32,99,4.142,1.6006,26.239,2.2665,,0.05673,1.7116,87.2
32,100,4.1449,1.456,25.237,2.2557,,0.05745,1.6923,86.22
32,101,4.1188,1.3834,25.357,2.1894,1.3785,0.05969,1.6997,86.59
32,102,4.1498,1.6519,24.937,2.2861,1.277,0.0586,1.6855,85.87
32,103,4.159,1.4982,24.98,2.3051,1.3291,0.05269,1.6921,86.2
32,104,4.1417,1.4362,24.115,2.2478,1.4217,0.05482,1.6699,85.07
32,105,4.1137,1.3415,24.58,2.1839,1.2049,0.05615,1.6977,86.49
32,106,4.1286,1.5361,24.684,,1.2434,0.05741,1.6794,85.56
32,107,4.1339,1.7863,26.264,2.2654,1.2142,0.0611,1.6682,84.99
32,108,4.1146,1.4384,26.88,2.2691,1.2975,0.05755,1.6818,85.68
32,109,4.1203,1.687,25.568,2.1937,1.2929,0.05785,1.68,85.59
32,110,4.1222,1.4516,25.977,2.3914,1.1794,0.05836,1.6811,85.64
32,111,4.1073,1.2579,25.33,2.2537,1.241,0.06073,1.6712,85.14
32,112,4.1176,1.3565,24.445,2.3726,1.297,0.06102,1.6695,85.05
32,113,4.1382,1.6427,25.991,2.3818,1.2836,0.05856,1.6637,84.76
32,114,4.1391,1.5888,26.393,2.2426,1.2563,0.0555,1.6491,84.02
32,115,4.1411,1.6692,26.624,2.3181,1.3601,0.05801,1.6526,84.19
32,116,4.0949,1.1402,24.575,2.2845,1.2736,0.05855,1.6701,85.09
32,117,,1.6061,24.919,2.1435,1.2048,0.06173,1.6633,84.74
32,118,,1.5945,25.485,2.2918,1.2214,0.06361,1.6539,84.26
32,119,4.1545,1.6175,26.061,,1.1775,0.05698,1.6478,83.95
32,120,4.1352,1.6249,25.841,2.3169,1.3021,0.05522,1.6467,83.89
32,121,4.0869,1.6292,24.0,2.3039,1.1991,0.05983,1.6328,83.18
32,122,4.1314,,25.994,2.3927,1.3109,0.05892,1.6468,83.9
32,123,4.1295,1.7555,25.74,2.3579,1.2832,0.0613,1.6385,83.48
32,124,4.0913,1.403,25.41,2.3817,1.3085,0.05979,1.6531,84.22
32,125,4.1132,1.4196,24.34,2.3019,1.2272,0.06201,1.6485,83.98
32,126,4.1247,1.5259,25.208,2.2058,1.1824,,1.6425,83.68
32,127,,1.6831,27.102,2.3874,1.2591,0.06081,1.6344,83.26
32,128,4.1265,1.5946,26.216,2.3444,1.0724,0.06266,1.6328,83.18
32,129,4.088,1.5431,25.842,2.2247,1.2027,0.05827,1.6321,83.15
32,130,4.1358,1.4448,25.568,2.3662,1.2084,0.06216,1.6203,82.54
32,131,4.1422,1.5916,26.366,2.3459,1.2762,0.05837,1.6364,83.37
32,132,4.1304,1.5108,27.599,2.3139,1.1392,0.06095,1.6225,82.66
32,133,4.0983,1.5155,25.556,2.3231,1.1987,0.06315,1.6272,82.9
32,134,4.0987,1.3633,25.094,2.4121,1.2169,0.06181,1.6355,83.32
32,135,4.1638,1.4848,25.801,2.2844,1.1759,0.06119,1.6083,81.94
32,136,4.1404,1.3179,24.653,2.2922,1.227,0.05906,1.614,82.23
32,137,4.1023,1.5043,25.029,2.2749,1.2328,0.06367,1.6099,82.02
32,138,4.1457,1.6683,25.73,2.4492,1.2566,0.05966,1.6147,82.26
32,139,4.1212,1.6265,25.637,2.2819,1.2528,0.05945,1.6004,81.53
32,140,4.1181,1.3599,26.934,2.3424,1.1544,0.0619,1.6057,81.8
32,141,4.1256,1.6245,28.003,2.351,1.1739,0.06233,1.587,80.85
32,142,4.1286,1.6212,26.458,2.375,1.1425,0.05913,1.6099,82.02
32,143,4.0857,1.3916,,2.3067,1.2084,0.06167,1.5833,80.66
32,144,4.117,1.3709,26.051,2.3089,1.17,0.06167,1.595,81.26
32,145,4.0991,1.5328,26.102,2.3667,1.2153,,1.5974,81.38
32,146,4.0914,1.3107,25.155,2.3227,1.3497,0.06447,1.5895,80.98
32,147,4.1037,1.4998,27.821,2.3172,1.214,0.06632,1.5923,81.12
32,148,4.1171,1.52,25.089,2.4051,1.14,0.06431,1.5778,80.38
32,149,4.1354,1.499,26.098,2.4213,1.1261,0.06046,1.5846,80.73
32,150,4.1331,1.5388,26.582,2.3399,1.2584,0.06285,1.5833,80.66
32,151,4.1477,1.6219,25.598,2.339,1.2198,0.06112,1.57,79.98
32,152,4.1074,1.5486,24.265,2.3115,1.2032,0.06535,1.5764,80.31
32,153,4.1292,1.3452,25.291,2.3852,1.1844,0.06489,1.5703,80.0
32,154,4.1045,1.6015,25.54,2.3161,1.2085,0.06155,1.5668,79.82
32,155,,1.4875,27.146,2.4898,1.1828,0.06581,1.5778,80.38
32,156,4.0975,1.5795,25.278,2.2801,1.2091,0.06485,1.5702,79.99
32,157,4.1058,1.3812,25.372,2.3512,1.2143,,1.5521,79.07
32,158,4.1518,1.5831,26.713,2.416,1.2222,0.06483,1.549,78.92
32,159,4.1116,1.4712,26.583,2.3643,1.1832,0.06482,1.5604,79.49
32,160,4.0826,1.5481,25.161,2.3929,1.2144,0.0678,1.5579,79.37
32,161,4.1291,1.3936,26.235,2.3172,1.2338,0.06219,1.5564,79.29
32,162,,1.7259,27.061,2.3662,1.1186,0.06358,1.5416,78.53
32,163,4.1047,1.401,26.866,2.4671,1.263,0.06124,1.5479,78.86
32,164,4.1125,1.5252,25.639,2.34,1.1147,0.06873,1.538,78.36
32,165,4.0668,1.3822,25.992,2.3776,1.1819,0.06339,1.5307,77.98
32,166,4.1074,1.7139,27.672,2.3857,1.2056,0.06524,1.5403,78.47
32,167,4.1145,1.6134,26.822,2.4217,1.1695,0.06713,1.5434,78.63
32,168,4.09,1.3387,26.163,2.4406,1.0723,0.06393,1.5337,78.13
32,169,4.1004,1.532,26.796,2.3939,1.1779,0.06312,1.5384,78.37
32,170,4.07,1.3699,25.481,2.4357,,0.06382,1.5327,78.09
32,171,4.111,1.6511,25.521,2.4904,1.2343,0.06734,1.5345,78.18
32,172,4.115,1.5655,25.044,2.3708,1.1471,0.06358,1.529,77.89
32,173,4.1147,1.7398,26.996,2.3242,1.218,0.06486,1.5341,78.16
32,174,4.1394,1.6883,27.173,2.4361,1.15,0.06965,1.5312,78.01
32,175,4.0916,1.5793,27.114,2.4797,1.0917,0.06816,1.52,77.44
32,176,4.0922,1.4275,27.169,2.5064,1.2236,0.0635,1.5209,77.48
32,177,4.1018,1.7068,27.018,2.404,1.1491,0.06767,1.5113,76.99
32,178,4.1419,1.7015,27.375,2.3729,1.1062,0.06438,1.5166,77.26
32,179,4.0877,1.5983,26.858,2.4358,1.184,0.06525,1.5116,77.01
32,180,4.0821,1.6311,27.814,2.5152,1.1239,0.06859,1.4942,76.12
32,181,4.1382,1.5948,26.95,2.3142,1.1558,0.0705,1.4925,76.04
32,182,4.097,1.5023,25.649,2.4355,1.0743,0.06784,1.5037,76.6
32,183,4.0882,1.5795,26.28,2.4553,1.1808,0.06789,1.5078,76.82
32,184,4.1115,1.6372,26.666,2.4537,1.1673,0.06704,1.5034,76.59
32,185,4.0757,1.3162,26.113,2.3883,1.2263,0.0657,1.4977,76.3
32,186,4.0797,1.5305,25.411,2.3651,1.1426,0.06661,1.4978,76.31
32,187,4.1281,1.342,26.929,2.3794,1.1075,0.06464,1.4952,76.17
32,188,4.0468,1.4797,26.281,2.4186,1.0275,0.06365,1.4755,75.17
32,189,4.1147,1.5581,27.832,2.4395,1.1342,0.06764,1.4842,75.61
32,190,4.0904,1.6291,27.137,2.4659,1.1938,0.06871,1.4755,75.17
32,191,4.1316,1.4428,27.366,2.3872,1.1021,0.06425,1.4819,75.5
32,192,4.1267,1.4163,25.977,2.4344,1.1025,0.06594,1.4789,75.35
32,193,4.1324,1.4688,26.463,2.4632,1.0911,0.06872,1.4748,75.14
32,194,4.1031,1.5206,25.228,2.3443,1.001,,1.4691,74.84
32,195,4.074,1.4996,25.816,2.4033,1.2191,0.0668,1.4764,75.22
32,196,4.0694,1.5384,25.939,2.4743,1.0653,0.06734,1.4566,74.2
32,197,4.0891,1.6152,27.158,2.5431,1.0358,0.06656,1.4593,74.35
32,198,4.0908,1.4004,25.705,2.5019,1.1525,0.07015,1.4552,74.14
32,199,4.0739,1.5324,27.339,2.5016,1.1443,0.07078,1.4628,74.52
32,200,4.1058,1.4844,26.857,2.5381,1.1743,0.07019,1.4552,74.14
32,201,4.1242,1.4264,27.48,2.4738,1.1033,0.06822,1.4586,74.31
32,202,4.1259,1.5788,26.223,2.4902,1.0739,0.06583,1.4437,73.55
32,203,4.0535,1.559,27.776,2.432,1.1307,0.06808,1.4493,73.83
32,204,4.0663,1.6049,27.651,2.4839,1.1164,0.07055,1.4481,73.78
32,205,4.1204,1.4686,25.164,2.4193,1.118,0.06883,1.4439,73.56
32,206,4.0813,1.5526,27.41,2.5679,1.0376,0.07158,1.4443,73.58
32,207,4.0563,1.5904,28.071,2.434,1.073,0.06663,1.4427,73.5
32,208,4.0904,1.7681,26.07,2.5384,1.0968,0.07443,1.4379,73.25
32,209,4.0847,1.6329,27.059,2.5386,1.1086,0.06713,1.4378,73.25
32,210,4.098,1.4427,26.683,2.374,1.0922,0.07157,1.4382,73.27
32,211,4.1026,1.4253,25.27,2.5423,1.0989,0.07131,1.4393,73.33
32,212,4.0444,1.7482,26.392,2.5368,1.0778,0.06975,1.4428,73.5
32,213,4.0673,1.588,26.946,,1.0343,0.07205,1.4149,72.08
32,214,4.0995,,26.303,2.5078,1.0938,0.07225,1.4251,72.6
32,215,4.0674,1.3923,27.48,2.4164,1.124,0.06898,1.4342,73.07
32,216,4.0808,1.3582,25.646,,1.0987,0.0709,1.4148,72.08
32,217,4.0808,1.5304,26.255,2.5562,0.9767,0.06815,1.4176,72.22
32,218,4.0886,1.2897,26.619,2.4044,1.1312,,1.426,72.65
32,219,4.074,1.3868,,2.4702,1.0853,0.06762,1.4295,72.83
32,220,4.0556,1.4714,27.712,2.5651,,,1.4103,71.85
32,221,4.0793,1.3444,25.478,2.5148,1.0006,0.0729,1.4059,71.62
32,222,4.0727,1.4605,26.977,2.5497,1.0112,0.07059,1.4053,71.59
32,223,4.0877,1.5704,26.679,2.5537,1.0462,0.06897,1.4018,71.42
32,224,4.1037,1.3684,26.673,2.5901,1.0395,0.07342,1.4117,71.92
32,225,4.0855,1.7909,27.569,2.5204,1.0439,0.07191,1.4075,71.7
32,226,4.0505,1.426,26.509,2.5658,1.0626,0.07246,1.3917,70.9
32,227,4.1199,1.4245,27.197,2.4463,1.0642,0.06949,1.4109,71.88
32,228,4.093,1.4797,25.848,2.4805,0.9952,0.07318,1.3867,70.65
32,229,4.072,1.6579,26.479,2.5162,1.134,,1.3988,71.26
32,230,4.0585,1.5321,26.112,2.5284,1.0546,0.07411,1.3954,71.09
32,231,4.0719,1.6773,26.018,2.3793,1.0041,0.07394,1.3799,70.3
32,232,4.0517,1.5434,26.543,2.4354,1.0194,0.07433,1.3828,70.45
32,233,4.0373,1.742,26.292,2.554,1.0754,0.0738,1.3776,70.18
32,234,4.0293,1.6758,26.086,2.592,1.0874,0.07064,1.3756,70.08
32,235,4.0644,1.6456,26.517,2.5421,1.0025,0.07477,1.3652,69.55
32,236,4.0558,1.4115,25.875,2.6019,1.0092,0.07142,1.3677,69.68
32,237,4.0666,1.437,25.96,2.4944,1.0288,0.07112,1.3571,69.14
32,238,4.095,1.4693,25.968,2.6051,1.0197,0.07321,1.3657,69.57
32,239,4.0703,1.5442,25.664,2.4928,1.1173,0.0716,1.3699,69.79
32,240,4.1155,1.6184,27.254,,0.99,0.07318,1.364,69.49
32,241,4.1034,1.5503,26.496,2.5416,1.046,0.07459,1.3638,69.48
32,242,4.0431,1.6655,26.893,2.5646,0.9828,0.07264,1.3568,69.12
32,243,4.039,1.3968,27.999,2.6009,1.0374,0.07201,1.3604,69.31
32,244,4.0684,1.4835,26.837,2.4678,0.9105,0.07487,1.3559,69.07
32,245,4.076,1.6291,27.504,2.6448,1.0709,0.07452,1.3531,68.93
32,246,4.0749,1.3528,27.511,2.5929,0.9271,0.07762,1.3507,68.81
32,247,4.0657,1.5198,26.85,2.7039,0.9936,0.07399,1.3437,68.45
32,248,4.0472,1.5722,26.406,2.592,0.9537,0.07359,1.3449,68.52
32,249,4.0546,1.323,24.819,2.5454,0.9247,0.07835,1.3344,67.98
32,250,4.0852,1.5746,26.239,2.541,1.0382,0.07635,1.3372,68.13
33,1,4.1644,1.6215,24.942,1.9592,1.5431,0.04293,2.1016,100.22
33,2,4.1509,,24.662,2.0475,1.571,0.04583,2.1012,100.2
33,3,4.1511,1.4544,22.446,2.0271,1.4685,0.04259,2.1047,100.37
33,4,4.1664,1.5311,24.468,2.1096,1.5656,0.04322,2.0773,99.06
33,5,4.1826,1.5258,25.195,2.0336,1.5568,0.04531,2.0814,99.26
33,6,4.187,1.4982,23.289,2.0686,1.5513,0.04593,2.0878,99.57
33,7,4.1724,1.5825,23.399,2.1205,1.4791,0.0452,2.0605,98.26
33,8,4.1534,1.6106,25.24,1.9902,1.5057,0.04975,2.0818,99.28
33,9,4.1356,1.6414,21.541,2.0944,1.4723,,2.0866,99.51
33,10,4.1788,,23.809,2.0243,1.5577,0.04621,2.0774,99.07
33,11,4.1706,1.4699,23.819,2.0895,1.4638,0.04936,2.0685,98.64
33,12,4.1287,1.5348,23.442,2.0627,1.4997,0.0478,2.0724,98.83
33,13,4.1797,1.7311,23.853,2.148,1.5761,0.04723,2.0736,98.89
33,14,4.1975,1.4642,23.72,2.041,1.5187,0.04574,2.0695,98.69
33,15,4.1474,1.3842,23.529,2.0342,1.5047,,2.0577,98.13
33,16,4.222,1.6523,23.526,2.0543,1.4368,,2.065,98.48
33,17,4.1767,1.3766,23.536,2.1319,1.5177,0.0453,2.0607,98.27
33,18,4.1701,1.488,23.173,2.0593,1.468,0.04599,2.0461,97.57
33,19,4.1783,1.5136,25.248,2.091,,0.04463,2.0505,97.79
33,20,4.1617,1.5899,24.551,2.1752,1.4452,0.04598,2.0528,97.9
33,21,4.1673,1.3899,24.419,2.0529,1.5129,,2.0519,97.85
33,22,4.174,1.5236,24.852,2.0705,1.5093,0.0475,2.0445,97.5
33,23,4.1312,1.1909,24.908,2.0523,1.4023,0.04744,2.0503,97.78
33,24,4.1784,1.5627,24.029,2.1451,1.422,0.04318,2.0379,97.19
33,25,4.1623,1.2764,24.519,1.989,1.4766,0.04953,2.0409,97.33
33,26,4.1733,1.447,24.383,2.1234,1.4484,0.04586,2.0394,97.26
33,27,4.2141,1.6834,22.443,2.1696,1.4483,0.05184,2.0413,97.35
33,28,4.1392,1.4982,24.012,2.0768,1.5208,0.05083,2.0243,96.54
33,29,4.208,1.3567,23.692,2.2519,1.4905,0.04717,2.0227,96.46
33,30,4.1841,1.545,25.438,2.0491,1.4403,0.04682,2.03,96.81
33,31,4.1671,1.377,24.457,2.1419,1.4073,0.04746,2.0189,96.28
33,32,4.1601,1.485,25.09,2.1645,1.4269,0.05022,2.0191,96.29
33,33,4.1954,1.5295,24.388,2.022,1.4493,0.04597,2.0318,96.89
33,34,4.1581,1.4947,23.908,2.0238,1.5031,0.05008,2.0275,96.69
33,35,4.1204,1.6635,24.516,2.1573,1.3333,0.05002,2.0235,96.5
33,36,4.1583,1.4936,23.947,2.0288,1.3975,0.04937,2.0131,96.0
33,37,4.191,1.5332,24.093,2.2382,1.4962,0.05063,2.0218,96.42
33,38,4.1693,1.3572,25.95,2.0681,1.4236,0.04826,1.9983,95.3
33,39,4.1792,1.5062,24.509,2.163,1.3784,0.05118,2.0037,95.55
33,40,4.1444,1.5218,24.597,1.964,1.5223,0.05222,2.0053,95.63
33,41,4.1427,1.6686,25.226,2.148,1.47,0.05067,1.9915,94.97
33,42,4.147,1.626,25.18,2.1435,1.4145,0.05202,1.991,94.95
33,43,4.1977,1.4194,23.722,2.1303,1.4559,0.05035,1.9895,94.88
33,44,4.1707,1.6241,24.612,2.038,1.4319,0.04801,1.9843,94.63
33,45,4.146,1.7016,24.716,2.1169,1.4746,0.05162,1.977,94.28
33,46,4.206,1.5306,25.314,2.0993,1.3406,0.05029,1.9784,94.35
33,47,4.1881,1.337,24.39,2.1727,1.4586,0.04964,1.979,94.38
33,48,4.1207,1.4163,23.347,2.1348,1.3956,0.04817,1.9712,94.0
33,49,4.1182,1.5006,24.002,2.1426,1.4288,0.05047,1.9717,94.03
33,50,4.1207,1.5858,25.017,2.1295,,0.05108,1.9859,94.71
33,51,4.122,1.5808,26.1,2.1397,1.4986,0.05207,1.982,94.52
33,52,4.1391,1.4669,23.8,2.2024,1.3938,,1.9782,94.34
33,53,4.166,1.3491,24.987,2.1345,1.4014,0.05005,1.9772,94.29
33,54,4.1559,,23.583,2.1819,1.5301,0.04863,1.9615,93.54
33,55,4.1967,1.415,24.91,2.1757,1.4574,0.05527,1.9681,93.86
33,56,4.1596,1.4483,24.578,2.1583,1.4038,0.04955,1.9524,93.11
33,57,4.2075,1.3428,25.477,2.0949,1.4232,0.05578,1.9562,93.29
33,58,4.1179,1.4683,24.637,2.2194,1.4233,0.05164,1.9684,93.87
33,59,4.193,1.5927,24.318,1.9998,1.3573,0.04899,1.9735,94.11
33,60,4.1764,1.7461,26.034,2.1197,1.4278,0.053,1.9569,93.32
33,61,4.1307,1.4575,26.385,2.1887,1.3438,0.05147,1.9425,92.64
33,62,4.1458,1.4666,25.289,2.2501,1.4733,0.05184,1.9563,93.29
33,63,4.1439,1.6362,24.608,2.0531,1.4332,0.05362,1.949,92.95
33,64,4.1975,1.4445,25.836,2.0904,1.4205,0.05106,1.9448,92.74
33,65,4.1698,1.4414,,2.1591,1.5935,0.0532,1.9451,92.76
33,66,4.1612,1.304,25.293,2.217,1.315,0.05773,1.9445,92.73
33,67,4.1219,1.5477,24.134,2.0799,1.3883,0.05258,1.9411,92.57
33,68,4.1299,1.3862,24.394,2.2187,1.4033,0.05309,1.9261,91.85
33,69,4.1482,1.3798,23.309,2.2347,1.3272,0.05347,1.9218,91.65
33,70,4.1247,1.6569,24.548,2.151,,0.05375,1.9302,92.05
33,71,4.1305,1.3999,24.699,2.1457,1.4802,0.05247,1.9305,92.06
33,72,4.1453,1.4761,25.555,2.2212,1.4213,0.05474,1.9321,92.14
33,73,4.1582,1.4813,24.443,2.3976,1.313,0.05358,1.9142,91.28
33,74,4.1447,1.3894,24.935,2.1234,1.4024,0.05419,1.9234,91.72
33,75,4.1444,1.7013,,2.2033,1.4074,0.05408,1.9205,91.59
33,76,4.1307,1.7767,25.394,2.3639,1.497,0.05311,1.9245,91.78
33,77,4.1545,1.6236,25.177,2.269,1.2956,0.05302,1.9197,91.55
33,78,4.1282,1.3039,25.408,2.1326,1.3469,0.05587,1.9139,91.27
33,79,4.1303,1.3874,,2.2668,1.4407,0.05515,1.923,91.7
33,80,4.111,1.5678,25.67,2.2126,1.3879,0.05254,1.9128,91.22
33,81,4.1096,1.5102,25.35,2.2725,1.4308,0.057,1.9179,91.46
33,82,4.2012,1.6428,24.873,2.1899,1.4108,0.05391,1.9038,90.79
33,83,4.1447,1.2398,24.97,2.2483,1.3552,0.05726,1.8937,90.31
33,84,4.1167,1.5179,24.614,2.191,1.429,0.05633,1.9084,91.01
33,85,4.1474,1.4221,,2.306,1.4934,0.05876,1.8935,90.3
33,86,4.1459,1.6352,25.275,2.1293,1.4575,0.05294,1.8992,90.57
33,87,4.1598,1.7362,26.017,2.1809,1.4212,0.05471,1.9043,90.81
33,88,4.0946,1.4984,23.703,2.3061,1.2812,0.0548,1.8845,89.87
33,89,4.1442,1.4093,25.867,2.2313,1.3585,0.05438,1.8873,90.0
33,90,4.1744,1.8369,24.731,2.2146,1.2643,0.05716,1.8921,90.23
33,91,4.1459,1.6618,24.957,2.1704,1.4191,0.05734,1.8745,89.39
33,92,4.1421,1.4114,25.846,2.2356,1.4282,0.05418,1.8741,89.37
33,93,4.1378,1.5445,24.716,2.0941,1.3871,0.05627,1.8826,89.78
33,94,4.1252,1.3738,23.49,2.2943,1.3773,0.05358,1.8718,89.27
33,95,4.1091,1.6,25.263,2.1556,1.3724,0.05603,1.8964,90.44
33,96,4.1698,1.5893,25.834,2.223,1.363,0.05647,1.8688,89.12
33,97,4.1121,1.2296,25.924,2.2362,1.3749,0.05527,1.8756,89.44
33,98,4.1739,1.5584,27.01,2.2931,1.3092,0.05764,1.8675,89.06
33,99,4.141,1.5923,26.429,2.0994,1.3804,0.05957,1.8804,89.68
33,100,4.1611,1.5144,23.864,2.2916,1.3371,0.05685,1.8585,88.63
33,101,4.1108,1.6078,24.612,2.3358,1.396,0.0602,1.8675,89.06
33,102,4.1235,1.4288,24.514,2.2369,1.3024,,1.8638,88.88
33,103,4.1181,1.4697,24.579,2.2297,1.361,0.05559,1.8513,88.29
33,104,4.1287,1.3789,26.172,2.2107,1.3314,0.05839,1.8459,88.03
33,105,4.1116,1.4401,25.814,2.3646,1.4197,0.06015,1.8431,87.89
33,106,4.1104,1.6824,26.711,2.3044,1.3654,0.05686,1.841,87.79
33,107,4.1136,1.3228,25.712,2.2214,1.2654,0.0596,1.8623,88.81
33,108,4.1428,1.4626,26.532,2.2887,1.3736,0.05579,1.8317,87.35
33,109,4.1219,1.5898,25.473,2.3322,1.3457,0.05598,1.8305,87.29
33,110,4.1348,1.669,24.782,2.2237,1.3415,0.06103,1.8454,88.01
33,111,4.145,1.5209,25.323,2.3351,1.3236,0.05743,1.8378,87.64
33,112,4.1219,1.4338,25.074,2.2718,1.3299,0.05647,1.8331,87.42
33,113,4.1199,1.4253,24.803,2.3243,1.382,0.05793,1.8315,87.34
33,114,4.1267,1.5272,25.954,2.2487,1.2842,0.06358,1.8269,87.12
33,115,4.1508,1.696,25.412,2.3014,1.2241,0.05885,1.8199,86.79
33,116,4.1308,1.522,26.806,2.3242,1.3474,0.0573,1.8373,87.62
33,117,4.1367,1.5182,26.036,2.2875,1.3037,0.0591,1.8062,86.13
33,118,4.0808,1.4114,24.428,2.2782,1.2211,0.05821,1.8145,86.53
33,119,4.1246,1.5236,25.469,2.2933,1.2819,0.05895,1.8366,87.58
33,120,4.0887,1.6588,24.925,2.3806,1.2621,0.05668,1.8145,86.53
33,121,,1.2464,23.991,2.2763,1.2375,0.05839,1.8321,87.37
33,122,4.1523,1.5687,24.534,2.1509,1.2478,0.06094,1.798,85.75
33,123,4.1188,1.4583,24.963,2.3076,1.3427,0.05947,1.8206,86.82
33,124,4.1437,1.6979,25.496,2.2976,1.2557,0.06004,1.8067,86.16
33,125,4.1593,1.6251,27.04,2.2614,1.3935,0.06049,1.8,85.84
33,126,4.1548,1.3964,25.415,2.287,1.3109,0.05923,1.8041,86.04
33,127,4.1133,1.4842,25.568,2.376,1.1794,0.06177,1.7986,85.77
33,128,4.1179,1.3888,25.439,2.2772,1.2742,0.06153,1.7968,85.69
33,129,4.1574,1.4483,26.032,2.3399,1.2906,0.06385,1.8034,86.0
33,130,4.1253,1.5561,24.669,2.3808,1.276,0.06147,1.791,85.41
33,131,4.1264,1.5245,25.655,2.2449,1.2657,0.06042,1.8064,86.15
33,132,4.1551,1.6313,,2.307,1.3493,0.05739,1.7923,85.47
33,133,4.0875,1.8132,26.59,2.2809,1.2748,0.05932,1.7874,85.24
33,134,4.0624,1.5594,25.622,2.2492,1.2675,0.05784,1.8029,85.98
33,135,4.1199,1.6301,25.388,2.3939,1.2789,0.06335,1.7973,85.71
33,136,4.118,1.6404,29.149,2.2482,1.2668,0.05873,1.787,85.22
33,137,4.124,1.7537,25.743,2.3754,1.1667,0.06174,1.7835,85.05
33,138,4.1327,1.6589,25.367,2.3537,1.2478,0.06165,1.7709,84.45
33,139,4.0924,1.401,26.243,2.2817,,0.05813,1.7789,84.83
33,140,4.1172,1.5098,25.81,2.2372,1.3224,0.06094,1.7808,84.93
33,141,4.1707,1.4793,24.976,2.3761,1.2733,0.06394,1.7644,84.14
33,142,4.14,1.7676,25.419,2.3011,1.1803,0.0628,1.7695,84.38
33,143,4.1472,1.518,25.67,2.3424,1.247,0.0629,1.7676,84.29
33,144,4.1287,1.4943,26.161,2.3696,1.2407,0.06212,1.7661,84.22
33,145,4.0841,1.4635,26.305,2.3857,1.2711,0.06037,1.7606,83.96
33,146,4.1606,1.5931,25.862,2.2842,1.2544,0.06153,1.7676,84.29
33,147,4.1461,1.628,25.643,,1.2501,0.06177,1.7559,83.74
33,148,4.1341,1.664,25.487,2.3028,1.2911,0.06143,1.7445,83.19
33,149,4.1018,1.6851,25.591,2.3051,1.2202,0.06058,1.7419,83.07
33,150,4.1059,1.3542,25.306,2.3618,1.2609,0.06272,1.7402,82.99
33,151,4.1018,1.5641,26.385,2.3315,1.2053,0.06329,1.7389,82.92
33,152,4.0861,1.5596,25.91,2.2828,1.209,0.06286,1.7434,83.14
33,153,4.093,1.5988,25.563,2.3043,1.2901,0.06406,1.7317,82.58
33,154,,1.489,25.826,2.3661,1.3537,0.06365,1.7472,83.32
33,155,4.1675,1.7292,26.261,2.423,1.2448,0.06352,1.7481,83.36
33,156,4.1319,1.5843,25.839,2.3274,1.1756,0.06404,1.7439,83.16
33,157,4.1301,1.3484,25.785,2.3468,1.2298,0.06633,1.7368,82.83
33,158,4.1343,1.535,25.786,2.4323,1.3188,0.06716,1.7429,83.12
33,159,4.1094,1.6069,26.64,2.3388,,0.07017,1.7343,82.71
33,160,4.1293,1.4623,25.775,2.3102,1.1795,0.06543,1.7249,82.26
33,161,4.1536,1.5273,26.089,2.3642,1.1771,0.0655,1.7299,82.5
33,162,4.0712,1.6572,25.673,2.3892,1.2406,0.06486,1.7223,82.13
33,163,4.1416,1.437,23.915,2.423,1.2592,0.06217,1.7134,81.71
33,164,4.1332,1.694,26.691,2.4229,1.2548,0.06441,1.7191,81.98
33,165,4.0992,1.6597,27.063,2.3884,1.1978,0.06827,1.7082,81.46
33,166,4.1212,1.3801,25.803,2.4424,1.147,0.06484,1.7156,81.82
33,167,4.1406,1.6422,27.529,2.4289,1.2588,0.06313,1.7157,81.82
33,168,4.1464,1.4708,25.547,2.2437,1.2621,0.06292,1.7023,81.18
33,169,4.1313,1.2603,26.827,2.3343,1.2003,0.06373,1.7013,81.13
33,170,4.0845,1.4262,24.967,2.479,1.156,0.06163,1.695,80.83
33,171,4.1139,1.3176,25.691,2.5073,1.21,0.06617,1.6869,80.45
33,172,4.1023,1.4999,26.311,2.4893,1.1813,0.06406,1.6969,80.92
33,173,4.1262,1.4853,26.272,2.4223,1.3095,0.06761,1.6983,80.99
33,174,4.0469,1.5441,25.577,2.3651,1.1483,0.06487,1.6897,80.58
33,175,4.0984,1.4455,25.461,2.4278,1.1969,0.06601,1.6902,80.6
33,176,,1.6988,27.976,2.4719,1.1081,0.0648,1.6918,80.68
33,177,4.0816,1.4424,24.958,2.3773,1.1552,0.06146,1.6956,80.86
33,178,4.1103,1.3664,26.67,2.4083,1.2534,0.06783,1.6969,80.92
33,179,4.1162,1.6122,27.127,2.4641,1.2929,0.06839,1.6793,80.08
33,180,4.1034,1.4011,27.009,2.3549,1.2986,0.06602,1.6769,79.97
33,181,4.0869,1.4411,25.677,2.4216,1.1879,0.06587,1.6806,80.15
33,182,4.0845,1.5267,27.629,2.3751,1.1708,0.06453,1.6812,80.17
33,183,4.107,1.464,25.245,2.4337,1.2059,0.06819,1.6738,79.82
33,184,4.1315,1.4691,25.365,2.4762,1.2453,0.06645,1.6643,79.37
33,185,4.1078,1.3679,28.103,2.3545,1.1954,0.06688,1.6654,79.42
33,186,4.0729,1.6632,26.722,2.3768,1.1475,0.06569,1.6624,79.28
33,187,4.1189,1.5913,26.557,2.4567,1.0955,0.06799,1.6746,79.86
33,188,4.1012,1.5346,25.789,2.3868,1.1504,0.06801,1.6739,79.82
33,189,4.0494,1.6241,26.835,2.4456,1.1241,0.0667,1.6592,79.13
33,190,4.0952,1.4447,27.253,2.3747,1.0222,0.06797,1.665,79.4
33,191,4.0955,1.5769,25.939,2.4894,1.1004,0.06788,1.6596,79.15
33,192,4.1188,1.4335,,2.4356,1.1748,0.06658,1.6514,78.75
33,193,4.0939,1.5702,27.66,2.4387,1.1158,0.07208,1.6571,79.02
33,194,4.1091,1.5072,26.928,2.3098,1.2424,0.07007,1.6597,79.15
33,195,4.114,1.6035,25.657,2.4469,1.1792,0.06813,1.6483,78.6
33,196,4.1143,1.5505,27.915,2.399,1.179,0.06668,1.6457,78.48
33,197,4.0635,1.5641,,2.4427,1.1093,0.07053,1.6506,78.72
33,198,4.0888,1.4136,24.984,2.5769,1.1275,0.06677,1.6459,78.49
33,199,4.065,1.5896,,2.3804,1.1392,0.06974,1.6433,78.37
33,200,4.0672,1.516,27.988,2.396,1.1345,0.07396,1.6288,77.67
33,201,4.0472,1.5021,26.883,2.5343,1.2212,0.07024,1.6427,78.34
33,202,4.0566,1.4472,25.323,2.5114,1.1684,0.06945,1.6398,78.2
33,203,4.1021,1.667,27.242,2.5022,1.0975,0.07131,1.6442,78.41
33,204,4.078,1.6127,27.612,2.448,1.1077,0.06807,1.6334,77.9
33,205,4.0835,1.6016,27.969,2.409,1.1568,0.06965,1.6162,77.08
33,206,4.0491,1.4096,27.815,2.5188,1.1545,0.07064,1.6251,77.5
33,207,4.0756,1.4822,25.97,2.4698,1.0827,0.06851,1.6289,77.68
33,208,4.0776,1.3211,25.978,2.4947,1.1436,0.06658,1.6248,77.48
33,209,4.0798,1.572,27.43,2.4561,1.0418,0.07359,1.6268,77.58
33,210,4.0772,1.687,26.187,2.4298,1.1168,0.06984,1.5986,76.24
33,211,4.0692,1.6606,26.3,2.4992,1.0833,0.07309,1.6072,76.64
33,212,4.0824,1.6088,27.892,2.4096,1.0786,0.07119,1.6193,77.22
33,213,4.0453,1.3396,26.482,2.3513,1.104,0.0637,1.5993,76.27
33,214,4.0963,1.5066,27.521,2.5218,1.0869,0.06893,1.6109,76.82
33,215,4.1004,1.5,25.172,2.5315,1.129,0.07068,1.6122,76.89
33,216,4.0961,1.5251,26.19,2.4306,1.1204,0.07186,1.5802,75.36
33,217,4.0963,1.3943,25.955,2.522,1.0987,0.07447,1.5977,76.19
33,218,4.0527,1.3444,27.057,2.4459,1.1645,0.07008,1.6007,76.34
33,219,4.0731,1.5635,27.288,2.4855,1.1497,0.06788,1.5982,76.22
33,220,4.0816,1.5015,24.729,2.3861,1.1266,0.07211,1.5974,76.18
33,221,4.0804,1.3893,25.697,2.3617,1.1196,0.07533,1.5951,76.07
33,222,4.0611,1.5364,26.599,2.3865,1.123,0.07142,1.5889,75.77
33,223,4.1294,1.5213,28.16,2.4432,1.0327,0.07014,1.5861,75.64
33,224,4.0602,1.3625,26.795,2.4707,1.1383,0.07054,1.5946,76.04
33,225,4.1202,1.4338,25.952,,0.9634,0.07347,1.5756,75.14
33,226,4.0999,1.409,26.024,2.5012,1.1256,0.07535,1.5951,76.07
33,227,4.0725,1.4703,26.063,2.5382,1.1589,0.07238,1.5911,75.88
33,228,4.1302,1.6158,25.233,2.5007,1.1094,,1.5764,75.17
33,229,4.0687,1.4162,26.079,2.5442,1.0327,0.07149,1.5843,75.55
33,230,4.0425,,25.296,2.4524,1.0715,0.07213,1.5787,75.29
33,231,4.0665,1.6522,27.222,2.6376,1.0579,0.07182,1.5624,74.51
33,232,4.0627,1.5316,25.288,2.4885,1.1361,0.07665,1.5688,74.81
33,233,4.0783,1.5927,,2.4785,1.0455,0.07346,1.5769,75.2
33,234,4.0957,1.2494,26.368,2.5875,1.1167,0.07111,1.5622,74.5
33,235,4.0731,1.6295,27.388,2.5249,1.1152,0.07371,1.5504,73.94
33,236,4.0972,1.482,26.102,2.5622,1.0603,0.06943,1.5635,74.56
33,237,4.0797,1.5607,26.769,2.57,1.0218,0.07345,1.5679,74.77
33,238,4.0867,1.3307,27.128,2.4976,1.0488,0.07044,1.5565,74.23
33,239,4.0692,1.5653,26.105,2.4314,1.1249,0.07098,1.5699,74.87
33,240,4.117,1.4429,26.443,2.3734,0.9929,,1.5603,74.41
33,241,4.052,1.4605,25.58,2.4602,1.1445,0.07454,1.5577,74.28
33,242,4.0853,1.8208,26.974,2.4925,1.098,0.07605,1.5311,73.02
33,243,4.0627,1.486,25.52,2.4586,1.0914,0.07309,1.5498,73.91
33,244,4.0642,1.544,26.996,2.5797,1.1125,0.07425,1.543,73.58
33,245,4.0689,1.4427,27.74,2.5036,1.0592,0.07475,1.5372,73.31
33,246,4.076,1.5205,28.292,2.5434,1.054,0.07812,1.5391,73.4
33,247,4.1137,1.2976,26.4,2.4416,0.994,0.07555,1.5282,72.88
33,248,4.0532,1.7332,28.163,2.5399,0.9723,0.07668,1.5345,73.18
33,249,4.0753,1.6331,26.827,2.6223,1.0401,0.07596,1.5262,72.78
33,250,4.0903,1.7468,26.638,2.4786,1.0441,0.08109,1.5339,73.15
34,1,4.1709,1.4983,24.228,2.0819,1.5581,0.04751,2.0839,99.66
34,2,4.1758,1.4747,23.702,,1.5474,0.04651,2.1044,100.64
34,3,4.1609,1.5435,23.416,2.0697,1.6599,0.04509,2.0995,100.4
34,4,4.1573,1.4454,23.708,2.0574,1.5183,0.04701,2.1026,100.55
34,5,4.1533,1.7281,23.208,2.0318,1.5421,,2.0583,98.43
34,6,4.1884,1.6012,23.716,2.0782,1.5571,0.04788,2.0708,99.03
34,7,4.2196,1.5067,23.306,2.0417,1.5755,0.04405,2.0778,99.37
34,8,4.1879,1.4479,25.832,2.075,1.5685,0.04498,2.0542,98.24
34,9,4.1852,1.6669,24.461,2.0274,1.5634,0.04465,2.0742,99.19
34,10,4.1744,1.4624,24.088,2.0219,1.5621,0.04841,2.0602,98.52
34,11,4.1933,1.2799,23.961,2.1142,1.575,0.04591,2.0707,99.03
34,12,4.1823,1.1918,23.695,2.014,1.4765,0.04854,2.0718,99.08
34,13,4.1612,1.4208,24.411,2.0562,1.5375,0.04491,2.0611,98.56
34,14,4.1457,,25.833,2.0257,1.4754,0.04503,2.0529,98.18
34,15,4.1714,1.6484,24.034,2.0787,1.4038,0.04507,2.0518,98.12
34,16,4.1514,1.5945,23.565,2.0625,1.5843,0.04841,2.0593,98.48
34,17,4.25,1.3779,25.551,2.0506,1.4279,0.04614,2.0323,97.19
34,18,4.1582,1.5099,24.61,2.1636,1.5011,0.04731,2.04,97.56
34,19,4.1644,1.4424,23.06,2.2336,1.5004,0.04779,2.0368,97.4
34,20,4.1065,1.7716,23.879,2.028,1.4637,0.04937,2.0496,98.02
34,21,4.2115,1.4453,22.748,2.0575,1.4591,0.04423,2.0544,98.24
34,22,4.1702,1.5634,24.925,2.1268,1.4821,0.05092,2.0392,97.52
34,23,4.1537,,24.677,2.1295,1.4638,0.04712,2.028,96.98
34,24,4.1365,1.8332,24.447,2.077,1.5016,0.04894,2.0396,97.54
34,25,4.1772,1.3917,23.691,1.9966,1.4834,0.04765,2.0213,96.66
34,26,4.1513,1.5005,25.0,2.0191,1.4561,0.04592,2.0078,96.02
34,27,4.1511,1.5663,24.117,1.9937,1.4722,0.04587,2.027,96.94
34,28,4.2129,1.5807,23.92,2.099,1.4892,0.05053,2.0275,96.96
34,29,4.1772,1.3029,24.305,2.0491,1.4717,0.0464,2.0144,96.33
34,30,4.1825,1.4765,23.639,2.1368,1.5468,0.05244,2.0165,96.43
34,31,4.173,1.3468,25.239,1.9651,1.5265,0.04877,2.0137,96.3
34,32,4.174,1.486,24.008,2.0926,1.4572,0.0488,1.9885,95.09
34,33,4.1752,1.4594,25.617,2.1617,1.5071,0.05268,1.9935,95.33
34,34,4.161,1.1981,24.238,2.2142,1.5065,0.04806,2.0085,96.05
34,35,4.1504,1.5419,24.062,2.1993,1.4641,0.04972,2.0004,95.66
34,36,4.1534,1.3667,25.406,2.0849,1.462,0.04622,1.9907,95.2
34,37,4.1571,1.4682,24.602,2.2388,1.3502,0.0514,1.9848,94.92
34,38,4.1474,1.4537,25.296,2.1151,1.4371,0.04746,1.996,95.45
34,39,4.132,1.612,23.975,2.0503,1.4567,0.04805,1.9827,94.82
34,40,4.163,1.5306,24.683,2.1563,1.4873,0.04986,1.9991,95.6
34,41,4.1577,1.5133,23.202,1.9999,1.383,0.04602,1.976,94.49
34,42,4.1418,1.5169,25.092,2.1452,1.4646,0.05193,1.9776,94.57
34,43,4.0955,1.2971,24.671,2.1415,1.476,0.05584,1.9762,94.51
34,44,4.1578,1.5481,23.634,2.1767,1.432,0.05365,1.9779,94.59
34,45,4.1599,1.4314,23.605,2.1723,1.4183,0.05306,1.9607,93.77
34,46,4.1495,1.7487,23.77,2.0891,1.2803,0.04963,1.9667,94.05
34,47,4.1691,1.5244,23.892,2.1258,1.4159,0.05063,1.9738,94.39
34,48,4.1496,1.5101,24.51,2.0992,1.4365,0.04821,1.9671,94.07
34,49,4.1302,1.5043,24.965,2.0862,1.4822,0.05446,1.9645,93.95
34,50,4.1539,1.6529,23.345,2.1465,1.4115,0.0528,1.9552,93.5
34,51,4.1683,1.4089,25.264,2.0789,1.4691,0.05127,1.9558,93.53
34,52,4.1582,1.5806,23.737,2.0991,1.4229,0.05022,1.9363,92.6
34,53,4.1509,1.3496,26.318,2.1295,1.4292,0.0549,1.9552,93.5
34,54,4.1694,1.635,25.251,2.1846,1.4506,0.05114,1.9568,93.58
34,55,4.1721,1.2323,25.019,2.1058,1.4329,0.04826,1.9559,93.54
34,56,4.1457,1.5728,24.289,2.0268,1.3903,0.05096,1.94,92.78
34,57,4.1581,1.4166,24.805,2.2679,1.4743,0.04802,1.9472,93.12
34,58,4.1835,1.6989,23.719,2.1336,1.4476,0.04972,1.9593,93.7
34,59,4.1943,1.4689,26.033,2.2042,1.3186,0.05034,1.9411,92.83
34,60,4.1272,1.6385,25.375,2.1824,1.3821,0.0528,1.9431,92.92
34,61,4.1428,1.5824,26.436,2.181,1.3858,0.05132,1.9451,93.02
34,62,4.1218,1.5499,25.58,2.1448,1.4472,0.05423,1.9124,91.45
34,63,4.1368,1.3479,25.169,2.1716,1.4449,0.05244,1.9203,91.83
34,64,4.1707,1.2718,24.224,2.1271,1.4744,0.05618,1.9163,91.64
34,65,4.1363,1.7163,24.481,2.0915,1.3,0.053,1.9246,92.04
34,66,4.1858,1.4402,23.691,2.2452,1.4361,0.05625,1.9049,91.1
34,67,4.1021,1.6973,22.796,2.1074,1.3931,0.05038,1.9025,90.98
34,68,4.1207,1.665,25.588,2.1974,1.3752,0.05109,1.9152,91.59
34,69,4.1182,1.7404,25.372,2.131,,0.05319,1.9098,91.33
34,70,4.1827,1.5629,23.9,,1.5713,0.0523,1.9195,91.79
34,71,4.1363,1.3979,25.293,2.1071,1.3443,0.05414,1.9036,91.04
34,72,4.1517,1.5071,23.935,,1.4411,0.05173,1.9011,90.91
34,73,4.1349,1.641,25.732,2.2663,1.3363,0.05105,1.9043,91.07
34,74,4.2136,1.6198,26.028,2.1089,,0.05044,1.8831,90.05
34,75,4.1468,1.4755,24.437,2.2656,1.3535,,1.899,90.81
34,76,4.1551,1.5774,25.373,2.2113,1.4841,0.05638,1.8924,90.5
34,77,4.1401,1.6899,24.501,2.2019,1.3725,0.05742,1.8697,89.41
34,78,4.1223,1.5724,25.299,2.2338,,0.05412,1.8792,89.87
34,79,4.1496,1.482,24.876,2.1709,1.3367,0.0556,1.8895,90.36
34,80,4.1612,1.4803,24.854,2.1962,1.3908,0.05756,1.872,89.52
34,81,4.1697,1.5216,25.637,2.0851,1.4015,0.0555,1.8943,90.59
34,82,4.1286,1.5456,25.344,2.2685,1.4446,0.05454,1.865,89.19
34,83,4.1632,1.667,26.21,2.2411,1.4601,0.05441,1.8656,89.22
34,84,4.1132,1.2407,23.755,2.1782,1.3647,0.05321,1.885,90.14
34,85,4.1579,1.5551,24.976,2.2881,1.3192,0.05472,1.8706,89.46
34,86,4.1576,1.4618,25.306,2.2675,1.3302,0.05212,1.8626,89.07
34,87,4.121,1.436,22.99,2.1231,1.3944,0.05357,1.8627,89.08
34,88,4.1225,1.5716,24.939,2.2603,,0.05599,1.8712,89.48
34,89,4.1517,1.4308,23.486,2.2167,1.3755,0.05599,1.8692,89.39
34,90,4.1433,1.5927,26.306,2.2135,1.4698,0.05871,1.8498,88.46
34,91,4.1456,1.6803,24.538,2.1801,1.2831,0.05541,1.8556,88.74
34,92,4.1297,1.5096,24.013,2.3131,1.4026,0.05512,1.8448,88.22
34,93,4.1479,1.6458,24.206,2.2111,1.3781,0.05583,1.861,89.0
34,94,4.1349,1.5589,25.288,2.3282,,0.05647,1.8452,88.24
34,95,4.1062,1.473,25.247,2.3262,1.3477,0.05792,1.8496,88.45
34,96,4.0679,1.524,24.832,2.3282,1.3741,0.05827,1.8481,88.38
34,97,4.139,1.6148,25.285,2.3173,1.2831,0.05872,1.8431,88.14
34,98,4.1529,1.3261,25.183,2.234,1.3302,0.05322,1.8335,87.68
34,99,4.1387,1.3011,24.029,2.2543,1.3518,,1.8341,87.71
34,100,,1.4496,24.997,2.1627,1.3003,0.05692,1.8316,87.59
34,101,4.1315,1.7625,27.071,2.2521,1.3097,0.06165,1.8386,87.93
34,102,4.1451,1.4287,24.796,2.1904,,0.05824,1.8322,87.62
34,103,4.1218,1.3965,25.056,2.2635,1.209,0.05543,1.8212,87.09
34,104,4.1603,1.4491,23.751,2.1896,1.4061,0.05673,1.8157,86.83
34,105,4.0909,1.5187,25.386,2.2844,1.4534,0.05513,1.8103,86.57
34,106,4.1396,1.4634,23.576,2.2902,1.2852,0.05559,1.8131,86.71
34,107,4.1706,1.6719,24.617,2.1581,1.3584,0.06196,1.8064,86.38
34,108,4.096,1.6791,25.507,2.1456,1.2763,0.05639,1.8296,87.5
34,109,4.0968,1.6296,25.844,2.3262,1.2799,0.05887,1.8122,86.67
34,110,4.1474,1.488,,2.2663,1.2202,,1.7976,85.97
34,111,4.1599,1.6511,24.863,2.2532,1.2305,0.06077,1.804,86.27
34,112,4.1346,1.4837,24.549,2.3482,1.4069,0.06108,1.8035,86.24
34,113,4.1389,1.6453,25.606,2.3904,1.3659,0.06413,1.797,85.94
34,114,4.0683,1.5257,25.095,2.2858,1.3916,0.0576,1.7974,85.95
34,115,4.1121,1.7757,25.342,2.2939,1.3903,0.06013,1.7866,85.44
34,116,4.1157,1.4391,23.925,2.2529,1.1565,0.05957,1.7727,84.78
34,117,4.1096,1.3004,26.28,2.2477,1.351,0.05879,1.7883,85.52
34,118,4.1415,1.5311,24.782,2.3606,1.2873,0.05753,1.7974,85.96
34,119,4.1253,1.6227,24.07,2.429,1.315,0.05925,1.782,85.22
34,120,4.0877,1.5329,26.0,2.2699,,0.06099,1.7842,85.33
34,121,4.1568,1.5109,26.99,,1.3068,0.0579,1.7724,84.76
34,122,4.1503,1.4511,25.752,2.3249,1.2804,0.058,1.7748,84.87
34,123,4.1365,1.4822,24.823,2.3467,1.2847,0.06171,1.7859,85.41
34,124,4.1318,1.461,26.834,2.319,1.2304,0.06175,1.7633,84.32
34,125,4.1153,1.4216,23.644,2.3632,1.1958,0.0599,1.778,85.03
34,126,4.1683,1.679,,2.3645,1.2677,0.05847,1.7518,83.78
34,127,4.1426,1.3979,27.423,2.2369,1.3231,0.06279,1.7497,83.67
34,128,4.1112,1.4916,28.312,2.2907,1.2145,0.06134,1.7499,83.68
34,129,4.1204,1.4648,25.92,2.2736,1.2353,0.06264,1.7497,83.68
34,130,4.1222,1.2885,25.804,2.28,1.2853,0.05691,1.7579,84.07
34,131,4.1259,1.4921,24.854,2.3802,1.2321,0.06254,1.7553,83.94
34,132,4.0998,1.6096,25.372,,,0.06061,1.759,84.12
34,133,4.1194,1.5657,25.028,2.2814,1.3007,0.06014,1.7487,83.63
34,134,4.0987,1.4649,24.744,2.3608,1.2392,0.05891,1.7417,83.29
34,135,4.0843,1.4176,26.605,2.2536,1.2533,0.06561,1.7415,83.28
34,136,4.106,1.2819,25.504,2.2745,1.2875,0.05997,1.7426,83.34
34,137,4.1545,1.6011,24.711,2.3279,1.3059,0.0584,1.7404,83.23
34,138,4.1214,1.5899,25.489,2.3263,1.2144,0.06465,1.7492,83.65
34,139,4.1711,1.309,25.702,2.3514,1.2222,0.06243,1.7475,83.57
34,140,4.1538,1.337,25.685,2.3774,,0.06455,1.7192,82.22
34,141,4.1158,1.3188,24.856,2.3028,1.2171,0.06446,1.7136,81.95
34,142,4.0772,1.4696,25.758,2.3642,1.3022,0.05774,1.7163,82.08
34,143,4.0952,1.488,25.72,2.2035,1.2278,0.06414,1.7367,83.05
34,144,4.1027,1.5472,26.154,2.3211,1.2696,0.06068,1.7258,82.53
34,145,4.1073,1.232,25.973,,1.2281,0.06399,1.7107,81.81
34,146,4.1409,1.7115,26.27,2.2977,1.2767,0.06109,1.7189,82.2
34,147,4.1065,1.661,26.557,2.397,1.2419,,1.7072,81.64
34,148,4.0962,,25.884,2.3205,1.2192,0.06166,1.7156,82.05
34,149,4.1127,1.6022,27.118,2.3817,1.2389,0.05888,1.7061,81.59
34,150,4.0948,1.4414,26.741,2.2814,1.2562,0.06207,1.7252,82.5
34,151,4.1133,1.3794,25.569,2.4132,1.2255,0.07012,1.7014,81.36
34,152,4.0817,1.4602,24.229,2.4181,1.3084,0.06493,1.7017,81.38
34,153,,1.6113,25.553,2.3046,1.1753,0.0671,1.6917,80.9
34,154,4.1315,1.589,25.276,2.3604,,0.06638,1.6923,80.93
34,155,4.1194,1.4639,25.077,2.425,1.1938,0.05994,1.6862,80.64
34,156,4.0921,1.5423,26.608,2.3828,,0.06112,1.6945,81.03
34,157,4.1019,1.3524,23.743,2.3443,1.1817,0.0623,1.6982,81.21
34,158,4.1519,1.4155,25.868,,1.1677,0.06193,1.6888,80.76
34,159,4.1088,,25.361,2.3706,,0.06794,1.6968,81.14
34,160,4.1115,1.538,27.012,2.3684,1.1891,0.06452,1.6832,80.49
34,161,4.1371,1.55,26.175,2.4309,1.0756,0.0645,1.6851,80.58
34,162,4.1086,1.567,27.02,2.2914,1.1711,0.06266,1.6716,79.94
34,163,4.0724,1.7809,26.99,2.33,1.2059,0.06369,1.669,79.81
34,164,4.087,1.3418,25.32,2.4608,1.1307,0.06687,1.6726,79.99
34,165,4.0958,1.6148,26.285,2.2514,1.1838,0.06405,1.6734,80.02
34,166,4.0953,1.4996,25.063,2.3772,1.1448,0.06709,1.678,80.25
34,167,4.0751,1.6721,,2.3999,1.1234,0.06563,1.6606,79.42
34,168,4.0882,1.3836,24.957,2.3821,1.2958,0.0673,1.6701,79.87
34,169,4.0772,1.657,27.006,2.4057,1.1662,0.06722,1.6685,79.79
34,170,4.1199,1.4798,25.227,2.3666,1.2898,0.06307,1.6512,78.97
34,171,4.1241,1.5035,25.615,2.3167,1.2579,0.06314,1.6621,79.49
34,172,4.1103,1.3637,25.813,2.316,1.1534,0.06578,1.6295,77.92
34,173,4.1356,1.5261,26.193,2.3819,1.234,0.0635,1.6515,78.98
34,174,4.1017,1.4174,27.105,2.418,1.1229,0.0667,1.6434,78.59
34,175,4.0833,1.6896,26.533,2.4116,1.2464,0.06641,1.6549,79.14
34,176,4.1031,1.3159,26.22,2.4174,1.1633,0.06102,1.6451,78.67
34,177,4.0788,,25.016,2.2866,1.204,0.07095,1.6445,78.64
34,178,,1.5155,26.375,2.4032,1.2153,0.06394,1.6325,78.07
34,179,4.1278,1.611,26.542,2.4145,1.1578,0.06577,1.6355,78.21
34,180,4.1116,1.6908,26.624,2.413,1.1999,0.06236,1.6198,77.46
34,181,4.0967,1.3223,26.087,2.3022,1.2051,0.06717,1.6257,77.75
34,182,4.1171,1.5449,26.618,2.432,1.1263,0.06998,1.6258,77.75
34,183,4.1084,1.5455,26.851,2.4915,1.2661,0.06588,1.6349,78.18
34,184,4.095,1.3345,26.68,2.5062,1.2171,0.06674,1.6309,77.99
34,185,4.1142,1.5965,27.32,2.4773,1.136,0.06725,1.6232,77.62
34,186,4.1003,1.3036,27.539,2.3767,1.1352,0.06749,1.6136,77.17
34,187,4.0875,1.5483,27.621,2.4347,1.1366,0.06519,1.6042,76.72
34,188,4.0973,1.5381,25.205,2.4569,1.134,0.0705,1.6299,77.94
34,189,4.0981,1.3696,26.033,2.416,1.1636,0.06374,1.6141,77.19
34,190,4.0821,1.5885,24.842,2.5148,1.2143,0.06581,1.6006,76.55
34,191,4.1,1.5156,26.786,2.4564,1.1642,0.06575,1.6252,77.72
34,192,4.1025,1.6289,27.61,2.4082,1.1534,0.06672,1.5996,76.49
34,193,4.0854,1.4584,26.316,2.3361,1.1783,0.06754,1.6094,76.96
34,194,4.0772,1.497,27.138,2.4841,1.2051,0.06772,1.6204,77.49
34,195,4.159,1.5912,26.63,2.4907,1.0768,0.06749,1.5866,75.88
34,196,4.096,1.364,26.728,2.5153,1.1977,0.0694,1.585,75.8
34,197,4.0809,1.5834,26.376,2.3332,1.1105,0.07022,1.5925,76.16
34,198,4.0623,1.5057,24.648,2.4922,1.1683,0.07065,1.5796,75.54
34,199,4.0691,1.3822,26.687,2.4923,1.0817,,1.5879,75.94
34,200,4.0934,1.6422,27.101,2.4468,1.1868,0.0683,1.5836,75.73
34,201,4.1108,1.6451,27.373,2.4431,1.136,0.06739,1.5788,75.5
34,202,4.0743,1.2907,25.82,2.4036,0.9981,0.06809,1.5861,75.85
34,203,4.099,1.5799,27.672,2.4224,1.074,0.07035,1.5828,75.69
34,204,4.0565,1.5095,26.89,2.476,1.1649,0.06814,1.5769,75.41
34,205,4.0649,1.6345,27.45,2.4529,1.1977,0.06928,1.5603,74.62
34,206,4.052,1.5218,27.347,2.5404,1.1758,0.07072,1.5652,74.85
34,207,4.0626,1.6733,26.917,2.4773,1.0543,0.07052,1.5796,75.54
34,208,4.0332,1.6267,24.82,2.382,1.1178,0.07313,1.5737,75.26
34,209,4.0977,1.4222,26.259,2.4668,1.199,0.06859,1.561,74.65
34,210,4.1124,1.5019,26.613,2.4987,1.0825,0.0661,1.5544,74.33
34,211,4.088,1.3784,27.009,,1.1762,0.07448,1.5658,74.88
34,212,4.0908,1.5744,26.54,2.4574,0.9611,0.07382,1.545,73.89
34,213,4.1067,1.5333,26.572,2.4671,1.1162,0.07184,1.5395,73.62
34,214,4.0806,1.3874,25.441,,1.0969,0.06863,1.5577,74.49
34,215,4.0809,1.3782,26.409,2.558,1.0986,0.06726,1.5417,73.73
34,216,4.1106,1.672,26.846,2.6235,1.1433,0.0769,1.5522,74.23
34,217,4.1123,1.4578,25.795,2.4922,1.0961,0.06996,1.5537,74.3
34,218,4.0769,1.4559,27.089,2.4434,1.0981,0.06873,1.5394,73.62
34,219,4.0865,1.4175,26.585,2.4844,1.0758,0.07038,1.5389,73.59
34,220,4.0817,1.6479,25.988,2.4808,1.0671,0.07152,1.5393,73.61
34,221,4.051,1.6043,28.507,2.5045,1.052,0.07094,1.5354,73.43
34,222,4.0634,1.62,25.35,2.5131,1.1566,0.07409,1.5283,73.09
34,223,4.0631,,27.219,2.5831,1.1475,0.07239,1.5367,73.49
34,224,4.1383,1.32,26.333,2.4165,1.0943,,1.5242,72.89
34,225,4.0646,1.3753,26.912,2.4752,1.1067,0.07095,1.5186,72.62
34,226,4.0968,1.5913,26.99,2.4983,1.1097,0.07091,1.5233,72.85
34,227,4.0865,1.7185,26.497,2.4537,1.0971,0.07465,1.5174,72.56
34,228,4.0779,1.6813,25.505,2.5688,1.0676,0.07362,1.5231,72.84
34,229,4.0818,1.5428,,2.6115,1.0991,0.07292,1.5223,72.8
34,230,,1.5045,27.515,2.6181,1.0834,0.07337,1.5239,72.88
34,231,4.1081,,26.226,2.5274,1.0394,0.06884,1.4967,71.58
34,232,,1.7144,28.174,,1.0786,0.07444,1.4972,71.6
34,233,4.0781,1.5531,,2.5784,1.0066,0.07299,1.5153,72.46
34,234,4.0274,1.6452,27.843,2.4039,,0.07232,1.5055,72.0
34,235,4.0555,1.4726,27.275,2.5986,1.0934,0.07137,1.4928,71.39
34,236,4.0889,1.1834,27.444,2.5324,1.0765,0.06983,1.5039,71.92
34,237,4.0818,1.6286,25.939,2.5565,1.0946,0.07313,1.5081,72.12
34,238,4.0714,1.4211,26.203,2.5998,1.0635,0.0734,1.4824,70.89
34,239,4.0713,1.5178,26.104,2.5972,1.1094,0.07213,1.481,70.83
34,240,4.0257,,27.594,2.4655,1.0601,0.07406,1.4912,71.31
34,241,4.1361,1.5748,26.451,2.5476,1.1197,0.07057,1.5088,72.15
34,242,4.0425,1.6278,27.714,2.5655,1.1051,0.07368,1.4666,70.13
34,243,4.0803,1.7418,27.535,2.5338,1.0722,0.07701,1.4788,70.72
34,244,4.059,1.4797,27.556,2.4949,1.0819,0.07134,1.4757,70.57
34,245,4.0683,1.7513,28.018,2.5222,1.0223,0.07305,1.4741,70.5
34,246,4.1097,1.4462,28.264,2.5523,1.0401,0.07472,1.4649,70.05
34,247,4.0475,1.598,27.051,2.5707,1.0377,0.07392,1.4811,70.83
34,248,4.0339,1.7045,27.308,2.5161,1.0628,0.07337,1.4733,70.46
34,249,4.0701,1.6883,27.437,2.4843,1.0705,0.07632,1.4674,70.17
34,250,4.0378,1.7787,27.069,2.5364,1.0337,0.07372,1.4515,69.41
35,1,4.167,1.4078,22.708,2.02,1.5503,0.04378,1.9858,99.74
35,2,4.2152,1.4178,26.371,2.1085,1.4974,0.04474,1.9866,99.78
35,3,4.1613,1.4485,25.26,2.0333,1.4718,0.04404,1.9959,100.25
35,4,4.2036,1.4954,24.898,,1.4641,0.04415,1.9668,98.79
35,5,4.1576,1.5469,,1.998,1.467,0.04562,1.9849,99.7
35,6,4.2247,1.5291,23.95,2.0416,1.4736,0.0445,1.974,99.15
35,7,4.1918,1.6858,,2.0917,1.4485,0.04605,1.9671,98.8
35,8,4.1551,1.3945,23.853,1.9982,1.3665,0.04322,1.9603,98.46
35,9,4.1561,1.4319,24.238,2.0203,1.4752,0.05035,1.9665,98.77
35,10,4.1704,1.5472,23.522,2.0363,1.4718,0.04659,1.962,98.55
35,11,4.189,1.6872,22.826,2.0978,1.4687,0.04573,1.9547,98.18
35,12,4.2091,1.5327,24.951,2.0731,1.4924,0.04535,1.9619,98.54
35,13,4.1674,1.5148,22.85,2.0108,1.5308,0.04935,1.9568,98.28
35,14,4.1595,1.4124,24.266,2.0762,1.4991,0.04398,1.9398,97.43
35,15,4.1649,1.4138,24.43,2.0668,1.463,0.04947,1.9536,98.12
35,16,4.2214,1.2228,23.852,2.0173,1.4189,0.04561,1.9485,97.87
35,17,4.1622,1.3656,24.57,2.0144,1.5489,0.04446,1.9525,98.07
35,18,4.22,1.4637,24.511,2.0818,1.4603,0.04552,1.9399,97.44
35,19,4.2046,1.2698,23.212,2.0567,1.4157,0.04857,1.943,97.59
35,20,4.173,1.6819,23.022,2.1119,1.4494,0.04716,1.9317,97.02
35,21,4.161,1.5022,24.107,2.137,1.398,0.04473,1.9265,96.76
35,22,4.1736,,23.438,2.0224,1.5425,0.05019,1.9148,96.18
35,23,4.1784,1.5881,24.152,2.0121,1.3854,0.04777,1.9387,97.38
35,24,4.165,1.5767,24.308,2.1182,1.4895,0.05054,1.9326,97.07
35,25,4.2172,1.4758,25.33,2.1375,1.3559,0.05083,1.9247,96.67
35,26,4.1621,1.6087,23.847,2.1013,1.4753,0.04648,1.9122,96.05
35,27,4.159,1.6197,25.722,2.0411,1.4459,0.04719,1.9148,96.18
35,28,4.2116,1.5498,23.945,2.0269,1.4906,0.04744,1.9142,96.14
35,29,4.1745,1.5738,24.142,2.055,1.5051,0.04985,1.9049,95.68
35,30,4.1576,1.4049,23.82,2.021,1.4221,0.04725,1.9162,96.25
35,31,4.1673,1.5155,23.922,2.044,1.3621,0.04911,1.9048,95.68
35,32,4.1308,1.676,25.263,2.0559,1.446,0.04857,1.9037,95.62
35,33,4.1694,1.5856,25.682,2.1372,1.4576,0.05189,1.902,95.53
35,34,4.1414,1.5857,23.533,2.0735,1.5023,0.04564,1.8927,95.07
35,35,4.1282,1.5545,25.951,2.0626,1.3218,0.04991,1.8967,95.27
35,36,4.1592,1.5492,24.941,2.1605,1.4214,0.05019,1.8864,94.75
35,37,4.1551,1.5036,24.91,2.0891,1.4325,0.04852,1.8871,94.79
35,38,4.1892,1.5502,24.821,2.0737,1.4061,0.05076,1.88,94.43
35,39,4.2266,1.5322,23.975,2.1055,1.3762,0.04839,1.886,94.73
35,40,4.1504,1.6663,25.384,2.1857,1.4037,0.05163,1.8811,94.48
35,41,4.2014,1.4412,24.431,2.0902,1.5485,0.04952,1.8857,94.71
35,42,4.165,1.6118,,2.1925,1.4289,0.05345,1.8849,94.67
35,43,4.1426,1.5686,24.606,2.0808,1.4297,0.04893,1.8743,94.14
35,44,4.1612,1.2633,23.899,2.1979,1.3978,0.04648,1.8672,93.79
35,45,4.1718,1.471,24.293,2.1177,1.4367,0.04876,1.8657,93.71
35,46,4.1526,1.6573,24.352,2.0794,1.4361,0.05151,1.8679,93.82
35,47,4.18,1.3868,23.797,2.2274,1.4246,0.04973,1.8641,93.63
35,48,4.1273,1.3923,23.998,2.1703,1.3273,0.0497,1.8439,92.61
35,49,4.1474,1.7935,25.892,2.1881,1.3686,0.04873,1.8451,92.68
35,50,4.1187,1.5853,24.544,2.1532,1.3123,0.0511,1.8518,93.01
35,51,4.1331,1.5346,24.335,2.1747,1.4241,0.04895,1.8478,92.81
35,52,4.1588,1.657,25.485,2.1379,1.3707,0.05154,1.8478,92.81
35,53,4.1318,1.4518,22.673,2.1025,1.3703,0.05687,1.8352,92.18
35,54,4.1722,1.4843,24.981,2.0986,1.3088,0.05423,1.8363,92.23
35,55,4.1923,1.4637,23.955,2.1352,1.4625,0.0502,1.828,91.82
35,56,4.1792,1.5653,26.412,2.2374,1.3478,0.05433,1.8328,92.06
35,57,4.1736,,25.076,2.2886,1.2934,0.05369,1.8178,91.3
35,58,4.1704,1.3911,24.494,2.1129,1.403,0.04935,1.8371,92.27
35,59,4.1692,1.4209,24.296,2.1194,1.3893,0.0518,1.8242,91.62
35,60,4.1372,1.528,23.907,2.1734,1.3754,0.05251,1.819,91.37
35,61,4.1677,1.6245,25.399,2.1906,1.3009,0.05567,1.8179,91.31
35,62,4.1599,1.4247,24.482,2.2504,1.4107,0.05182,1.8199,91.41
35,63,4.1264,1.3077,22.982,2.2282,1.3383,0.05228,1.8289,91.86
35,64,4.1594,1.3673,25.908,2.1655,1.3669,0.05125,1.8227,91.55
35,65,4.1565,1.3368,24.518,2.2819,1.4003,0.05321,1.8023,90.53
35,66,4.1488,1.4144,25.843,2.1604,1.3214,0.05248,1.7997,90.39
35,67,4.1557,1.7286,25.084,2.1353,1.3515,0.0505,1.7995,90.38
35,68,4.1944,1.6598,25.609,2.1799,1.359,0.05272,1.826,91.72
35,69,4.1441,1.4427,24.676,2.2233,1.1889,0.05407,1.8193,91.38
35,70,4.1853,1.3036,23.962,2.0833,1.4392,0.05338,1.7772,89.27
35,71,4.1977,1.6606,23.923,2.2065,1.4269,0.0543,1.8127,91.05
35,72,4.1564,1.5645,23.76,2.1667,1.383,0.05539,1.7892,89.87
35,73,4.137,1.4879,24.258,2.196,1.3923,0.05862,1.7914,89.98
35,74,4.1784,1.557,23.675,2.1996,1.3352,0.05388,1.7771,89.26
35,75,4.1956,1.6667,25.27,2.2252,1.4517,0.05188,1.7924,90.03
35,76,4.1171,1.3283,,,1.3265,,1.7912,89.97
35,77,4.1903,1.2406,25.448,2.1284,1.3293,0.05467,1.7713,88.97
35,78,4.1385,1.3376,25.873,2.1393,1.2769,0.05417,1.7736,89.08
35,79,4.1654,1.4478,24.884,2.2223,1.3842,0.05342,1.7676,88.78
35,80,4.1238,1.6485,25.417,2.1961,1.3342,0.05407,1.7571,88.25
35,81,4.152,1.4787,25.681,2.289,1.2891,0.05292,1.7741,89.11
35,82,4.1588,1.7126,25.953,2.2467,1.23,0.0524,1.7843,89.62
35,83,4.12,1.4947,25.718,2.2308,1.3506,0.05774,1.7676,88.78
35,84,4.1408,1.6655,24.438,2.2377,1.359,0.05487,1.7716,88.98
35,85,4.1138,1.5085,23.743,2.2195,1.3276,0.05669,1.7552,88.16
35,86,4.1498,1.5813,25.112,2.2572,1.3338,0.05012,1.7449,87.64
35,87,4.1944,1.5918,24.673,2.2542,1.3544,0.05852,1.7442,87.61
35,88,4.1255,1.4535,24.543,2.1975,1.3275,0.05472,1.7458,87.69
35,89,4.1868,1.3984,25.216,2.1675,1.3633,0.05792,1.7457,87.68
35,90,4.1221,1.5935,24.973,2.3234,1.2529,0.05795,1.7366,87.23
35,91,4.1489,1.4372,24.395,2.2282,1.3522,0.05293,1.7588,88.34
35,92,4.1419,,26.834,2.2341,1.2549,,1.7357,87.18
35,93,4.1678,,24.278,2.243,1.2925,0.05543,1.7369,87.24
35,94,4.1063,1.5873,25.444,2.1984,1.346,0.05259,1.7259,86.69
35,95,4.1426,1.6472,24.872,2.3157,1.2715,0.05804,1.7269,86.74
35,96,4.1118,1.5326,25.624,2.174,1.3287,0.05539,1.741,87.45
35,97,4.1258,1.455,25.751,2.2527,1.4146,0.05557,1.7181,86.3
35,98,4.1321,1.3616,26.282,2.261,1.2611,0.05756,1.726,86.69
35,99,4.1142,1.5209,26.045,2.2653,1.3272,0.05635,1.7278,86.78
35,100,4.1287,1.4477,25.05,2.2266,1.2998,0.05631,1.7043,85.6
35,101,4.1499,1.4042,26.102,2.2163,1.2388,0.05923,1.7207,86.43
35,102,4.1365,1.3608,,2.256,1.27,0.05621,1.7068,85.73
35,103,4.1584,1.4025,23.097,2.3388,1.2563,0.05621,1.7092,85.85
35,104,4.1,1.4682,24.986,2.2931,1.2584,0.0526,1.7019,85.48
35,105,4.1606,1.4149,25.595,2.2269,1.3225,0.0578,1.6929,85.03
35,106,4.103,1.3371,,2.1963,1.2611,,1.6893,84.85
35,107,4.1203,1.327,24.111,2.2095,1.1492,0.0587,1.7001,85.39
35,108,4.1046,1.6727,25.418,2.3253,1.3191,,1.6997,85.37
35,109,4.1359,1.5795,24.881,2.2882,1.2708,0.05617,1.6768,84.22
35,110,4.1178,1.5615,24.922,2.2363,1.193,0.06261,1.6896,84.86
35,111,4.1018,1.5891,25.588,2.3143,1.3047,0.06051,1.6841,84.59
35,112,4.1333,1.3273,24.891,2.3242,1.2238,0.0629,1.6766,84.21
35,113,4.0839,1.6016,27.254,2.151,1.3049,0.05658,1.6826,84.51
35,114,4.096,1.6195,25.257,2.3569,1.2155,0.05827,1.6794,84.35
35,115,4.1932,1.7476,27.421,2.3831,1.2301,0.05871,1.6587,83.31
35,116,4.1372,1.3859,24.338,2.2109,1.2425,0.05828,1.6769,84.23
35,117,4.1336,1.3516,24.542,2.2481,1.301,0.05943,1.6683,83.8
35,118,4.1036,1.5226,24.824,2.2508,1.2785,0.05787,1.672,83.98
35,119,4.1197,1.3769,24.818,2.2639,1.2379,0.05567,1.6659,83.67
35,120,4.1488,1.5705,25.205,2.2294,1.2585,0.06134,1.6582,83.29
35,121,4.1125,1.3909,25.707,2.322,1.2574,0.05825,1.6736,84.06
35,122,4.142,1.6259,25.327,2.4074,1.2599,0.05929,1.6484,82.79
35,123,4.0821,1.457,25.719,2.4467,1.2498,0.06094,1.6468,82.71
35,124,4.1294,1.528,24.765,2.3888,1.2386,0.06209,1.647,82.73
35,125,4.1155,1.425,25.13,2.3978,1.2004,0.06133,1.6511,82.93
35,126,4.138,1.5437,24.498,2.3222,1.3509,,1.6459,82.67
35,127,4.1303,1.6136,25.086,2.306,1.2876,0.05954,1.6532,83.04
35,128,,1.5263,25.36,2.4735,1.2224,0.0612,1.6518,82.96
35,129,4.0928,1.556,25.404,2.3051,1.2163,,1.6247,81.6
35,130,4.1193,1.4932,26.405,2.3717,1.0899,0.05913,1.6243,81.58
35,131,4.1437,1.5786,25.264,2.3652,1.162,0.05959,1.6498,82.87
35,132,4.1358,1.5458,25.954,2.3339,1.2165,0.06352,1.6355,82.15
35,133,4.1189,1.3789,25.263,2.3301,1.1234,0.06364,1.645,82.62
35,134,4.099,1.4794,25.205,2.3324,1.2654,0.06363,1.6225,81.49
35,135,4.0957,1.5072,,2.3483,1.2519,0.06136,1.6313,81.94
35,136,4.1416,1.5045,26.403,2.3814,1.296,0.06176,1.6217,81.46
35,137,4.1108,1.562,26.33,2.2728,1.2054,0.0601,1.6314,81.94
35,138,4.1046,1.5335,,2.32,1.227,0.0602,1.6168,81.21
35,139,4.0876,1.3063,24.892,2.3718,1.2056,0.0617,1.6078,80.75
35,140,4.1653,1.5409,25.274,2.2777,1.3003,0.059,1.6088,80.81
35,141,4.0967,1.517,25.996,2.3476,1.1935,0.05913,1.6031,80.52
35,142,4.1227,1.5894,25.27,2.3256,1.2748,0.05763,1.6218,81.46
35,143,4.1095,1.5714,27.134,2.3177,1.0764,0.05998,1.6104,80.89
35,144,4.1564,1.475,26.936,2.2095,1.1826,0.06436,1.6019,80.46
35,145,4.0659,1.4209,25.534,2.3105,1.2665,0.06243,1.6067,80.7
35,146,4.1258,1.5835,24.933,2.3008,1.1647,0.06525,1.5851,79.61
35,147,4.0586,1.3776,26.19,2.3308,1.1402,0.06188,1.5933,80.03
35,148,4.1678,1.5152,26.186,2.3505,1.2131,0.06091,1.5993,80.33
35,149,4.1015,1.3904,25.041,,1.1664,0.06591,1.6005,80.39
35,150,4.134,1.4723,25.27,2.3628,1.1381,0.06394,1.5915,79.94
35,151,4.0947,1.6054,26.142,2.4297,1.2783,0.06468,1.5911,79.92
35,152,4.1417,1.5285,25.646,2.3289,1.1967,0.06525,1.5808,79.4
35,153,4.0801,1.3765,26.505,2.3923,1.2612,0.06232,1.5704,78.88
35,154,4.1496,1.4348,26.311,2.2905,1.1941,0.06315,1.5663,78.67
35,155,4.1575,1.4166,25.012,2.3335,1.0737,0.06295,1.5621,78.46
35,156,4.1346,1.5613,24.931,2.335,1.2903,0.0619,1.5658,78.64
35,157,4.0923,1.4032,25.334,2.4633,1.1107,0.06515,1.575,79.11
35,158,4.0951,1.6433,26.741,2.3284,1.1356,0.06365,1.5756,79.14
35,159,4.0992,1.5917,25.399,2.3251,1.1787,0.06454,1.5642,78.57
35,160,4.1194,,25.775,2.3606,1.1476,0.06457,1.5713,78.92
35,161,4.11,,25.898,2.4833,1.1883,0.06549,1.5594,78.33
35,162,4.1027,1.5887,26.067,2.3106,1.1444,0.06843,1.5594,78.33
35,163,4.0992,1.6054,26.257,2.4917,1.1667,0.06501,1.5625,78.48
35,164,4.1028,1.1957,25.811,2.451,1.2511,0.06564,1.5442,77.56
35,165,,1.4677,24.662,2.3774,1.1043,0.06361,1.5451,77.61
35,166,4.1135,1.3268,,2.4356,1.234,0.06477,1.5439,77.55
35,167,4.1224,1.5325,27.038,2.3641,1.1154,0.0669,1.5606,78.38
35,168,4.1305,1.6477,27.802,2.3108,1.1441,0.06458,1.5447,77.59
35,169,4.1133,1.6658,26.453,2.3984,1.1954,0.0658,1.5473,77.72
35,170,4.1198,1.5775,26.919,2.4053,1.166,0.0634,1.5385,77.28
35,171,4.1458,1.3094,26.336,2.395,1.1478,0.06678,1.5407,77.39
35,172,4.1124,1.4826,27.247,2.3926,1.1146,0.06633,1.5301,76.85
35,173,4.108,1.7236,26.308,2.328,1.128,0.06738,1.5211,76.4
35,174,4.1192,1.4502,25.699,2.4486,1.2296,0.06511,1.5261,76.66
35,175,4.1287,1.542,,2.3683,1.1471,0.06476,1.5231,76.5
35,176,4.0787,1.5802,26.65,2.4622,1.1663,0.06568,1.5068,75.68
35,177,4.0717,1.6591,25.641,2.4138,1.1417,0.06347,1.5031,75.5
35,178,4.1381,1.5244,25.95,2.3491,1.1281,0.06744,1.5179,76.24
35,179,4.0885,1.6476,26.116,2.3953,1.1461,0.06909,1.5126,75.98
35,180,4.0769,1.5925,26.006,2.4564,1.0342,0.06667,1.5089,75.79
35,181,4.0746,1.3816,25.806,2.3611,0.9862,0.06437,1.5057,75.63
35,182,4.0988,1.3846,26.045,2.3709,1.1693,0.06759,1.4954,75.11
35,183,4.1012,1.5964,26.361,2.4378,1.0251,0.06592,1.5003,75.35
35,184,4.1235,1.4808,25.645,2.4667,1.0514,0.06691,1.4939,75.04
35,185,4.0787,1.4722,27.352,2.4259,1.078,0.06693,1.4818,74.43
35,186,4.0449,1.6206,26.68,2.4271,1.1133,0.07019,1.5067,75.68
35,187,4.0699,1.5307,27.277,2.469,1.1382,0.06483,1.4984,75.26
35,188,4.1134,1.7422,26.788,2.4364,1.0948,0.06951,1.5086,75.78
35,189,4.121,1.799,26.732,2.403,1.1359,0.06929,1.4996,75.32
35,190,4.0934,1.5542,26.74,2.4518,1.1275,0.06907,1.483,74.49
35,191,4.0817,1.3083,25.231,2.4726,1.0809,0.06845,1.4888,74.78
35,192,4.0953,1.5878,27.361,2.4466,1.0614,0.06866,1.4797,74.32
35,193,4.0368,1.4423,26.27,2.4202,,0.06691,1.4834,74.51
35,194,4.094,1.3131,26.689,2.4986,1.1101,0.0646,1.4827,74.47
35,195,4.0667,1.4859,25.864,2.3666,1.1103,0.06881,1.4799,74.33
35,196,4.0866,1.44,27.455,2.4668,1.0594,0.0694,1.4711,73.89
35,197,4.1067,1.5257,25.897,2.3754,1.0783,0.06533,1.4706,73.87
35,198,4.0507,1.487,26.944,2.4451,1.0997,0.06965,1.4676,73.71
35,199,4.1164,1.5975,26.791,2.3438,1.1133,,1.4668,73.68
35,200,4.1142,1.4491,,2.4973,1.1218,0.07058,1.4654,73.6
35,201,4.0697,1.3749,26.469,2.4557,1.0837,0.06776,1.4487,72.76
35,202,4.0891,1.6632,27.874,2.563,1.0687,0.06687,1.4485,72.76
35,203,4.1205,,26.514,2.4318,1.1246,0.07051,1.4599,73.33
35,204,4.0605,1.4114,26.267,2.5345,1.1365,0.06868,1.4526,72.96
35,205,4.1211,1.6797,26.775,2.4499,1.0686,0.07146,1.4332,71.99
35,206,4.0766,1.7951,25.602,2.4397,1.0587,0.06993,1.4497,72.81
35,207,4.1076,1.5463,25.478,2.5347,1.0304,0.06904,1.452,72.93
35,208,4.0662,1.432,27.124,2.5677,1.0787,0.0664,1.4398,72.32
35,209,4.0685,1.5746,26.834,2.3693,1.0617,0.07131,1.4402,72.34
35,210,4.0581,1.6103,25.32,2.4986,1.0515,0.07107,1.4348,72.06
35,211,4.0972,1.695,27.321,2.5272,1.1053,0.06689,1.4312,71.89
35,212,4.0913,1.5981,26.594,2.5314,1.027,0.07443,1.4312,71.89
35,213,4.0611,1.6946,25.897,2.4907,1.0799,0.06974,1.4326,71.96
35,214,4.0853,1.4033,26.671,2.4929,1.1678,0.07365,1.4247,71.56
35,215,4.0797,1.449,26.315,2.5468,1.0621,0.0698,1.4173,71.19
35,216,4.0344,1.486,27.671,2.5813,1.1337,0.06846,1.4256,71.6
35,217,4.07,1.5341,26.058,2.3989,1.1085,0.07256,1.4084,70.74
35,218,4.0997,1.6459,24.887,2.5399,1.0587,0.06613,1.4111,70.88
35,219,4.0834,1.3413,26.756,2.5129,1.0907,,1.4215,71.4
35,220,4.0565,1.5134,25.298,2.4381,1.1355,0.07372,1.4085,70.75
35,221,4.1173,,26.377,2.5208,1.0403,0.0678,1.4162,71.13
35,222,4.0955,1.4588,27.291,2.5158,1.0892,0.06981,1.4131,70.98
35,223,4.0859,1.5057,24.544,2.5212,1.066,0.06987,1.4055,70.59
35,224,4.0853,1.5827,26.485,2.4101,0.9686,0.07325,1.4057,70.6
35,225,4.0588,1.6345,25.152,2.4196,1.0864,0.07217,1.3899,69.81
35,226,4.0673,1.555,25.896,2.432,0.9585,0.07381,1.3803,69.33
35,227,4.0967,1.6819,27.967,2.4274,1.0983,0.07246,1.4021,70.43
35,228,4.162,1.5107,26.505,2.4967,1.052,0.07282,1.4065,70.65
35,229,4.0805,,26.738,2.4717,0.9643,0.07218,1.41,70.82
35,230,4.0987,1.4769,27.013,2.6743,1.0555,0.07082,1.4051,70.58
35,231,4.0921,1.5846,28.036,2.5333,0.921,0.07366,1.3846,69.54
35,232,4.0841,1.433,28.298,2.4639,0.988,0.07238,1.3848,69.56
35,233,4.1094,1.6118,27.645,2.4523,0.9523,0.07222,1.3898,69.8
35,234,4.0975,1.4308,25.943,2.6029,1.0439,0.06894,1.3838,69.51
35,235,4.0864,1.3929,,2.4796,1.0713,0.07318,1.3653,68.58
35,236,4.0631,1.5101,27.112,2.4988,0.9525,0.07261,1.3853,69.58
35,237,4.0702,1.4638,27.161,2.5191,0.9438,0.07219,1.3634,68.48
35,238,4.1209,1.5412,27.439,2.5369,1.1133,0.07104,1.3574,68.18
35,239,4.1003,1.4737,26.238,2.5107,1.1173,0.07777,1.3582,68.22
35,240,4.0769,1.63,27.35,2.556,0.9991,0.07257,1.3654,68.58
35,241,4.075,1.7124,26.94,2.4919,0.9469,0.07238,1.3637,68.5
35,242,4.0998,,26.272,2.5798,1.1108,0.07319,1.3458,67.6
35,243,4.0608,1.3134,27.104,2.5874,0.9902,0.07192,1.3458,67.6
35,244,4.0395,1.4466,26.891,2.6037,1.0112,0.07435,1.3717,68.9
35,245,4.1499,1.4672,26.493,2.549,1.0464,0.07945,1.355,68.06
35,246,4.0832,1.2778,26.737,2.5573,1.0598,0.07349,1.3468,67.64
35,247,4.0746,1.35,26.141,2.5644,0.8844,0.07413,1.3354,67.08
35,248,4.0281,,27.393,2.6098,1.0119,0.07439,1.3555,68.08
35,249,4.0733,1.4104,26.977,2.5547,0.9854,0.07152,1.3536,67.99
35,250,4.0821,1.6276,27.162,2.5683,0.9734,0.07694,1.3379,67.2
36,1,4.1768,1.6577,23.251,2.0699,1.51,0.04319,1.987,99.68
36,2,4.1567,1.5124,,2.1448,1.4565,0.0449,1.9904,99.85
36,3,4.2126,1.4414,23.253,2.0101,1.453,0.0442,1.9875,99.7
36,4,4.1786,1.3448,24.323,2.0614,1.571,0.04641,1.9822,99.44
36,5,4.228,1.5529,23.952,2.0078,1.5638,0.04358,1.9905,99.85
36,6,4.1489,1.4106,23.999,2.0474,1.5122,0.04354,1.977,99.18
36,7,4.1807,1.3853,22.857,1.973,1.4825,0.0457,1.9777,99.21
36,8,4.2068,1.5375,24.141,2.1471,1.5338,0.0445,1.9823,99.44
36,9,4.2203,1.7145,25.147,2.0906,1.5002,0.04899,1.9884,99.75
36,10,4.2072,1.5171,23.402,2.0001,1.3936,0.04733,1.9696,98.8
36,11,4.1626,1.3992,24.978,2.0772,1.5478,0.04437,1.9942,100.04
36,12,4.22,1.3758,23.738,2.0516,1.5179,0.04896,1.9826,99.46
36,13,4.2366,1.5087,23.712,2.162,1.4825,0.04581,1.9705,98.85
36,14,4.2263,1.3828,24.928,2.0295,1.4431,0.04652,1.9701,98.83
36,15,4.1321,1.4369,24.928,2.1408,1.4605,0.04445,1.9767,99.16
36,16,4.1936,1.5242,25.345,2.0653,1.4069,0.04573,1.9733,98.99
36,17,4.1548,1.4402,24.902,2.0349,1.404,0.04866,1.9701,98.83
36,18,4.146,1.5876,23.417,,1.4153,0.04624,1.9738,99.01
36,19,4.1782,1.4052,,2.11,1.5165,0.048,1.9716,98.91
36,20,4.1726,1.4052,24.256,2.1618,1.5309,0.04224,1.9716,98.9
36,21,4.1582,1.5512,23.221,2.0651,1.3854,0.04665,1.9692,98.79
36,22,4.1812,1.7608,24.165,2.0401,1.5332,0.04421,1.9676,98.7
36,23,4.1822,1.2262,23.075,2.0132,1.5029,0.04648,1.9628,98.46
36,24,4.1289,1.4064,23.544,2.0843,1.4432,0.05082,1.9577,98.21
36,25,4.1243,1.6259,25.155,2.1027,1.5084,0.05041,1.9639,98.52
36,26,4.1378,1.5717,23.746,2.1174,1.4028,0.05007,1.953,97.97
36,27,4.1626,1.471,23.156,2.1684,1.5166,,1.9493,97.79
36,28,4.1615,1.4435,24.25,2.0869,1.4054,0.05062,1.9478,97.71
36,29,4.2152,1.5169,24.044,2.0902,,0.04827,1.9507,97.86
36,30,4.1385,1.3819,24.842,2.1395,1.3711,,1.9528,97.96
36,31,4.1724,1.3062,23.07,2.1074,1.5438,0.04764,1.9562,98.13
36,32,4.1495,1.7088,24.668,2.0396,1.4067,0.04705,1.9529,97.96
36,33,4.1477,1.4455,25.888,2.0795,1.4535,0.04841,1.9475,97.69
36,34,4.1814,1.2413,24.218,,1.4514,0.04867,1.9447,97.55
36,35,4.1716,1.4392,25.921,2.0611,1.5126,0.04672,1.942,97.42
36,36,4.1716,1.3935,23.503,2.1039,1.4836,0.04948,1.94,97.32
36,37,4.1775,1.4507,22.23,2.028,1.4291,0.04631,1.9558,98.11
36,38,4.1685,1.4706,24.204,2.2421,1.439,0.04928,1.9376,97.2
36,39,4.1624,1.4484,25.847,2.1614,1.5031,0.0501,1.9297,96.8
36,40,4.137,1.536,23.828,2.101,1.4379,0.04789,1.9462,97.63
36,41,4.1861,1.3045,25.609,2.0826,1.456,0.05117,1.923,96.47
36,42,4.1726,1.5269,25.041,2.2057,1.4676,0.0483,1.9244,96.54
36,43,4.14,1.4374,24.831,2.1706,1.4567,0.05074,1.9307,96.85
36,44,4.1488,1.6687,25.265,2.1346,1.4837,0.04925,1.9338,97.01
36,45,4.1821,1.3606,26.151,2.1027,1.4023,0.05044,1.9298,96.81
36,46,4.1802,1.6868,24.725,2.1593,1.3479,0.04838,1.9333,96.98
36,47,4.1678,1.5015,24.985,2.1387,1.4094,0.05544,1.9251,96.57
36,48,4.1837,1.3505,24.495,2.1037,1.5181,0.04964,1.9223,96.43
36,49,4.1374,1.4013,24.409,2.1677,1.4709,,1.9226,96.45
36,50,4.1896,1.6988,24.771,2.1763,1.4985,0.0563,1.9166,96.15
36,51,4.1759,1.5236,23.456,2.1703,1.4843,0.04961,1.9233,96.48
36,52,4.1714,1.297,23.123,2.0552,1.3085,0.05335,1.9036,95.49
36,53,4.2076,1.5961,26.4,2.115,1.4299,0.04881,1.9181,96.22
36,54,4.1916,1.5032,24.464,2.1545,,0.05177,1.9132,95.98
36,55,4.1372,,24.718,2.1023,1.3891,0.05313,1.9246,96.55
36,56,4.2241,1.7048,25.059,2.1947,1.4431,0.05284,1.9059,95.61
36,57,4.2231,1.4223,24.281,2.1658,1.4374,0.05586,1.9118,95.9
36,58,4.1684,1.555,24.696,2.238,1.4247,0.05394,1.9095,95.79
36,59,4.1399,1.4677,24.908,2.2327,1.5057,0.05243,1.9057,95.6
36,60,4.1687,1.4288,24.73,2.212,1.4468,0.05124,1.9214,96.39
36,61,4.1442,,24.959,2.2829,1.3764,0.04904,1.9022,95.42
36,62,4.1725,1.4439,24.892,2.1302,1.3852,0.05179,1.8899,94.81
36,63,4.1826,1.6666,25.468,2.2964,1.3276,0.05214,1.8966,95.14
36,64,4.1689,1.3583,25.132,2.0888,1.4299,0.05499,1.8978,95.2
36,65,4.1416,1.6526,26.077,2.0923,1.4078,0.05411,1.89,94.81
36,66,4.1862,1.4443,24.393,2.1395,1.4023,0.05238,1.8975,95.19
36,67,4.1412,1.4902,24.994,2.1336,1.444,0.05452,1.9031,95.47
36,68,4.1252,1.7021,23.62,2.23,1.3982,0.0546,1.9003,95.33
36,69,4.1524,1.601,24.993,2.2013,1.3999,,1.8918,94.9
36,70,4.1823,1.5716,25.234,2.1151,1.4402,0.05125,1.8793,94.27
36,71,4.1359,1.6941,24.562,2.1349,1.3834,0.05214,1.9023,95.43
36,72,4.1911,1.4508,24.987,2.2896,1.3943,0.056,1.8872,94.67
36,73,4.1735,1.5093,25.395,2.3039,1.3661,0.0547,1.892,94.91
36,74,4.1739,1.3169,24.473,2.2586,1.3704,0.0504,1.8806,94.34
36,75,4.1304,1.7062,25.82,2.2538,1.3145,0.05411,1.8784,94.23
36,76,4.1694,1.4564,25.528,2.1231,1.337,0.05045,1.8955,95.09
36,77,4.1624,1.4018,24.772,2.1531,1.3447,0.05225,1.8806,94.34
36,78,4.1288,1.4876,24.54,2.2232,1.5003,0.06003,1.89,94.81
36,79,4.1561,1.6333,26.153,2.2457,1.4261,0.05541,1.8768,94.15
36,80,4.1728,1.5348,25.311,2.1286,1.3298,0.05394,1.872,93.91
36,81,4.1898,1.612,25.002,2.1517,1.4317,0.05546,1.8798,94.3
36,82,4.1705,1.5634,23.382,2.2532,1.363,0.05231,1.8484,92.73
36,83,4.1549,,24.363,2.2021,1.3616,0.05621,1.8888,94.75
36,84,4.1331,1.5375,24.743,,1.4315,0.05421,1.8691,93.76
36,85,4.1227,1.6454,23.843,2.1664,1.3941,0.0549,1.8681,93.71
36,86,4.1365,1.4322,24.853,2.1398,1.3179,0.05715,1.8747,94.04
36,87,4.1401,1.528,23.823,2.1267,1.3739,0.05462,1.864,93.51
36,88,4.1558,1.401,24.484,2.201,1.3701,0.05484,1.8628,93.45
36,89,4.1823,1.5181,25.614,2.1158,1.2862,0.05685,1.858,93.21
36,90,,1.3994,25.739,2.2653,1.3466,0.05629,1.8597,93.29
36,91,4.122,1.4514,25.645,2.2044,1.351,0.05506,1.8576,93.19
36,92,4.1223,1.6971,24.882,2.1947,1.4496,0.05391,1.8661,93.61
36,93,4.1634,1.3287,25.117,2.1394,1.3473,0.06023,1.8568,93.14
36,94,4.1358,1.4595,24.274,2.1437,1.3932,0.05668,1.8367,92.14
36,95,4.1137,1.4484,23.821,2.2423,1.3505,0.05688,1.8392,92.26
36,96,4.1133,1.4576,24.68,2.2872,1.3827,0.05426,1.8687,93.74
36,97,4.1136,1.617,25.939,2.2622,1.3259,0.05602,1.8626,93.44
36,98,4.1491,1.5998,25.864,2.2616,1.4091,0.05556,1.8534,92.97
36,99,4.1215,1.8081,26.169,2.3042,1.358,0.05677,1.8483,92.72
36,100,4.1654,1.4765,24.954,2.2565,1.3133,0.0563,1.8678,93.7
36,101,4.0747,1.7524,25.11,2.2303,1.3321,0.05851,1.8328,91.94
36,102,4.1598,1.5843,25.111,2.3245,1.3236,0.0593,1.8497,92.79
36,103,4.1662,1.4085,23.966,2.1745,1.3354,0.06193,1.8296,91.78
36,104,4.1304,1.6078,24.917,2.2443,1.3094,0.06141,1.8389,92.25
36,105,4.1515,1.4303,24.265,2.2949,1.3385,0.05966,1.8395,92.28
36,106,4.13,1.3613,24.71,2.171,1.3077,0.06034,1.8303,91.82
36,107,4.1101,1.496,25.132,2.3059,1.2554,0.05283,1.829,91.75
36,108,4.1737,1.4929,25.604,2.2561,1.3581,0.05737,1.8349,92.05
36,109,4.1719,1.6536,24.939,2.223,1.2891,0.05583,1.8322,91.91
36,110,4.1275,1.4237,25.638,2.1649,1.2571,0.05952,1.8269,91.65
36,111,4.1364,1.4165,24.341,2.2428,1.3836,0.05935,1.845,92.55
36,112,4.1387,1.689,26.515,2.3496,1.3511,0.05588,1.8184,91.22
36,113,4.1726,1.4761,23.81,2.3078,1.3636,0.0584,1.8203,91.31
36,114,4.108,1.4614,23.875,2.2078,1.3839,0.05205,1.8296,91.78
36,115,4.1149,1.5886,23.78,2.2291,1.2788,0.05961,1.8206,91.33
36,116,4.0864,1.4767,24.742,2.3044,1.2951,0.06242,1.8221,91.41
36,117,4.1132,1.4537,25.194,2.3296,1.2821,0.05825,1.8154,91.07
36,118,4.1032,1.5934,25.226,2.226,1.213,0.05696,1.822,91.4
36,119,4.1241,1.4837,24.225,2.2699,1.2243,0.05674,1.816,91.1
36,120,4.1226,1.5686,26.643,2.2782,1.3499,0.06011,1.8248,91.54
36,121,4.1211,1.4241,25.824,2.3448,1.2274,0.0577,1.8086,90.73
36,122,4.1039,1.4862,25.711,2.3638,,0.05847,1.8099,90.79
36,123,4.1225,1.3273,,2.2669,1.3337,0.06191,1.8142,91.01
36,124,4.104,1.6176,25.229,2.3122,1.2801,0.05986,1.8012,90.36
36,125,4.1507,1.3277,24.944,2.3535,1.2788,0.05969,1.8048,90.54
36,126,4.1337,1.6144,26.567,2.2057,1.2676,0.05837,1.8142,91.01
36,127,4.1475,1.2122,23.867,2.17,1.2437,0.06017,1.8076,90.68
36,128,4.0876,1.7963,26.241,2.3272,1.3225,0.05735,1.8162,91.11
36,129,4.0941,1.5855,24.849,2.2838,1.246,0.06314,1.7969,90.14
36,130,4.0915,1.5651,25.507,2.3827,1.2929,0.06095,1.7951,90.05
36,131,4.13,1.6027,26.182,2.2796,1.2194,0.06017,1.8055,90.57
36,132,4.0997,1.4604,26.495,2.2945,1.3586,0.06158,1.7809,89.34
36,133,4.1464,1.6333,24.335,2.3488,1.3424,0.05648,1.7824,89.41
36,134,,1.4873,26.703,2.3641,1.312,0.06325,1.7853,89.56
36,135,4.1094,1.7438,25.566,2.3751,1.2597,0.0595,1.7859,89.59
36,136,4.1306,1.667,26.158,2.3268,1.2102,0.06116,1.783,89.45
36,137,,1.5628,25.103,2.2891,1.3075,0.06448,1.7908,89.84
36,138,4.1123,1.577,26.193,2.3514,1.2769,0.064,1.8,90.29
36,139,4.087,1.5541,25.423,2.4325,1.2406,0.0636,1.7815,89.37
36,140,4.0801,1.5832,25.199,2.4628,1.2254,0.05981,1.7886,89.73
36,141,4.0955,1.5994,24.927,2.3537,1.2698,0.05982,1.7659,88.58
36,142,4.0907,1.6155,24.326,2.3673,1.2241,0.06213,1.7808,89.33
36,143,4.1173,1.76,25.635,2.2424,1.3685,0.06275,1.784,89.49
36,144,4.1694,1.3562,25.434,2.262,,0.05928,1.7799,89.29
36,145,,1.51,23.887,2.3756,1.2448,0.06754,1.778,89.19
36,146,4.097,1.5344,24.761,2.4058,1.2069,0.06076,1.772,88.89
36,147,4.1191,1.5452,24.73,2.3948,1.2063,0.05919,1.781,89.34
36,148,4.108,1.4935,26.304,2.3196,1.1678,0.06208,1.7761,89.1
36,149,4.1174,1.5009,27.718,2.4404,1.1933,0.06014,1.7739,88.99
36,150,4.1391,1.7,25.685,2.3323,1.1653,,1.7806,89.33
36,151,4.0925,1.6335,25.847,2.395,1.2424,0.06422,1.7634,88.46
36,152,4.0869,1.5772,27.271,2.3759,1.2453,0.06624,1.7564,88.11
36,153,4.0912,1.5238,26.163,2.2731,1.252,0.05991,1.7637,88.47
36,154,4.1068,1.5192,24.305,2.3571,,0.0663,1.7614,88.36
36,155,4.1109,1.8207,25.637,2.3079,1.2471,0.06525,1.7739,88.99
36,156,4.0506,1.4077,26.375,,1.2361,0.06444,1.7659,88.59
36,157,4.1309,1.6761,26.601,2.2826,1.2698,0.066,1.7631,88.44
36,158,4.1411,1.5522,25.857,2.3075,1.3405,0.06187,1.7613,88.35
36,159,4.0995,1.3637,26.455,2.3905,1.2482,0.06283,1.7561,88.09
36,160,4.1015,1.5817,27.167,2.2155,1.2858,0.06895,1.7591,88.24
36,161,4.1269,1.671,25.457,2.3775,1.2293,0.06339,1.7668,88.63
36,162,4.1022,1.3018,26.057,2.364,1.2681,,1.7594,88.26
36,163,4.0823,1.4146,25.031,2.336,1.2616,0.0618,1.7361,87.09
36,164,4.0745,1.4789,25.914,2.3517,1.2609,0.06446,1.7554,88.06
36,165,4.0463,1.5728,,2.3429,,0.06315,1.7455,87.56
36,166,4.1183,1.4809,25.623,2.4122,1.2288,0.06246,1.7531,87.94
36,167,4.1196,1.4335,25.952,2.4127,1.1589,0.06301,1.7315,86.86
36,168,4.0941,1.6475,28.199,2.3912,1.1818,0.06541,1.7551,88.04
36,169,4.1056,1.6114,26.827,2.26,1.2784,0.06583,1.7391,87.24
36,170,4.1219,1.3994,25.116,2.4461,1.2197,0.06854,1.7344,87.01
36,171,4.1103,1.5721,26.463,2.4218,1.2374,0.06556,1.732,86.88
36,172,4.1242,,24.766,2.3453,1.2549,0.0652,1.7204,86.3
36,173,4.0675,1.394,24.148,2.3177,1.1856,0.06869,1.7493,87.75
36,174,4.1077,1.4888,26.686,2.4655,1.1812,0.06479,1.7411,87.34
36,175,4.0579,1.6716,25.839,2.3749,1.2811,0.06492,1.7278,86.67
36,176,4.0571,1.5938,25.868,2.2981,1.154,0.0664,1.7398,87.28
36,177,4.1099,1.4371,24.753,2.4547,1.2184,0.06263,1.7204,86.3
36,178,4.103,1.4749,25.792,2.4777,1.2219,0.06914,1.7317,86.87
36,179,4.1053,1.436,26.197,2.4606,1.2079,0.07035,1.7288,86.72
36,180,4.069,1.4688,26.661,2.3092,1.1976,,1.7316,86.86
36,181,4.0754,1.6536,25.949,2.4435,1.1248,0.06611,1.7222,86.39
36,182,4.1279,1.4344,26.035,2.4277,1.1573,0.06444,1.71,85.78
36,183,4.0493,1.6885,26.313,2.3189,1.1832,0.06812,1.7202,86.29
36,184,4.0487,1.5128,26.832,2.4241,1.2125,0.06899,1.7106,85.81
36,185,4.0294,1.3688,26.197,2.4268,1.119,,1.7282,86.7
36,186,4.0874,1.5531,27.728,2.4177,1.2345,0.06846,1.7278,86.67
36,187,4.086,1.6698,26.441,2.3551,1.2426,0.06173,1.7097,85.77
36,188,4.0907,1.5292,26.357,2.4959,1.2002,0.06751,1.7235,86.46
36,189,4.0771,1.6054,26.573,2.5213,1.143,0.06537,1.7017,85.36
36,190,4.0924,1.3847,25.726,2.4633,1.119,0.06552,1.7101,85.79
36,191,4.0764,1.6238,25.996,2.5217,1.1287,0.06865,1.7003,85.3
36,192,4.0937,1.2334,25.106,2.4151,1.0824,0.06219,1.7043,85.49
36,193,4.1016,1.5862,25.441,2.416,1.1975,0.07081,1.6931,84.93
36,194,4.1155,1.4644,26.246,2.4323,1.1699,0.06553,1.7117,85.87
36,195,4.1031,1.6337,27.029,2.4039,1.1045,0.0699,1.7114,85.85
36,196,4.099,1.7877,,2.4135,1.1863,0.06753,1.7038,85.47
36,197,4.1172,1.4519,25.843,2.4698,1.1061,0.06848,1.6948,85.02
36,198,4.1066,1.6261,26.399,2.4318,1.1689,0.06814,1.6941,84.98
36,199,4.103,1.6818,25.905,2.5129,1.1783,0.07025,1.7039,85.47
36,200,4.1307,1.5829,27.99,2.509,1.0606,,1.6767,84.11
36,201,4.1056,1.5952,26.447,2.4183,1.2016,0.06746,1.6919,84.87
36,202,4.1241,1.384,26.126,,1.1234,0.06542,1.689,84.73
36,203,4.0769,1.7326,26.105,2.431,1.1605,0.07157,1.6714,83.84
36,204,4.0844,1.6025,27.42,2.3492,1.1441,0.06708,1.6925,84.9
36,205,4.104,1.3867,28.172,2.4907,,0.06934,1.6783,84.19
36,206,4.0504,1.4846,27.5,2.3692,1.2161,0.06935,1.6722,83.88
36,207,4.0887,1.624,27.511,2.4414,1.1819,0.07244,1.6828,84.42
36,208,4.0761,1.5078,25.716,2.5649,1.1715,,1.6858,84.57
36,209,4.0821,1.6924,26.586,2.4953,1.1148,0.07137,1.671,83.83
36,210,4.1052,1.2367,26.082,2.3959,1.1875,0.07034,1.6866,84.61
36,211,4.0767,1.5404,26.482,2.5041,1.1047,0.06832,1.6883,84.69
36,212,4.0992,1.6565,26.657,2.5002,1.1715,0.07032,1.6685,83.7
36,213,4.1032,1.7618,27.661,2.5385,1.2476,0.06916,1.6708,83.81
36,214,4.1201,1.6448,26.263,2.4198,1.2275,0.07151,1.6754,84.05
36,215,4.0837,1.7135,,2.4588,1.1888,0.07116,1.6707,83.81
36,216,4.1167,1.6808,25.428,2.5023,1.2168,0.06948,1.6736,83.96
36,217,4.0979,1.6476,27.547,2.3918,1.1937,0.07203,1.681,84.32
36,218,4.1225,1.3053,25.892,2.5636,1.1868,0.07008,1.6599,83.27
36,219,4.0774,1.5799,26.449,2.4794,1.1437,0.07084,1.6562,83.08
36,220,4.0548,1.5451,26.759,2.4317,1.1538,0.07401,1.6577,83.16
36,221,4.0945,1.6668,26.926,2.5429,,0.07036,1.6602,83.28
36,222,4.1185,1.6242,25.946,2.4336,1.0661,0.07254,1.6493,82.74
36,223,4.0722,1.4432,26.683,2.6477,1.1169,0.0743,1.6581,83.18
36,224,4.1065,1.6208,26.905,2.5337,1.193,0.07226,1.6525,82.9
36,225,4.0984,1.7441,25.978,2.4211,1.2024,0.07116,1.6518,82.86
36,226,4.0645,1.4923,27.633,2.542,1.0767,0.07356,1.6616,83.36
36,227,4.0918,1.556,26.752,2.4645,1.0436,0.07122,1.6448,82.51
36,228,4.0919,1.449,27.659,2.5245,1.16,0.07055,1.6541,82.98
36,229,4.0924,1.7357,26.641,2.3949,1.0836,0.07485,1.6614,83.35
36,230,4.1175,1.4652,27.146,2.5232,1.1068,0.07229,1.6365,82.09
36,231,4.1287,1.6143,,2.4295,1.1474,0.07299,1.636,82.07
36,232,4.1427,1.2175,26.19,2.5146,1.083,0.07483,1.6278,81.66
36,233,4.0823,,27.393,2.5009,1.0454,,1.6448,82.51
36,234,,1.5649,26.972,2.4354,1.0951,0.07496,1.6531,82.93
36,235,4.1208,1.6424,26.782,2.5583,1.1074,0.07021,1.6395,82.25
36,236,4.0902,1.9064,27.011,2.5635,1.0806,0.07189,1.6443,82.48
36,237,4.0256,1.549,28.413,2.4274,1.0932,0.07554,1.653,82.92
36,238,4.0847,1.458,27.99,2.6028,1.0845,0.0681,1.623,81.42
36,239,4.1016,1.6159,27.439,2.5411,1.0938,0.07243,1.6352,82.03
36,240,4.0694,1.6337,26.457,2.5004,1.1108,0.0725,1.6297,81.75
36,241,4.0903,1.392,26.995,2.5603,1.1719,0.07874,1.6164,81.09
36,242,4.056,1.5127,27.241,2.5243,1.1132,0.07673,1.6365,82.09
36,243,4.096,1.4124,27.273,2.4302,1.1566,0.07397,1.6253,81.53
36,244,4.0655,1.6045,26.134,2.4807,1.0754,0.07613,1.6116,80.84
36,245,4.0835,1.517,27.89,2.56,1.1599,0.0754,1.6049,80.51
36,246,4.0823,,26.593,2.5043,0.9715,0.07615,1.6097,80.75
36,247,4.0564,1.4247,26.531,2.5633,1.1009,0.0741,1.6165,81.09
36,248,4.0614,1.4442,26.778,2.5763,1.0599,0.0782,1.6061,80.57
36,249,4.0262,1.5161,26.56,2.7446,1.0631,0.07191,1.6096,80.75
36,250,4.0634,1.3976,27.165,2.5727,1.0878,0.07447,1.6125,80.89
37,1,4.2167,1.7927,23.542,2.012,1.4556,0.0469,2.0364,99.5
37,2,4.1966,1.5516,23.963,2.1316,1.4908,0.04524,2.0358,99.47
37,3,4.1176,1.6277,23.695,2.1216,1.4882,0.04514,2.0314,99.26
37,4,4.1647,1.3068,23.119,1.9962,1.5055,0.04771,2.04,99.68
37,5,4.1753,1.5294,23.46,2.0791,1.558,0.04639,2.0299,99.18
37,6,4.1563,1.4867,23.454,2.0223,1.4965,0.0453,2.0325,99.31
37,7,4.1622,1.5477,23.77,2.0041,1.5335,0.04668,2.0385,99.6
37,8,4.0983,1.6357,24.881,2.1314,1.5576,0.04599,2.0227,98.83
37,9,4.1312,1.5176,23.77,2.0171,1.4277,0.04402,2.0214,98.77
37,10,4.2003,1.6354,23.689,2.1404,1.4965,0.04914,2.0112,98.27
37,11,4.1909,1.5311,23.592,1.9882,1.5043,0.04613,2.0241,98.9
37,12,4.1933,1.4005,23.957,2.0458,1.4948,0.04382,2.0374,99.55
37,13,4.1643,1.5805,23.77,2.0474,1.5204,0.04242,2.0211,98.75
37,14,4.2104,1.6761,23.819,2.0914,1.4666,0.04371,2.019,98.65
37,15,4.1368,1.5742,24.924,2.1536,1.5104,0.04597,2.0091,98.17
37,16,4.1759,1.6779,25.584,2.0733,,0.04589,2.0042,97.93
37,17,4.1636,1.5318,23.585,1.9947,1.4192,0.04821,2.0065,98.04
37,18,4.1634,1.6095,25.244,2.0245,1.3558,0.04555,1.9914,97.3
37,19,4.1882,1.3613,22.648,2.0298,1.451,0.05146,1.9992,97.68
37,20,4.1872,1.635,24.042,2.0925,1.4874,0.04861,1.9958,97.51
37,21,4.1966,1.6356,24.188,2.1342,1.4916,0.05284,1.9911,97.29
37,22,4.1798,1.435,23.358,2.1216,1.3872,0.05089,1.9966,97.56
37,23,4.1439,1.6235,24.396,2.1054,1.4291,0.0475,1.9703,96.27
37,24,4.1484,1.4722,24.259,2.078,1.5056,0.0488,1.9895,97.21
37,25,4.1261,1.6456,23.736,2.2035,1.4219,0.04851,1.9805,96.77
37,26,4.1634,1.5413,24.136,2.2118,1.474,0.04789,1.9838,96.93
37,27,4.1962,1.5509,24.532,2.0147,1.5188,0.04894,1.9779,96.64
37,28,4.1756,1.6711,25.113,2.2215,1.501,0.0445,1.9697,96.24
37,29,4.1234,1.6665,25.256,2.2049,1.4816,0.04905,1.9807,96.78
37,30,4.1371,1.5093,24.187,2.0804,,0.04892,1.9778,96.64
37,31,4.2032,,24.043,1.9394,1.5273,0.046,1.971,96.31
37,32,4.1729,1.6236,23.829,,1.5329,0.04931,1.9664,96.08
37,33,4.1285,1.6836,24.265,2.0997,1.5727,0.05081,1.9529,95.42
37,34,4.2057,1.3179,25.417,2.2148,1.4268,0.05058,1.9664,96.08
37,35,4.1466,1.615,24.05,2.2723,1.4548,,1.9623,95.88
37,36,4.1737,1.6518,23.898,2.0896,1.4029,0.04701,1.9388,94.73
37,37,,1.3537,22.841,2.0908,1.4398,0.0506,1.9388,94.73
37,38,4.1482,1.5706,25.264,2.1991,1.4602,0.04624,1.9394,94.76
37,39,4.1938,1.7183,24.66,2.116,1.3842,0.05252,1.9368,94.64
37,40,4.211,1.4962,23.788,2.0217,1.4183,0.04955,1.9327,94.43
37,41,4.1617,1.6724,25.194,2.1419,1.4887,0.04809,1.936,94.59
37,42,4.1785,1.6863,23.631,2.0795,1.3916,0.051,1.9416,94.87
37,43,4.1748,1.2536,,2.148,1.4565,0.0509,1.935,94.55
37,44,4.1732,1.5157,24.597,2.1662,1.4197,0.04756,1.9255,94.08
37,45,4.2004,1.4403,24.544,2.1884,1.5299,0.04989,1.9264,94.13
37,46,4.1761,1.4094,24.68,2.1776,,0.04998,1.9154,93.59
37,47,4.1862,1.5124,24.714,2.0743,1.4282,0.04986,1.9291,94.26
37,48,4.1939,1.3721,25.363,2.156,1.4172,0.04902,1.9206,93.84
37,49,4.2122,1.2016,22.666,2.1356,1.4334,0.05276,1.9195,93.79
37,50,4.1166,1.5814,24.56,2.2013,1.3796,0.04794,1.9182,93.73
37,51,4.1693,,24.69,2.1143,1.4047,0.05408,1.9084,93.25
37,52,4.1672,1.6308,24.199,2.2318,1.3991,0.04871,1.9298,94.29
37,53,4.1584,1.6752,25.507,2.0762,1.4204,0.04957,1.9159,93.61
37,54,4.1579,1.4291,22.939,2.2258,1.3923,0.05096,1.9142,93.53
37,55,4.1331,1.3261,24.606,2.1026,1.4017,0.04987,1.9053,93.09
37,56,4.1138,,25.574,2.2207,1.4004,0.05457,1.8879,92.25
37,57,4.1748,1.4495,24.043,2.212,1.4208,0.0531,1.8919,92.44
37,58,4.1796,1.59,24.482,2.2012,1.4497,,1.8816,91.94
37,59,4.1462,1.2423,24.663,2.2223,1.4232,0.05304,1.885,92.11
37,60,4.1505,1.3204,24.608,2.2464,1.415,0.05146,1.8964,92.66
37,61,4.1622,1.4833,24.807,2.1516,1.4251,0.05052,1.8919,92.44
37,62,4.1738,1.5379,24.989,2.1772,1.418,0.05172,1.8856,92.13
37,63,4.1291,1.4771,23.125,2.1772,1.419,0.05243,1.8793,91.83
37,64,4.1846,1.5077,23.98,2.2422,1.4332,0.05358,1.8851,92.11
37,65,4.1602,1.4724,24.16,2.2015,1.3346,0.05431,1.8709,91.42
37,66,4.1475,1.5049,23.939,2.1205,1.4699,0.05262,1.8748,91.6
37,67,4.1728,1.3871,25.13,2.2732,1.3663,0.05536,1.8585,90.81
37,68,4.1887,1.58,24.489,2.0601,1.3407,0.05216,1.8731,91.52
37,69,4.1793,1.3788,25.661,2.1405,1.3373,0.05051,1.8726,91.5
37,70,4.1339,1.6681,24.315,2.2335,1.3148,0.05546,1.8648,91.11
37,71,4.1554,1.4676,24.481,2.2216,1.4633,0.05142,1.8604,90.9
37,72,4.1323,1.3294,23.44,,1.35,0.05647,1.8541,90.59
37,73,4.1266,1.6037,24.361,2.1899,1.3872,0.05798,1.8621,90.99
37,74,4.1097,1.6004,25.918,2.2511,1.3176,0.05413,1.8538,90.58
37,75,4.1905,1.5853,26.376,2.1576,1.3538,0.05292,1.8489,90.34
37,76,4.1743,1.5583,25.058,2.2264,1.2959,0.0533,1.8542,90.6
37,77,4.145,1.4333,24.165,2.1086,1.3816,0.0515,1.8412,89.96
37,78,4.153,1.6181,24.364,2.3173,1.4722,0.05442,1.8492,90.35
37,79,4.1441,1.6327,25.741,2.1015,1.3164,0.05527,1.8418,89.99
37,80,4.1477,1.3084,25.175,2.3193,1.2419,0.05648,1.8422,90.01
37,81,4.1671,1.5025,25.692,2.2058,1.3843,0.05489,1.8481,90.3
37,82,4.1241,1.4567,26.232,2.1772,1.2533,0.06187,1.8317,89.5
37,83,4.1359,1.4642,24.966,2.1714,1.4223,0.05456,1.8248,89.16
37,84,4.0705,1.644,24.828,2.242,1.2979,0.05527,1.8173,88.8
37,85,4.1648,1.5326,24.161,2.3649,1.3666,0.05331,1.8229,89.07
37,86,4.1511,1.571,25.408,2.2373,1.3893,,1.822,89.03
37,87,4.0964,1.3049,24.175,2.2093,1.3048,0.05341,1.8239,89.12
37,88,4.1186,1.2248,23.639,2.1901,1.3267,0.05736,1.8172,88.79
37,89,4.0898,1.6877,25.134,2.2327,1.3441,0.05397,1.8162,88.74
37,90,4.0908,1.6743,25.439,,1.3627,0.05492,1.8147,88.67
37,91,4.1209,1.3936,25.084,2.1494,1.3078,0.05644,1.8178,88.82
37,92,4.1377,1.4053,24.721,2.1944,,0.0548,1.8109,88.48
37,93,4.1106,1.2933,25.733,2.2809,1.2654,0.05746,1.7946,87.69
37,94,4.1054,1.388,24.874,2.2836,1.357,0.0552,1.8002,87.96
37,95,4.1332,1.4261,25.82,2.2502,1.3518,0.0542,1.801,88.0
37,96,4.1573,1.4807,24.951,2.1801,1.3318,0.05436,1.7906,87.49
37,97,4.1115,1.4894,26.411,2.267,1.3048,0.05835,1.7951,87.71
37,98,4.1112,1.4709,26.02,2.3106,1.2927,0.05619,1.7838,87.16
37,99,4.1962,1.4863,26.278,2.2641,1.361,0.05891,1.7904,87.48
37,100,4.1343,1.4901,25.469,2.3227,1.3819,0.05942,1.7859,87.26
37,101,4.1203,1.4158,25.234,2.31,1.284,0.05675,1.7782,86.89
37,102,4.1261,1.4925,26.106,2.2566,1.277,0.05743,1.7846,87.2
37,103,4.1963,1.6977,28.027,2.1935,1.38,0.06047,1.7803,86.99
37,104,4.1234,1.6041,25.112,2.1911,1.2367,0.05449,1.7745,86.7
37,105,4.1495,1.3988,25.525,2.2902,1.3234,0.05896,1.7736,86.66
37,106,4.1656,1.5908,24.377,2.3741,1.256,0.05769,1.7709,86.53
37,107,4.1441,1.4173,25.454,2.2952,1.3178,0.05683,1.787,87.32
37,108,4.1023,1.4227,26.239,2.1959,1.3043,0.06076,1.7538,85.69
37,109,4.1665,1.446,25.746,2.3386,1.3463,0.05986,1.7667,86.32
37,110,4.1472,1.575,25.29,2.2368,1.3153,0.05623,1.7494,85.48
37,111,4.1536,1.6417,25.888,2.2469,1.2371,0.05676,1.753,85.65
37,112,4.1345,1.5046,25.48,2.3163,1.2435,0.05747,1.7642,86.2
37,113,4.1351,1.6497,26.138,2.2314,1.1245,0.05897,1.7565,85.83
37,114,4.1414,1.708,24.794,2.3199,1.3288,0.05937,1.7404,85.04
37,115,4.0763,1.5251,25.403,2.3451,1.3347,0.05778,1.7489,85.45
37,116,4.0879,1.6864,25.554,,1.2132,0.05938,1.7285,84.46
37,117,4.1687,1.5079,25.722,2.2839,1.3232,0.06256,1.7422,85.12
37,118,4.1762,1.5826,24.246,2.2383,1.3233,0.05868,1.7462,85.32
37,119,4.1062,1.6912,26.883,2.2768,1.2671,0.06183,1.7362,84.83
37,120,4.0852,1.5995,25.956,2.303,1.2347,0.05769,1.742,85.12
37,121,4.1091,1.2817,24.757,2.3213,1.2083,0.06218,1.7063,83.37
37,122,4.131,1.5913,24.279,2.3062,1.2066,0.05619,1.7442,85.22
37,123,4.1208,1.5136,25.434,2.23,1.2725,0.05837,1.7159,83.84
37,124,4.1183,1.3023,24.707,2.3334,1.3105,0.05742,1.7245,84.26
37,125,4.1126,1.6593,,2.2267,1.2891,0.06254,1.7149,83.79
37,126,4.1039,1.6207,25.805,2.2898,1.3095,0.06011,1.7202,84.05
37,127,4.1444,1.4589,24.55,2.3265,1.3404,0.05569,1.7166,83.87
37,128,4.1233,1.4551,24.965,2.3626,1.2962,0.05829,1.7193,84.01
37,129,4.1563,1.603,24.337,2.3496,1.1968,0.06092,1.7134,83.72
37,130,4.1316,1.4391,24.65,2.3327,1.2605,0.06224,1.7024,83.18
37,131,4.0832,1.6008,26.85,2.281,1.2776,0.0601,1.7016,83.14
37,132,4.1075,1.5143,23.983,2.4101,1.2305,0.06344,1.7188,83.98
37,133,4.1182,1.4262,24.76,2.3023,1.2421,0.06023,1.6955,82.84
37,134,4.1268,1.2853,25.08,2.2278,1.2901,0.06354,1.6862,82.39
37,135,4.1073,1.4313,25.335,2.3197,1.2723,0.062,1.7006,83.09
37,136,4.1354,1.5667,25.087,2.269,1.243,,1.677,81.94
37,137,4.1198,1.5427,26.382,2.3217,1.1388,0.06194,1.682,82.19
37,138,4.0967,1.3586,25.881,2.2657,1.2868,,1.6748,81.83
37,139,4.1088,1.3615,26.555,2.2925,1.2918,0.06107,1.6697,81.58
37,140,4.1038,1.8063,25.128,2.1502,1.2509,0.05975,1.6862,82.39
37,141,4.1148,1.4576,25.316,2.3601,1.2175,0.06161,1.6825,82.21
37,142,4.1568,1.6785,24.74,2.3383,1.1912,0.05955,1.6744,81.81
37,143,4.1075,1.4916,26.791,2.4052,1.2481,0.06364,1.6503,80.63
37,144,4.1274,1.6878,,2.3119,1.1998,0.06118,1.6802,82.09
37,145,4.1556,1.6292,26.874,2.3394,1.2207,0.06356,1.6696,81.58
37,146,4.1251,1.8001,26.581,2.2984,1.1912,0.0642,1.6718,81.69
37,147,4.1383,1.5846,25.033,2.4396,1.2923,0.06187,1.672,81.7
37,148,4.118,1.4776,24.822,2.3842,1.1477,0.06157,1.6663,81.42
37,149,4.1234,1.5683,25.634,2.2571,1.2443,0.06388,1.6746,81.82
37,150,4.1027,1.4735,26.223,2.2781,1.2601,0.06268,1.6648,81.34
37,151,4.1697,1.49,25.911,,1.1173,0.06434,1.6583,81.03
37,152,4.1305,1.4398,25.161,2.3578,1.1417,0.06302,1.6348,79.88
37,153,4.0789,1.4967,26.811,2.4045,1.1819,0.06303,1.6422,80.24
37,154,4.0808,1.3974,25.937,2.319,1.2054,0.06144,1.6441,80.33
37,155,4.1262,1.71,27.201,2.3085,1.1667,0.0643,1.6523,80.74
37,156,4.1157,1.4819,26.584,2.4239,1.1884,0.06006,1.6364,79.96
37,157,4.0941,1.5207,25.8,2.3907,1.1752,,1.6491,80.58
37,158,4.1296,1.5089,25.806,,1.228,,1.6398,80.12
37,159,4.0841,1.5337,26.081,2.3702,1.1456,0.06459,1.6353,79.9
37,160,4.1185,1.5076,26.956,2.3744,1.2682,0.06465,1.6349,79.89
37,161,4.1284,1.4804,25.553,2.4399,1.1309,0.06082,1.6219,79.25
37,162,4.1146,1.6284,26.214,2.2439,1.1451,0.06192,1.627,79.49
37,163,4.1024,1.5858,26.836,2.4121,1.1598,0.06672,1.6112,78.72
37,164,4.1077,1.4451,25.706,2.3577,,0.06595,1.6221,79.26
37,165,4.1256,1.4403,26.473,2.2906,1.2159,0.06615,1.6226,79.28
37,166,4.1332,1.7119,25.786,2.4747,1.0989,0.06465,1.6105,78.69
37,167,4.1281,1.3414,24.253,2.4068,1.2301,,1.5955,77.96
37,168,,1.4111,25.124,2.456,1.1941,0.06801,1.615,78.91
37,169,,1.3533,26.417,2.4661,1.2311,0.06639,1.6011,78.23
37,170,4.0883,1.2872,24.491,2.3069,1.085,0.06268,1.619,79.11
37,171,4.1182,1.561,27.332,2.3235,1.1932,0.06815,1.5991,78.14
37,172,4.0915,1.6916,26.009,2.4856,1.0995,0.06888,1.6,78.18
37,173,4.0782,1.489,25.07,2.3706,1.0977,0.0622,1.6117,78.75
37,174,4.1276,1.3029,26.95,2.4592,1.2338,0.06657,1.5892,77.65
37,175,4.0654,1.6905,28.762,2.3882,1.1702,0.06416,1.6099,78.66
37,176,4.1055,1.2428,26.293,2.4739,1.1232,0.06527,1.5948,77.92
37,177,4.0771,1.6157,26.492,2.5488,1.1608,0.06517,1.5986,78.11
37,178,4.1028,1.7225,27.667,2.3675,1.1542,0.06497,1.5914,77.76
37,179,4.0179,1.7295,25.887,2.3874,1.2977,0.0652,1.58,77.2
37,180,4.1057,1.5676,25.746,2.4831,1.1669,0.06682,1.583,77.35
37,181,4.0953,1.6441,27.127,2.3924,1.1171,0.06848,1.5767,77.04
37,182,4.12,1.411,26.06,2.4722,,,1.582,77.3
37,183,4.0926,1.5038,26.458,2.4306,1.2182,0.0652,1.5902,77.7
37,184,4.104,1.587,26.284,2.4782,1.2179,0.06857,1.5678,76.6
37,185,4.0913,1.5368,25.171,2.3541,1.2135,0.07071,1.5753,76.97
37,186,4.11,1.345,27.364,2.4279,1.2704,0.06605,1.5589,76.17
37,187,4.1058,1.6365,27.057,2.4887,1.1333,0.06941,1.5633,76.39
37,188,4.1154,1.43,26.514,2.3127,1.1844,0.06423,1.5828,77.34
37,189,4.0939,1.6489,26.486,2.5182,1.1723,0.06988,1.5683,76.63
37,190,4.0836,1.3612,25.203,2.4421,1.1424,,1.557,76.08
37,191,4.0983,1.6902,26.867,2.441,1.1508,0.07041,1.5522,75.84
37,192,4.0806,,25.83,2.4058,1.1761,0.07144,1.5567,76.06
37,193,4.0706,1.3765,27.549,2.5004,1.0992,0.06844,1.5496,75.71
37,194,4.0911,1.6326,26.362,2.4253,1.0032,0.06747,1.5616,76.3
37,195,4.1053,1.5592,26.569,2.5038,1.0122,0.0683,1.5437,75.43
37,196,4.0605,1.4945,26.363,2.4793,1.1475,0.06687,1.5362,75.06
37,197,4.1273,1.7232,26.386,2.456,1.0813,0.07069,1.5416,75.32
37,198,4.0775,1.6708,27.17,2.4404,1.0954,0.07372,1.5592,76.19
37,199,4.1144,1.5045,26.442,2.3808,1.1626,0.06813,1.5444,75.46
37,200,4.0686,1.8193,26.545,2.4793,1.0585,0.06862,1.5277,74.64
37,201,4.0988,1.4209,26.956,2.3522,,0.07147,1.5225,74.39
37,202,4.0892,1.4837,26.498,2.5824,1.1072,0.06925,1.5433,75.41
37,203,4.0717,1.5833,27.25,2.4815,1.154,0.06736,1.5202,74.28
37,204,4.1081,1.4735,25.477,2.4776,1.1147,0.0691,1.5174,74.14
37,205,4.1346,1.6459,26.979,2.5482,1.1228,0.06921,1.5365,75.07
37,206,4.0677,1.6423,25.441,2.4335,1.0901,0.06691,1.5167,74.11
37,207,4.0892,1.6543,26.264,2.4771,1.0316,0.06741,1.5158,74.07
37,208,4.1109,1.4919,26.663,2.5057,1.1412,0.07397,1.5013,73.36
37,209,4.0682,1.6152,28.536,2.4425,1.0636,0.06497,1.5138,73.97
37,210,4.121,1.5107,25.623,2.4787,1.2266,0.07021,1.4952,73.06
37,211,4.0616,1.7069,26.331,2.4312,1.0572,0.06967,1.5247,74.5
37,212,4.0726,1.6602,26.162,2.4752,1.0735,0.07406,1.5147,74.01
37,213,4.0913,1.4985,26.088,2.4221,1.1631,0.06733,1.5087,73.72
37,214,4.1058,1.3311,26.508,2.433,1.0943,0.07034,1.4992,73.25
37,215,4.0992,,26.037,2.4919,1.1053,0.07169,1.4817,72.4
37,216,4.0211,1.5903,26.709,2.4552,1.105,0.07276,1.5036,73.47
37,217,4.1174,1.6701,27.104,2.4184,1.1937,0.07161,1.4879,72.7
37,218,4.0847,1.599,27.476,2.4915,1.0244,0.07323,1.4937,72.98
37,219,4.0563,1.5252,26.294,2.5186,1.1108,0.07034,1.4836,72.49
37,220,4.0689,1.625,27.182,2.5402,1.0684,0.07192,1.4887,72.74
37,221,4.0993,1.6127,26.689,2.4299,1.1067,0.07242,1.4894,72.77
37,222,4.1013,1.552,26.623,2.515,1.1224,0.07476,1.4741,72.03
37,223,4.0739,1.6064,25.732,2.5551,1.0087,0.06901,1.4801,72.32
37,224,4.0271,1.6905,28.164,2.5245,1.1087,0.06873,1.4906,72.83
37,225,,1.5733,27.143,2.5275,1.0726,0.06956,1.4718,71.92
37,226,4.0499,1.4901,27.814,2.4153,1.0654,0.07386,1.4762,72.13
37,227,4.0855,1.4528,27.716,2.4376,1.1051,0.07255,1.4761,72.12
37,228,4.0677,1.7515,,2.4086,,0.07319,1.4623,71.45
37,229,4.0776,1.3389,26.631,2.5658,1.0845,0.07347,1.4776,72.2
37,230,4.0429,1.5184,27.689,2.4717,1.0689,0.07293,1.4489,70.79
37,231,4.0576,1.5316,26.517,2.5697,1.0377,,1.4531,71.0
37,232,4.0762,1.6308,26.855,,1.055,0.07463,1.4562,71.15
37,233,4.0215,1.4483,26.163,2.5585,0.9624,0.07352,1.4593,71.3
37,234,4.0906,1.5249,25.545,2.5098,1.1307,,1.4594,71.31
37,235,4.0945,1.5181,27.022,2.5485,1.03,0.07237,1.4694,71.79
37,236,4.1111,1.4901,26.197,,1.1643,0.07537,1.4655,71.61
37,237,4.0598,1.4624,26.062,2.3413,1.009,0.07408,1.4571,71.2
37,238,4.0575,1.6143,26.454,2.5798,1.0862,0.0752,1.4468,70.69
37,239,4.052,1.3928,25.004,2.5813,,0.07341,1.443,70.51
37,240,4.0453,1.5212,27.161,2.5214,1.0676,,1.4418,70.45
37,241,4.0493,1.5199,26.921,2.4848,1.0629,0.06899,1.4354,70.14
37,242,4.0357,1.6612,27.594,2.602,0.9865,0.07363,1.444,70.55
37,243,4.0813,1.6373,27.602,2.5724,,0.07553,1.4353,70.13
37,244,4.0988,1.5274,25.608,2.6209,1.0598,0.07398,1.4307,69.91
37,245,4.1074,1.5488,28.214,2.5764,1.0166,0.07178,1.4291,69.83
37,246,4.1022,1.4687,27.208,2.6422,0.9441,0.07532,1.4266,69.7
37,247,4.0778,1.3326,26.156,2.4267,0.9661,0.07633,1.4279,69.77
37,248,4.0889,1.6289,26.232,2.5647,0.9486,0.07531,1.4184,69.31
37,249,4.0623,1.3355,25.6,2.7085,1.0589,0.07432,1.4221,69.49
37,250,4.1043,1.6828,27.065,2.5376,1.067,0.07453,1.424,69.58
38,1,4.1471,1.5176,24.952,1.9958,1.4942,0.04752,2.076,100.4
38,2,4.0911,1.6441,22.337,2.0421,1.4516,0.04414,2.0775,100.48
38,3,4.1919,1.672,23.166,2.1184,1.5016,0.04485,2.0638,99.81
38,4,4.1993,1.2987,23.744,2.0049,1.4957,0.04522,2.0742,100.31
38,5,4.1464,1.4741,23.713,2.0759,1.5099,0.04748,2.0619,99.72
38,6,4.1924,1.5288,23.187,2.0325,1.4767,0.04724,2.0579,99.52
38,7,4.1748,1.5185,22.843,2.0332,1.3846,0.04746,2.0602,99.64
38,8,4.1631,1.5287,24.464,1.9893,1.5045,0.0469,2.0689,100.06
38,9,4.1774,1.4658,23.414,2.1018,1.5922,0.04207,2.05,99.15
38,10,4.1451,1.4486,23.848,2.0727,1.5004,0.04592,2.0291,98.13
38,11,4.1519,1.6105,25.853,1.9762,1.4055,0.04669,2.0541,99.34
38,12,4.1755,1.2467,22.491,2.0364,1.5204,0.04573,2.0467,98.99
38,13,4.1788,1.6137,23.364,2.0746,1.5686,0.04498,2.0409,98.7
38,14,4.1759,1.3752,23.087,2.0512,1.4805,0.04818,2.0318,98.26
38,15,4.174,1.6504,25.3,2.0677,1.4996,0.04499,2.0273,98.05
38,16,4.2111,1.6583,24.364,2.0961,1.4543,0.04506,2.0344,98.39
38,17,4.1791,1.5892,24.248,2.1043,1.3601,0.04738,2.0268,98.02
38,18,4.1406,1.5572,25.442,2.0793,1.5291,,2.0224,97.81
38,19,4.132,1.4907,24.818,2.0782,1.5585,0.04313,2.0414,98.73
38,20,4.1648,1.4898,,2.0663,1.4657,0.04789,2.0218,97.78
38,21,4.1733,1.5533,25.322,2.1562,1.3643,0.04911,2.0291,98.13
38,22,4.1635,1.4483,23.299,1.9707,1.5234,0.04917,2.0243,97.9
38,23,4.1874,1.6263,22.991,2.1049,1.4647,0.04862,2.0148,97.44
38,24,4.1884,1.3137,25.116,2.0603,1.4689,0.04436,2.0147,97.44
38,25,4.1683,1.4942,23.704,2.0208,1.5051,0.04453,2.01,97.21
38,26,4.2107,1.7699,23.769,2.1308,1.4452,0.05057,2.0149,97.45
38,27,4.1605,1.3948,23.902,2.0572,1.4692,0.04829,2.0093,97.17
38,28,4.1513,1.5795,24.992,2.0517,1.4635,0.04663,1.9994,96.69
38,29,4.1434,1.5347,24.746,2.06,1.4289,0.04792,2.0223,97.8
38,30,4.1712,,24.36,1.9809,1.4213,0.04776,1.9922,96.35
38,31,4.1199,,25.052,1.9982,1.4911,0.04686,2.0047,96.96
38,32,4.1814,1.6,24.047,2.1486,1.5383,0.04826,1.999,96.68
38,33,4.1829,1.1634,23.207,2.1708,1.4653,0.04853,1.9907,96.28
38,34,4.1654,1.4414,22.94,2.1911,1.4191,0.04854,1.9822,95.86
38,35,4.1509,,,2.1172,1.4187,0.04925,1.9731,95.42
38,36,4.1264,1.5355,25.088,2.1123,1.4525,0.04787,1.9891,96.2
38,37,4.2036,1.6743,24.193,2.0956,1.5194,0.05063,1.985,96.0
38,38,4.1177,1.6155,24.37,2.1339,1.4146,0.05286,1.9849,96.0
38,39,4.2113,1.5093,24.345,2.0702,1.4181,0.04927,1.9702,95.28
38,40,4.1755,1.481,24.888,2.1953,1.498,0.05105,1.9767,95.6
38,41,4.135,1.5312,23.662,2.1871,1.4584,0.05218,1.9773,95.63
38,42,4.1721,1.4251,22.62,2.1601,,0.05164,1.9804,95.78
38,43,4.1756,1.5361,23.232,2.2058,1.3778,,1.9742,95.48
38,44,4.1607,1.4683,24.045,2.181,1.3697,0.04945,1.9636,94.97
38,45,4.134,1.3192,24.91,2.1475,1.3897,0.044,1.9472,94.17
38,46,,1.4636,,2.0515,1.3621,0.04717,1.9494,94.28
38,47,4.1046,1.2952,24.695,2.2301,1.4346,0.05001,1.9593,94.76
38,48,4.1454,1.445,24.081,2.229,1.4617,0.05182,1.9744,95.49
38,49,4.1465,1.4686,23.779,2.1187,,0.05049,1.9572,94.66
38,50,4.1641,1.5303,23.942,2.0705,1.3713,0.05318,1.9588,94.73
38,51,4.1618,1.5305,24.101,2.146,1.4282,0.04881,1.9361,93.64
38,52,4.1532,1.4954,23.481,2.1497,1.4221,0.05307,1.9413,93.89
38,53,4.144,1.59,25.568,2.0628,1.3893,0.04696,1.9445,94.04
38,54,4.1906,1.3686,24.791,2.1729,1.3819,0.05039,1.9346,93.56
38,55,4.1766,1.7658,22.862,2.1805,1.2955,0.05133,1.9511,94.36
38,56,4.1237,,24.264,2.1776,1.3513,0.05005,1.9358,93.62
38,57,4.1699,1.8123,25.114,2.1907,1.3972,0.05445,1.9394,93.79
38,58,4.1497,1.5269,25.04,2.2121,1.3929,0.05355,1.9254,93.12
38,59,,1.2704,24.172,2.3083,1.4133,0.05093,1.9193,92.82
38,60,4.1493,1.362,22.999,2.158,1.393,0.05149,1.9324,93.45
38,61,4.1849,1.5865,,2.1698,1.4583,0.05394,1.9327,93.47
38,62,4.1383,1.6337,25.981,2.218,1.5513,0.05394,1.9285,93.27
38,63,4.1677,1.4939,23.808,2.1241,1.3658,0.05014,1.9313,93.4
38,64,4.1513,1.6526,,2.227,1.4119,0.05343,1.9175,92.73
38,65,4.203,1.4154,24.232,2.1824,,0.05325,1.9167,92.7
38,66,4.1635,1.5821,24.86,2.2875,1.4173,0.05237,1.9147,92.6
38,67,4.0991,1.375,24.491,2.1076,1.4366,0.05458,1.9228,92.99
38,68,4.135,1.5783,25.934,2.1898,1.4448,,1.9236,93.03
38,69,4.1299,1.3242,24.314,2.1771,1.4147,0.05418,1.9187,92.79
38,70,4.1235,1.7057,,2.1574,1.402,0.05146,1.9002,91.9
38,71,4.1678,1.3889,23.655,2.1667,1.3971,0.05627,1.8979,91.79
38,72,4.1605,1.3881,24.879,2.122,1.4306,0.05387,1.904,92.08
38,73,4.1598,1.4521,24.43,2.1345,1.471,0.0533,1.8985,91.82
38,74,4.164,1.5125,23.046,2.3152,1.3555,0.0522,1.8941,91.61
38,75,4.1333,1.4516,24.935,2.0841,1.4147,0.05591,1.893,91.55
38,76,4.1572,1.4087,24.452,2.2201,1.4157,0.05478,1.8785,90.85
38,77,4.147,1.5703,24.39,2.15,1.3676,0.05539,1.8786,90.86
38,78,4.1509,1.3604,24.985,2.0928,1.3868,0.05612,1.8829,91.06
38,79,4.1584,1.5413,23.896,2.133,1.3522,0.05418,1.8838,91.11
38,80,4.1135,1.1692,25.902,2.3086,1.3247,0.05172,1.8766,90.76
38,81,4.0906,1.6355,25.644,2.1856,1.4401,0.0534,1.8922,91.51
38,82,4.1369,1.3663,26.458,2.1666,1.3456,0.05647,1.885,91.16
38,83,4.1097,1.6854,25.213,2.2055,1.3578,0.05493,1.8859,91.21
38,84,4.1524,1.5371,24.759,2.2274,1.3473,0.05493,1.8612,90.01
38,85,4.1361,1.4195,25.53,2.151,1.413,0.05451,1.8747,90.66
38,86,4.1772,1.5058,25.737,2.255,1.3688,0.05653,1.876,90.73
38,87,4.1819,1.5232,24.488,2.1941,1.3993,0.0536,1.8645,90.17
38,88,4.173,1.3655,25.513,2.1624,1.3166,0.05462,1.8796,90.9
38,89,4.1581,1.5438,25.459,2.2248,1.3237,0.05464,1.8562,89.77
38,90,4.1308,1.681,24.789,2.2279,1.3681,0.05816,1.8687,90.38
38,91,4.1467,1.5226,24.392,2.2157,1.4635,0.054,1.8653,90.21
38,92,4.104,1.4241,24.066,2.157,1.361,0.0575,1.8508,89.51
38,93,4.1126,1.3119,23.254,2.1587,1.2938,0.05524,1.8558,89.75
38,94,4.128,1.7042,27.218,2.2275,1.2473,0.05521,1.8528,89.61
38,95,4.1544,1.3539,23.666,2.2521,1.3125,0.05527,1.8463,89.29
38,96,4.1267,1.5383,23.275,2.2399,1.3709,0.05741,1.8391,88.94
38,97,4.1254,1.5034,26.187,2.2418,1.4171,,1.8607,89.99
38,98,,1.4865,,,1.3691,0.06059,1.8427,89.12
38,99,4.1649,1.5439,26.076,,1.3196,0.05941,1.8248,88.25
38,100,4.1556,1.4444,24.975,2.2769,1.3512,0.05865,1.8366,88.82
38,101,4.1345,1.6314,26.524,2.1983,1.3878,0.05558,1.832,88.6
38,102,4.1412,1.4568,25.03,2.144,1.3641,0.05668,1.8341,88.7
38,103,4.1193,1.6028,,2.1835,1.3197,0.05529,1.8298,88.49
38,104,4.1503,1.5387,25.642,2.3178,1.2827,0.0566,1.828,88.41
38,105,4.1233,1.4422,25.714,2.2856,1.3924,,1.8112,87.59
38,106,4.1508,1.7909,25.969,2.2553,1.327,,1.8265,88.33
38,107,4.1212,1.4307,27.298,2.1918,1.364,,1.832,88.6
38,108,4.1007,1.8413,25.847,2.2314,1.2503,0.05394,1.8213,88.08
38,109,4.11,1.4842,24.807,2.2963,1.3353,0.05958,1.8221,88.12
38,110,4.1126,1.3549,25.027,2.297,1.3196,0.05446,1.8205,88.04
38,111,4.105,1.5193,26.127,2.119,1.3859,0.05623,1.8124,87.65
38,112,4.1506,1.4807,25.684,2.2278,1.2246,0.06072,1.8176,87.9
38,113,4.1742,1.6229,24.828,2.3085,1.3314,0.06201,1.8019,87.14
38,114,4.1229,1.5691,25.465,2.1917,1.3543,0.06188,1.8012,87.11
38,115,4.0964,1.5037,24.657,2.261,1.3125,0.06011,1.804,87.25
38,116,4.1435,1.3904,25.806,2.2605,1.2957,0.05889,1.8118,87.62
38,117,4.1527,1.5772,24.548,2.1905,1.3319,0.06012,1.7994,87.02
38,118,4.1244,1.5513,25.86,2.1885,1.2196,0.06063,1.8061,87.35
38,119,4.1601,1.7391,25.475,2.2634,1.2284,0.06032,1.7967,86.89
38,120,4.1017,1.555,24.979,2.2857,1.2782,0.05718,1.775,85.84
38,121,4.1431,1.4968,25.72,2.287,1.2828,0.05985,1.7727,85.73
38,122,4.1166,1.3977,27.327,2.3515,1.3638,0.06218,1.7854,86.35
38,123,4.1201,1.5188,25.207,2.3458,1.2465,0.05763,1.7824,86.2
38,124,4.1161,1.462,24.947,2.301,1.2245,0.06136,1.772,85.7
38,125,4.0944,1.4415,25.319,2.3495,1.2777,0.05679,1.7714,85.67
38,126,4.135,1.4493,25.588,,1.2401,0.06204,1.7818,86.17
38,127,4.1272,1.3716,26.415,2.355,1.3107,0.06014,1.7857,86.36
38,128,4.1011,1.6221,25.425,2.2016,1.231,0.06117,1.7826,86.21
38,129,4.133,1.4753,25.687,2.3424,1.3951,0.0597,1.7729,85.74
38,130,4.1377,1.5342,24.56,2.3897,1.2896,0.05942,1.777,85.94
38,131,4.1276,1.4071,25.006,2.2744,1.273,,1.7595,85.09
38,132,4.1153,1.5328,25.025,2.2762,,0.06142,1.7618,85.2
38,133,4.089,1.5486,25.471,2.3017,1.2485,0.06324,1.7749,85.84
38,134,4.0913,1.6509,26.721,2.4228,1.2767,0.06204,1.7404,84.17
38,135,4.1193,1.5874,25.335,2.3132,1.3224,0.06411,1.7426,84.28
38,136,4.1175,1.6079,25.466,2.3817,1.2377,0.06282,1.7573,84.99
38,137,4.1029,1.5637,25.407,2.381,1.2117,0.06189,1.7529,84.77
38,138,4.1479,1.6065,25.748,2.323,,0.06308,1.7449,84.39
38,139,4.1408,1.4533,25.734,2.2001,1.2967,0.06034,1.7425,84.27
38,140,4.0822,1.5426,25.788,2.2511,1.257,0.06127,1.7446,84.37
38,141,4.0988,1.5786,24.61,2.3332,1.2748,0.06273,1.7538,84.82
38,142,4.1594,1.478,26.063,2.3126,1.21,0.05966,1.7408,84.19
38,143,4.1308,1.6807,26.414,2.3141,1.2166,0.06249,1.7322,83.77
38,144,4.1373,1.5659,25.033,2.4258,1.1856,0.06238,1.7289,83.62
38,145,4.1331,1.4468,25.346,2.2795,1.2594,0.06404,1.7417,84.23
38,146,4.1282,1.4629,25.633,2.2772,1.2091,0.0665,1.7175,83.06
38,147,4.1136,1.4123,27.725,2.3698,1.2409,0.06448,1.7278,83.56
38,148,4.1091,1.5068,,2.3214,1.2165,0.0634,1.7311,83.72
38,149,4.1301,1.5343,25.156,2.4351,1.2192,0.06399,1.7243,83.39
38,150,4.1318,1.3262,27.141,2.3898,1.2231,0.06414,1.7133,82.86
38,151,4.107,1.612,26.405,2.3502,1.248,0.06528,1.7114,82.77
38,152,4.0646,1.5219,25.865,2.2761,1.1823,0.06623,1.7251,83.43
38,153,4.1006,1.427,26.079,2.371,1.3267,0.06229,1.7113,82.76
38,154,4.0635,1.3529,26.737,2.4216,1.2531,0.06573,1.719,83.14
38,155,4.1516,1.3991,25.998,2.5249,1.1811,0.0663,1.704,82.41
38,156,4.0965,1.7742,25.472,2.3568,1.2603,0.06353,1.7181,83.09
38,157,4.0779,1.7177,24.335,2.1858,1.2341,0.06531,1.733,83.81
38,158,4.1491,1.5477,26.352,2.3772,1.302,0.06149,1.7178,83.08
38,159,,1.6502,27.165,2.3621,1.1938,0.06549,1.6983,82.13
38,160,4.1497,1.4636,25.655,2.4138,1.1795,0.0619,1.6926,81.86
38,161,4.0815,1.5553,26.016,2.255,1.167,0.06503,1.7084,82.62
38,162,4.088,1.418,26.351,2.419,1.2643,0.06488,1.7068,82.54
38,163,,1.5144,26.51,2.3432,1.201,0.06563,1.6904,81.75
38,164,4.1397,1.5186,23.736,2.3877,1.1843,0.0626,1.676,81.06
38,165,4.1267,1.5058,26.031,2.3924,1.1323,0.07006,1.7059,82.5
38,166,4.1505,1.4231,26.369,2.309,1.0632,0.06673,1.6883,81.65
38,167,4.0916,1.12,25.172,2.3983,1.1519,0.0653,1.6873,81.6
38,168,4.0744,1.5081,24.29,2.4146,1.2068,0.06637,1.6784,81.17
38,169,4.0976,1.2028,25.466,2.3165,1.2759,,1.6903,81.75
38,170,4.14,1.4358,26.023,2.3898,1.312,0.06793,1.6858,81.53
38,171,4.0878,1.47,25.366,2.372,1.1688,0.06559,1.6683,80.68
38,172,4.1314,1.4344,24.65,2.3626,1.165,0.06859,1.6737,80.94
38,173,4.1346,1.6415,24.668,2.3423,1.1212,0.06889,1.6791,81.21
38,174,4.1117,1.4579,25.673,2.3439,1.2267,0.06609,1.6768,81.1
38,175,4.1117,1.6253,26.664,2.4638,1.229,0.06497,1.6734,80.93
38,176,4.1085,1.5035,26.102,2.4603,1.2167,0.06798,1.6696,80.75
38,177,4.1291,1.6194,25.622,2.3807,1.1442,0.06408,1.6638,80.46
38,178,4.1416,1.6654,26.694,2.3696,1.1358,0.06594,1.6826,81.38
38,179,,1.5451,26.887,2.4214,1.0966,0.06614,1.6532,79.95
38,180,4.1059,1.4604,25.721,2.3681,1.0985,0.06654,1.6599,80.28
38,181,4.0867,1.3781,26.821,2.4915,1.159,0.06484,1.6608,80.32
38,182,4.1051,1.4734,24.896,2.4701,1.1891,0.06994,1.6512,79.85
38,183,4.1345,1.5003,25.713,2.3843,1.2667,0.06658,1.6504,79.82
38,184,4.0857,1.3614,26.601,2.3767,1.1925,0.06748,1.6605,80.31
38,185,4.138,1.558,26.385,2.397,1.199,0.06809,1.6471,79.66
38,186,4.1199,1.5033,26.7,2.3412,1.2145,0.06588,1.6402,79.33
38,187,4.1279,1.5773,27.259,2.3572,1.1654,0.06614,1.6466,79.63
38,188,4.0559,1.5379,27.054,2.501,1.1117,0.0666,1.6337,79.01
38,189,4.0747,1.4928,26.275,2.4097,1.0928,0.06962,1.6308,78.87
38,190,4.1043,1.5826,26.872,2.4376,1.1211,0.07083,1.636,79.12
38,191,,1.4226,27.791,2.4203,1.1282,0.06686,1.6374,79.19
38,192,4.0817,1.5448,28.205,2.338,1.1394,0.06816,1.6337,79.01
38,193,4.1061,1.6364,25.369,2.4311,1.1617,0.06931,1.6138,78.05
38,194,4.0742,1.5936,26.338,2.4166,1.1621,0.0691,1.647,79.65
38,195,4.0991,1.5196,25.614,2.4882,1.2044,0.07036,1.6235,78.52
38,196,4.0724,1.415,26.983,2.3679,1.1185,0.07281,1.6266,78.67
38,197,4.0953,1.3073,25.596,,1.0764,0.06945,1.6231,78.5
38,198,4.0753,1.3409,26.261,2.3438,1.1399,0.07004,1.6058,77.66
38,199,4.1021,1.557,26.384,2.4425,,0.0667,1.6162,78.16
38,200,4.1409,1.5882,27.505,2.4695,1.1062,0.06839,1.6092,77.83
38,201,4.1239,1.6376,25.908,2.498,1.1714,0.06927,1.5962,77.2
38,202,4.1034,1.5764,26.637,2.4576,1.1128,0.07106,1.6118,77.95
38,203,4.0607,1.5346,25.955,2.4863,1.1642,0.06963,1.6216,78.43
38,204,4.0764,1.4393,24.998,2.5311,1.1683,0.07206,1.5988,77.32
38,205,4.1,1.429,25.919,2.5821,1.1149,0.07149,1.5985,77.31
38,206,4.0524,1.5148,26.792,2.5033,1.0438,0.06779,1.6011,77.44
38,207,4.0633,1.6773,26.647,2.4919,1.1962,0.06741,1.5994,77.35
38,208,4.0898,1.551,26.378,2.4741,0.9836,0.07245,1.5984,77.3
38,209,4.1303,1.4174,25.615,2.4923,1.1373,0.07098,1.5818,76.5
38,210,4.082,1.4874,26.971,2.4272,1.1319,0.06681,1.5932,77.05
38,211,4.0875,1.5267,27.929,2.5605,1.1696,0.0721,1.5901,76.9
38,212,4.0923,1.5837,27.126,,1.1487,0.07057,1.5867,76.74
38,213,4.1071,1.4532,26.606,2.4792,1.0696,0.07334,1.5871,76.75
38,214,4.1195,1.371,25.216,2.4575,1.1356,0.07146,1.5749,76.16
38,215,4.064,1.6434,25.425,2.42,,0.0686,1.5896,76.88
38,216,4.0665,1.6528,27.47,2.4401,1.0976,0.07074,1.5814,76.48
38,217,4.0588,1.2477,25.962,,1.0387,0.07097,1.5857,76.69
38,218,4.0903,1.3884,28.845,2.5496,1.0707,0.06962,1.5633,75.6
38,219,4.0999,1.4791,25.674,2.4002,1.1069,0.06983,1.5689,75.88
38,220,4.0278,1.5897,26.491,2.3837,1.1253,0.0724,1.5705,75.95
38,221,4.0967,1.3692,24.659,2.4816,1.0583,0.06903,1.5596,75.43
38,222,4.0855,1.7301,27.274,2.5259,1.0605,0.06736,1.5684,75.85
38,223,4.092,1.7259,26.002,2.554,,0.07388,1.5775,76.29
38,224,4.0735,1.5673,26.486,2.547,1.0606,0.07048,1.5641,75.64
38,225,4.0941,1.5401,26.486,2.5628,1.1262,,1.556,75.25
38,226,4.0739,1.4591,26.045,2.5471,1.1492,0.072,1.5467,74.8
38,227,4.0594,1.4065,27.248,2.4271,1.0625,0.07094,1.5528,75.1
38,228,4.0725,1.4658,27.782,,1.1121,0.07265,1.5541,75.16
38,229,4.0765,1.3898,27.407,2.4999,1.0542,0.07182,1.5444,74.69
38,230,4.0701,1.44,25.017,2.5041,1.1084,0.07162,1.5519,75.06
38,231,4.0479,1.4895,25.868,2.4448,1.0602,0.07649,1.5377,74.37
38,232,4.105,1.6121,25.368,2.6721,1.1094,0.07064,1.5606,75.47
38,233,4.0727,1.6351,26.706,2.5473,1.1231,0.07468,1.5612,75.5
38,234,4.0786,1.5603,26.842,2.4538,1.0383,0.07246,1.5478,74.85
38,235,4.086,1.5241,26.638,2.4484,1.0367,,1.5454,74.74
38,236,4.0933,1.5094,27.297,2.4296,1.0293,0.07385,1.5332,74.15
38,237,4.0918,1.6766,28.033,2.6187,1.166,0.07273,1.531,74.05
38,238,4.1451,1.3794,26.24,2.5453,1.0901,0.07019,1.5471,74.82
38,239,4.0779,1.5097,27.376,2.6457,1.0066,0.07831,1.5189,73.46
38,240,4.0289,1.3927,26.428,2.4709,1.1029,0.07507,1.5394,74.45
38,241,4.0809,1.5201,27.233,2.6462,0.9484,0.07396,1.5233,73.67
38,242,4.0686,1.5738,27.952,2.5023,1.1771,,1.5237,73.69
38,243,4.0703,1.5676,27.606,2.498,1.1203,0.07811,1.5227,73.64
38,244,4.0573,1.6884,27.94,2.4439,1.0888,0.07583,1.5132,73.18
38,245,4.1073,1.3443,25.033,2.6036,1.0192,0.07433,1.5129,73.17
38,246,4.0906,1.5778,26.939,2.4685,1.0474,0.07519,1.5021,72.65
38,247,4.0564,1.5383,,2.5696,1.1138,0.07446,1.5047,72.77
38,248,,1.585,27.354,2.6864,1.0234,0.07236,1.5149,73.27
38,249,4.0521,1.5865,26.083,2.5691,1.0525,0.07671,1.4985,72.47
38,250,4.0882,1.5964,28.05,2.4598,0.9794,0.07496,1.5074,72.9
39,1,4.1469,1.468,23.959,2.1004,1.4307,0.04755,1.857,100.24
39,2,4.2175,1.7172,25.138,2.1041,1.4195,0.04411,1.8644,100.64
39,3,4.1341,1.6593,23.742,2.0377,1.4923,0.04592,1.8569,100.24
39,4,4.1554,1.3204,22.102,2.1605,1.4377,0.0437,1.8444,99.56
39,5,4.1583,1.4096,24.903,2.1183,1.4588,0.04449,1.8522,99.98
39,6,4.1918,1.5319,25.082,2.0161,1.4338,0.04683,1.8464,99.67
39,7,4.2007,1.6622,24.326,2.1017,1.4327,0.04525,1.8384,99.24
39,8,4.1555,1.6004,23.822,2.0285,1.4963,0.04735,1.8516,99.95
39,9,4.1717,1.4864,24.28,2.0534,1.5264,0.04386,1.8345,99.03
39,10,4.1726,1.263,23.214,2.0474,1.4366,0.04581,1.8261,98.57
39,11,4.1555,1.4562,24.542,1.9498,1.4594,0.04203,1.8385,99.24
39,12,4.1876,1.5387,23.694,2.1035,1.389,0.0492,1.8351,99.06
39,13,4.1504,1.6672,24.512,2.0216,1.4948,0.04985,1.84,99.33
39,14,,1.5005,24.632,2.1399,1.4814,0.04298,1.8297,98.77
39,15,4.1974,1.4185,24.36,2.0394,1.4637,0.04687,1.826,98.57
39,16,4.1827,1.3338,25.668,2.017,1.5551,0.0426,1.8334,98.97
39,17,4.1372,1.6964,23.628,2.0321,,0.0499,1.8275,98.65
39,18,4.1663,1.4642,24.59,2.0954,1.433,0.04688,1.8353,99.07
39,19,4.1827,1.6854,23.941,2.0626,1.4212,0.04688,1.8287,98.71
39,20,4.1446,1.6554,24.199,2.174,1.5513,0.04945,1.8291,98.74
39,21,4.1984,1.4678,24.424,2.0649,1.392,0.04814,1.8256,98.55
39,22,4.1809,1.5194,24.061,2.163,1.3887,0.04814,1.8198,98.23
39,23,4.1874,1.5,22.839,2.0883,1.5266,0.04726,1.8266,98.6
39,24,4.1734,1.5549,23.83,2.1571,1.4364,0.04444,1.8158,98.01
39,25,4.1553,1.3584,24.378,2.0932,,0.04897,1.7939,96.83
39,26,4.1592,1.4375,24.983,2.1058,1.4727,0.05073,1.8046,97.41
39,27,4.153,1.399,24.771,2.1116,1.3741,0.05003,1.8099,97.7
39,28,4.1437,1.5476,24.864,2.2208,1.4032,0.04836,1.8167,98.07
39,29,4.1987,1.5524,24.591,2.0872,1.3929,0.04818,1.8131,97.87
39,30,4.1777,1.4218,24.946,2.1127,1.3998,0.05014,1.8118,97.8
39,31,4.1747,1.7292,23.147,2.1826,1.3564,0.04869,1.8117,97.8
39,32,4.1644,1.3965,23.18,2.0124,1.3926,0.04913,1.8032,97.34
39,33,4.1944,1.6068,25.322,2.0693,1.4579,0.04973,1.8062,97.5
39,34,4.1917,1.4003,23.467,2.2253,1.4084,0.04701,1.7895,96.6
39,35,,1.3622,24.148,2.1256,1.5327,0.0463,1.794,96.84
39,36,4.1498,1.4295,24.382,2.1084,1.4351,0.04951,1.7853,96.37
39,37,4.1576,1.4741,25.335,2.1903,1.4279,0.048,1.7873,96.48
39,38,4.1344,1.5852,25.539,2.0142,1.3895,0.04941,1.796,96.95
39,39,4.1481,1.4352,24.533,,1.4042,0.05148,1.7992,97.12
39,40,4.1496,1.5113,24.95,2.0962,1.3578,0.04693,1.7958,96.94
39,41,4.2163,1.4277,24.884,2.2203,1.3331,0.05067,1.7982,97.07
39,42,4.1552,1.5002,25.634,2.1223,1.3618,0.04974,1.7978,97.04
39,43,4.1815,1.5757,25.06,2.0829,1.4188,0.04941,1.8002,97.18
39,44,4.1554,1.6267,26.193,2.0999,1.4388,0.05012,1.7826,96.23
39,45,4.1699,1.4456,24.055,2.1457,1.4061,0.05161,1.789,96.57
39,46,4.1757,1.3647,25.487,2.1949,1.384,0.04854,1.8052,97.44
39,47,4.191,1.5809,25.84,2.2421,1.393,0.04457,1.7776,95.96
39,48,4.1228,1.6912,25.31,2.1532,1.3534,0.05316,1.771,95.6
39,49,4.1285,1.3558,24.591,2.1191,1.4275,0.05107,1.7694,95.51
39,50,4.1538,1.4011,24.448,2.2339,1.3653,0.04981,1.7637,95.21
39,51,4.1481,1.5801,25.025,2.1049,1.3095,0.05051,1.7766,95.9
39,52,4.2014,1.3793,23.72,2.2279,1.3821,0.05098,1.7747,95.8
39,53,4.1883,1.638,24.276,2.197,1.4277,0.05087,1.775,95.82
39,54,4.1422,1.3993,24.896,2.2284,1.4071,,1.771,95.6
39,55,4.1711,1.65,24.141,2.2252,1.402,0.04919,1.777,95.92
39,56,4.1306,1.5179,26.599,2.1952,1.3609,0.04888,1.7685,95.46
39,57,4.1522,1.2752,23.594,2.2334,1.4292,0.05212,1.7657,95.31
39,58,4.1564,1.426,26.422,2.0967,1.3859,0.05079,1.7699,95.54
39,59,4.1949,1.5223,24.53,2.1516,1.3882,0.05032,1.7585,94.92
39,60,4.1513,1.4232,23.536,2.1882,1.3405,0.05278,1.7593,94.97
39,61,,1.6196,23.61,2.3023,1.3702,0.05217,1.7396,93.9
39,62,4.1324,1.6875,25.164,2.1939,1.4059,0.05335,1.7562,94.8
39,63,4.1524,1.5854,24.957,2.1116,1.4221,0.05301,1.7483,94.37
39,64,4.1691,1.4579,23.543,2.1938,1.3845,0.05226,1.7489,94.41
39,65,4.1476,1.5046,24.951,2.2436,1.3864,0.05698,1.7486,94.39
39,66,4.1302,1.4895,25.403,2.0885,1.3682,0.05132,1.7628,95.16
39,67,4.1516,1.3045,26.549,2.1669,1.4184,0.04988,1.7468,94.29
39,68,4.1704,1.486,25.47,2.2388,1.301,0.05568,1.7403,93.94
39,69,4.1137,1.527,25.41,2.1954,1.3458,0.05432,1.7484,94.38
39,70,4.1443,,25.435,2.1713,1.4338,0.05229,1.7291,93.34
39,71,4.1795,1.5857,25.285,2.1916,1.3178,0.05449,1.7315,93.47
39,72,4.1927,1.5422,24.717,2.1827,1.2742,0.0551,1.7343,93.62
39,73,4.1439,1.8166,23.813,2.2023,1.2633,0.05269,1.7309,93.44
39,74,4.1141,1.5602,26.135,2.2297,1.3735,0.05713,1.7343,93.62
39,75,4.0874,1.5327,22.937,2.1678,1.2567,0.05455,1.7387,93.86
39,76,4.1533,1.6051,24.272,2.2294,1.1954,0.05113,1.7251,93.12
39,77,4.1233,1.4485,24.208,2.1105,1.2781,0.05423,1.7408,93.97
39,78,4.1717,1.4375,24.851,2.1852,1.3709,,1.7259,93.17
39,79,4.1546,1.4133,24.765,2.2423,1.29,0.05305,1.7312,93.45
39,80,4.1946,1.456,23.926,2.1163,1.2786,0.05513,1.7159,92.63
39,81,4.1523,1.598,24.969,2.2159,1.3977,0.05619,1.7221,92.96
39,82,4.1345,1.5934,25.378,2.2439,1.3551,0.05549,1.7256,93.15
39,83,4.144,1.3786,25.357,2.1344,1.3115,0.05508,1.7088,92.24
39,84,4.1402,1.6047,24.688,2.2476,1.3376,0.05295,1.7101,92.31
39,85,4.1365,1.511,23.75,2.1468,1.3744,0.05671,1.718,92.74
39,86,4.1638,1.3538,24.675,2.2138,1.2736,0.05305,1.7178,92.73
39,87,4.1251,,25.39,2.2968,1.3498,0.05482,1.725,93.11
39,88,4.1627,1.6598,27.218,2.2968,1.2733,0.05454,1.7027,91.91
39,89,4.1197,1.3611,25.372,2.2982,1.4145,0.06185,1.6946,91.47
39,90,4.1249,1.4666,24.486,2.3815,1.167,0.05904,1.7116,92.39
39,91,4.1293,1.204,25.581,2.2913,1.2463,0.05814,1.7005,91.79
39,92,4.1253,1.2675,24.65,2.3067,1.258,0.0582,1.7137,92.5
39,93,4.1359,1.4256,25.152,2.2969,1.3793,0.05658,1.6979,91.65
39,94,4.1535,1.4784,24.847,2.2565,1.3224,0.05545,1.6906,91.26
39,95,4.1474,1.5841,25.945,2.118,1.2782,0.05609,1.7061,92.1
39,96,4.1151,1.4361,25.492,2.2807,1.2958,0.05451,1.6979,91.65
39,97,4.156,1.648,24.716,2.4717,1.3061,0.05513,1.7051,92.04
39,98,4.1546,1.539,25.482,2.3318,1.3097,0.05331,1.7157,92.61
39,99,4.1579,1.5091,24.411,,1.3329,0.05943,1.6949,91.49
39,100,4.1056,1.5079,24.655,2.2269,1.2719,0.05853,1.6845,90.93
39,101,4.1054,1.4265,23.913,2.2665,1.2898,0.05914,1.685,90.96
39,102,4.1372,1.5555,24.052,2.2786,,0.05698,1.6817,90.78
39,103,4.1317,1.2807,25.233,2.3121,1.2689,0.05992,1.6783,90.59
39,104,4.115,1.4822,27.037,2.252,1.3868,0.0574,1.6813,90.76
39,105,4.1816,1.5379,25.07,2.3228,1.34,0.05644,1.6788,90.62
39,106,4.1266,1.3982,24.584,2.2014,1.2844,0.0579,1.6909,91.27
39,107,4.1536,1.4676,25.091,2.2345,1.2844,0.0574,1.6912,91.29
39,108,4.168,1.6979,25.034,2.3229,1.3073,0.05686,1.6808,90.73
39,109,4.094,1.6454,25.389,2.2129,1.267,0.06184,1.6901,91.23
39,110,4.111,1.5118,25.185,2.2771,1.3584,0.05742,1.6972,91.62
39,111,4.1189,1.4942,25.941,2.2904,1.3008,0.06044,1.6693,90.11
39,112,4.1279,1.5757,24.942,2.2871,1.32,,1.6716,90.24
39,113,4.1064,1.5575,25.887,2.3042,1.2547,0.05564,1.6825,90.82
39,114,4.0934,1.3568,25.661,2.2651,1.2743,0.05611,1.6796,90.66
39,115,4.1492,,25.378,2.344,1.1967,0.05909,1.6713,90.22
39,116,4.1367,1.4847,24.208,2.2682,1.2334,0.05878,1.6678,90.03
39,117,4.0902,1.6328,26.978,2.3955,1.3518,0.05943,1.6754,90.44
39,118,4.0817,1.4916,26.312,2.2107,1.2148,0.05938,1.6647,89.86
39,119,4.172,1.5879,25.808,2.3478,1.235,0.05984,1.6493,89.03
39,120,4.0681,1.5141,26.723,2.4012,1.2425,0.05885,1.6531,89.23
39,121,4.1521,1.5689,25.383,2.1848,1.1587,0.05978,1.6468,88.89
39,122,4.1386,1.5887,24.519,2.308,1.2002,0.06152,1.6453,88.81
39,123,4.1217,1.6958,26.533,2.2985,1.2837,,1.6823,90.81
39,124,4.1167,1.6817,25.205,2.2444,1.197,0.06159,1.6554,89.36
39,125,4.0817,1.6405,24.46,2.277,1.2348,0.05781,1.6512,89.13
39,126,4.1436,1.5971,25.672,2.335,1.155,0.06116,1.6375,88.39
39,127,4.1339,1.5717,26.405,2.3064,1.2466,0.05757,1.6528,89.22
39,128,4.1057,1.4476,,2.2507,1.2371,0.06201,1.6533,89.25
39,129,,1.5993,23.683,2.4297,1.2133,0.05861,1.6373,88.38
39,130,4.1046,1.511,24.974,2.3871,1.3718,0.06205,1.6452,88.81
39,131,4.1072,1.647,25.134,2.3405,,0.05821,1.6445,88.77
39,132,4.096,1.6969,25.217,2.3158,1.201,0.05837,1.6396,88.5
39,133,4.1178,1.8011,26.795,2.3291,1.2523,0.06078,1.6451,88.8
39,134,4.0838,,26.55,2.3436,1.255,0.06265,1.6298,87.98
39,135,4.1041,1.7626,26.36,2.2297,1.1407,0.0627,1.6348,88.25
39,136,4.1155,1.2579,,2.3868,1.1983,0.05898,1.6277,87.86
39,137,4.1192,1.4783,24.355,2.3571,1.1963,0.06179,1.6312,88.05
39,138,4.149,1.6062,25.496,2.3543,1.3033,0.06391,1.6237,87.65
39,139,4.1326,1.4558,26.086,2.438,1.2561,0.06003,1.6419,88.63
39,140,4.136,1.5416,,2.302,1.2099,0.06248,1.6287,87.92
39,141,4.1007,1.2272,23.06,2.338,1.2289,0.06151,1.6297,87.97
39,142,4.1561,1.4617,25.95,2.4441,1.1653,0.06558,1.6252,87.73
39,143,4.1079,1.2173,,2.4505,1.183,0.06583,1.6311,88.04
39,144,4.1225,1.5003,24.659,2.3334,1.2081,0.0599,1.6081,86.81
39,145,4.0977,1.4786,26.872,2.3092,1.1005,0.0619,1.6254,87.74
39,146,4.1083,1.6251,26.222,2.3149,1.2454,0.06345,1.6192,87.41
39,147,4.1099,1.5563,25.919,2.3346,1.2336,0.06375,1.6202,87.46
39,148,4.1288,1.2522,26.202,2.2966,1.2643,0.06004,1.6196,87.42
39,149,4.0584,1.5611,25.569,2.3834,1.2953,0.06335,1.6261,87.78
39,150,4.1509,1.4482,26.027,2.4402,1.2234,0.06183,1.6193,87.41
39,151,4.1149,1.5838,25.49,2.3749,1.1961,0.06213,1.6143,87.14
39,152,4.0988,1.4322,,2.3578,1.1957,0.06468,1.619,87.39
39,153,4.069,1.3004,25.961,2.4278,1.2432,0.06236,1.597,86.21
39,154,4.0545,1.7172,27.034,2.4208,1.1522,0.06275,1.6063,86.71
39,155,4.1528,1.6432,25.882,2.4039,1.149,0.06083,1.6021,86.48
39,156,4.0814,1.3204,25.683,2.3548,1.1428,0.06292,1.6014,86.44
39,157,4.1037,1.5404,25.796,2.4761,1.2591,0.06407,1.6033,86.55
39,158,4.0949,1.3687,25.1,2.4153,1.1584,0.06361,1.5921,85.94
39,159,4.1223,1.5321,25.855,2.3637,1.2377,0.06468,1.6065,86.72
39,160,4.0762,1.5819,26.292,2.2837,1.1783,0.06487,1.5933,86.01
39,161,4.1529,1.7074,25.171,2.3657,1.2327,,1.5916,85.92
39,162,4.0909,1.3359,26.302,2.3619,1.3139,0.06632,1.598,86.26
39,163,4.1235,1.516,26.396,2.3418,1.1946,0.06668,1.582,85.39
39,164,4.1336,1.8985,26.073,2.494,1.1966,0.06391,1.5954,86.12
39,165,4.1283,1.4806,24.389,2.4387,1.1895,0.06376,1.5871,85.67
39,166,4.1155,1.6798,25.49,2.4082,1.2841,0.06682,1.5754,85.04
39,167,4.1025,1.4689,26.033,2.3679,1.1619,0.06483,1.5839,85.5
39,168,4.1012,1.8532,25.36,2.49,1.2241,0.06655,1.5695,84.72
39,169,4.1285,1.754,27.262,2.4167,1.1756,0.06418,1.5768,85.11
39,170,4.1195,1.5423,26.109,2.4001,1.267,0.06596,1.5805,85.32
39,171,4.0457,1.654,26.789,2.4384,1.2043,0.06383,1.5798,85.28
39,172,4.1492,1.3701,24.919,2.3202,1.1618,0.06904,1.5741,84.97
39,173,4.1319,1.2985,25.243,2.369,1.2507,0.06625,1.577,85.13
39,174,4.1092,1.51,27.774,2.5291,1.2242,0.0681,1.5727,84.9
39,175,4.1156,1.2983,25.597,2.3213,1.1904,0.06601,1.5674,84.61
39,176,4.1198,1.6739,25.791,2.3076,1.2639,0.06524,1.576,85.07
39,177,4.1298,1.504,25.297,2.5451,1.1358,0.07015,1.5678,84.63
39,178,4.1278,1.6583,26.086,2.4562,1.2616,0.06923,1.5695,84.72
39,179,4.1195,1.5287,25.591,2.5175,1.1349,0.06574,1.5742,84.98
39,180,4.0653,1.4965,25.647,2.3386,1.0962,0.06677,1.5635,84.4
39,181,4.099,1.4089,25.622,,1.2165,0.06886,1.5698,84.74
39,182,4.1387,1.4769,25.303,2.4108,1.2187,0.06846,1.5619,84.31
39,183,4.0982,1.5582,26.186,2.3779,1.1581,0.06675,1.567,84.59
39,184,4.1153,1.5572,27.453,2.381,1.1307,0.06378,1.5529,83.82
39,185,4.1154,1.6396,27.037,2.5133,1.1753,0.06757,1.5471,83.52
39,186,4.0804,1.3458,25.834,2.4201,1.1564,0.06598,1.5588,84.14
39,187,4.1188,1.3974,26.148,2.4027,1.0619,0.06689,1.547,83.51
39,188,4.0883,1.5541,24.689,2.5041,1.2944,0.06594,1.5431,83.29
39,189,4.0778,1.4147,27.868,2.4253,1.1779,0.0703,1.5439,83.34
39,190,4.1259,1.3868,26.983,2.4214,1.2275,0.0663,1.5553,83.96
39,191,4.0961,1.6155,25.06,2.4204,1.0805,0.06992,1.5357,82.9
39,192,4.1236,1.4518,26.549,2.3634,1.1295,0.066,1.5386,83.05
39,193,4.1219,1.5639,27.271,2.4165,1.1688,0.06815,1.5537,83.87
39,194,4.0976,1.5313,24.977,2.4106,1.2249,0.0682,1.5439,83.34
39,195,4.0954,1.3557,25.85,2.4637,1.1544,0.06925,1.5325,82.72
39,196,4.0769,1.3586,25.958,2.4187,1.1426,0.0681,1.5486,83.6
39,197,4.0959,1.645,26.588,2.4679,1.2173,0.06552,1.536,82.91
39,198,4.0899,1.5445,26.954,,1.098,0.07038,1.5346,82.84
39,199,4.0683,1.6332,27.114,2.469,1.1444,0.07015,1.5303,82.6
39,200,4.0994,1.395,26.162,2.519,1.2319,0.06938,1.5291,82.54
39,201,4.0824,1.364,26.839,2.4665,1.0706,0.06887,1.5209,82.1
39,202,4.092,1.4557,,2.485,1.0823,0.06942,1.5321,82.7
39,203,4.0968,1.8739,27.811,2.4583,1.1244,0.07057,1.5079,81.4
39,204,4.0868,1.2764,,2.4322,1.1116,0.0681,1.528,82.48
39,205,4.1399,1.6549,26.638,2.5608,1.162,0.07118,1.5263,82.39
39,206,4.0851,1.608,28.373,2.559,1.1398,0.07016,1.5152,81.79
39,207,4.1017,1.7218,25.921,2.4757,1.1497,0.07281,1.5242,82.27
39,208,4.0514,1.4522,26.431,2.4005,1.1964,0.07033,1.532,82.7
39,209,4.0831,1.5878,25.572,2.414,1.0575,0.06678,1.5242,82.27
39,210,4.0867,1.6658,26.675,2.5471,1.1551,0.07008,1.5213,82.12
39,211,4.0954,1.6729,26.762,2.5036,1.03,0.06868,1.513,81.67
39,212,4.099,1.4546,26.629,2.475,1.0999,0.0723,1.5039,81.18
39,213,4.0794,1.5875,28.001,2.4892,1.036,0.06793,1.5094,81.48
39,214,4.0552,1.245,,2.5077,1.1635,0.07064,1.5037,81.17
39,215,4.0961,1.5422,26.097,2.6166,1.0446,0.07163,1.5068,81.33
39,216,4.0856,1.5815,26.528,2.4164,1.0723,0.07317,1.4964,80.77
39,217,4.1231,1.5439,27.229,2.4285,1.0788,0.06971,1.4889,80.37
39,218,4.0546,1.4582,28.22,2.5311,1.1079,0.07189,1.5016,81.06
39,219,4.0783,1.6452,24.914,2.4861,1.0745,0.07023,1.5093,81.47
39,220,4.0776,1.5137,26.029,2.4722,0.9862,0.07077,1.5018,81.07
39,221,4.1192,1.6212,27.528,2.4203,1.1216,0.07019,1.4829,80.05
39,222,4.0754,1.3679,25.675,2.5397,1.1134,0.0689,1.4948,80.69
39,223,4.0701,1.3796,26.092,2.4201,1.0461,0.0708,1.5,80.97
39,224,4.0995,1.6612,27.51,2.3897,1.007,0.07408,1.4934,80.61
39,225,4.0753,1.6097,27.864,2.5348,1.0322,0.06956,1.4838,80.1
39,226,4.1089,1.6372,26.913,2.4236,1.1166,0.0725,1.4773,79.75
39,227,4.0765,,26.481,2.4486,1.0805,0.07274,1.4781,79.79
39,228,4.0756,1.4331,27.037,2.4115,1.0029,0.06767,1.4674,79.21
39,229,4.0395,1.3752,26.525,2.5042,,0.07396,1.4842,80.12
39,230,4.1169,1.6596,27.218,2.5282,1.1013,0.06856,1.4882,80.34
39,231,4.0304,1.4465,25.527,2.5415,1.0957,0.07515,1.4763,79.69
39,232,4.0592,1.6647,26.572,2.4777,1.0977,0.07388,1.4681,79.25
39,233,4.0872,1.4877,27.881,2.5742,1.0641,0.07473,1.4818,79.99
39,234,4.0515,1.5484,28.407,2.5864,1.0817,0.07129,1.4724,79.48
39,235,4.0681,1.4624,26.789,2.5359,0.9853,0.07152,1.4614,78.88
39,236,4.0847,1.5922,26.116,2.4547,1.0094,0.07491,1.4663,79.15
39,237,4.076,1.5856,27.929,2.457,1.1153,0.0746,1.4637,79.01
39,238,4.108,1.5489,26.316,2.5701,1.0022,0.07399,1.4791,79.84
39,239,4.0664,1.274,26.53,2.5416,1.024,0.07351,1.4581,78.71
39,240,4.0915,1.539,28.718,2.5542,1.0672,0.07286,1.4537,78.47
39,241,4.0608,1.7436,28.544,2.506,1.038,0.07247,1.4703,79.37
39,242,4.0784,1.5368,27.477,2.5378,1.0877,0.07394,1.4484,78.18
39,243,4.0728,1.6276,26.773,2.5963,1.0083,0.07353,1.4558,78.58
39,244,4.0617,,27.254,2.5757,1.1003,0.0776,1.4408,77.77
39,245,4.0513,1.593,26.741,2.5094,1.041,0.07322,1.4527,78.42
39,246,4.0627,1.5332,,2.6773,1.0342,0.07078,1.4688,79.29
39,247,4.0262,1.4751,28.132,2.5015,0.9863,0.07636,1.45,78.27
39,248,4.0986,1.5037,27.497,2.4591,0.9898,0.07439,1.4472,78.12
39,249,4.1304,1.6593,27.971,2.5435,0.9648,0.07823,1.444,77.95
39,250,4.0537,1.6063,29.214,2.6612,1.0609,0.0793,1.4326,77.33
40,1,4.1445,1.5453,24.42,2.0666,1.4762,0.04599,2.0987,100.56
40,2,4.1654,1.5939,25.217,2.0026,1.5486,0.048,2.0876,100.03
40,3,4.1748,1.6291,23.997,2.095,1.4879,0.04232,2.0947,100.37
40,4,4.2002,1.5853,23.497,1.9002,1.5647,,2.0861,99.96
40,5,4.1701,1.3884,24.123,2.1327,1.5018,0.04459,2.0649,98.94
40,6,,1.6014,25.04,2.0529,1.4953,0.04516,2.0815,99.74
40,7,4.1754,1.3138,,2.0331,1.515,0.04468,2.0744,99.4
40,8,4.2096,1.5262,22.818,2.0569,1.5243,0.04585,2.0779,99.57
40,9,4.1748,1.6023,23.994,2.1423,1.4768,0.04402,2.067,99.04
40,10,,1.5005,23.855,2.1023,1.4234,0.04773,2.0696,99.17
40,11,4.2147,1.4813,24.382,2.1008,1.4064,0.04854,2.0709,99.23
40,12,4.1428,1.4928,25.072,2.0444,1.5109,0.04244,2.0669,99.04
40,13,4.1918,1.629,24.48,2.1025,1.4822,0.0466,2.0594,98.68
40,14,4.1614,,22.916,2.2133,1.4648,0.0471,2.056,98.52
40,15,4.0977,1.7077,24.474,1.9413,1.4465,0.05094,2.0528,98.36
40,16,4.1083,1.441,23.975,2.1038,1.4998,0.04345,2.0649,98.94
40,17,4.1497,1.5924,23.88,2.0419,1.4828,0.04532,2.0543,98.43
40,18,4.2,1.643,23.401,2.0966,1.5387,0.04511,2.0697,99.17
40,19,4.1466,1.3274,24.859,2.1368,1.475,0.04715,2.0465,98.06
40,20,4.2289,1.4507,23.758,2.0734,1.4249,0.04794,2.0487,98.16
40,21,4.1662,1.5993,22.803,2.0243,1.4988,0.04382,2.0638,98.89
40,22,4.1624,1.5389,24.125,2.0744,1.3593,0.04546,2.0533,98.38
40,23,4.1342,1.3857,23.789,2.0654,1.5241,0.04822,2.053,98.37
40,24,4.1263,1.8704,24.763,2.1438,1.3646,0.04714,2.0419,97.84
40,25,4.1571,,24.205,2.065,1.482,0.04805,2.0422,97.85
40,26,4.1931,1.4345,24.151,2.1832,1.6243,0.04906,2.034,97.46
40,27,4.1607,1.7099,24.392,2.1458,1.5169,0.04683,2.0281,97.18
40,28,4.1781,1.501,24.206,2.0245,1.4435,0.04631,2.0554,98.49
40,29,4.1929,1.3832,25.682,2.1784,1.4501,0.04954,2.0567,98.55
40,30,4.1921,1.5636,,2.0266,1.4702,0.04958,2.0313,97.33
40,31,4.1818,1.6158,23.91,1.9826,1.3918,0.04814,2.0455,98.01
40,32,4.1625,1.5929,24.997,1.9642,1.5987,0.04962,2.0271,97.13
40,33,4.1614,1.4714,25.242,2.0476,1.4859,0.05199,2.0339,97.46
40,34,4.1775,1.3365,24.873,2.1302,1.4636,0.05052,2.0314,97.33
40,35,4.2093,1.8523,24.362,2.1816,1.4565,0.04674,2.019,96.74
40,36,4.1567,1.5788,26.055,2.1428,1.4783,0.0474,2.0368,97.59
40,37,4.1599,1.4601,24.94,2.0496,1.4219,0.04914,2.017,96.65
40,38,4.1644,1.4822,23.807,2.1508,1.5206,0.05018,2.0237,96.97
40,39,4.1146,1.7051,24.574,2.1979,1.5403,0.05129,2.0165,96.62
40,40,4.1839,1.4795,23.537,2.1672,1.3836,0.04901,2.0271,97.13
40,41,4.1759,1.5341,24.02,2.0973,1.5525,0.04835,2.0126,96.43
40,42,4.1756,1.5147,25.009,2.1901,1.5259,0.05013,2.0145,96.53
40,43,4.1659,1.399,24.551,2.0268,1.4724,0.0459,2.0175,96.67
40,44,4.1816,1.5624,,2.1017,1.4054,0.04914,2.0046,96.05
40,45,4.1534,1.2566,23.263,2.0807,1.4377,0.04981,2.0162,96.61
40,46,4.1747,1.2693,23.678,2.1798,1.472,0.04998,2.0006,95.86
40,47,4.1654,1.5155,25.063,2.1575,1.5146,0.05009,2.0148,96.54
40,48,4.1633,1.5098,26.073,2.1675,1.4073,0.04778,2.0036,96.0
40,49,4.1486,1.547,24.63,2.185,1.4185,0.05112,2.0164,96.62
40,50,4.227,1.4172,24.949,2.311,1.4942,0.05096,1.9977,95.72
40,51,4.1367,1.7092,24.682,2.1372,1.3954,0.0505,2.0017,95.91
40,52,4.1838,1.5398,25.548,2.0066,1.5074,0.04856,1.9991,95.79
40,53,4.0784,1.5158,25.413,2.0946,1.4391,0.05321,2.003,95.98
40,54,4.1167,1.628,,2.22,1.374,0.04931,2.001,95.88
40,55,4.1699,1.6128,24.162,2.1451,1.3913,0.04959,1.994,95.54
40,56,4.153,1.5631,24.29,2.1915,1.3749,0.05081,1.9949,95.59
40,57,4.1615,1.726,25.25,2.1484,1.416,0.05068,1.981,94.92
40,58,4.1642,1.3079,25.336,2.1025,1.3967,0.05276,1.997,95.69
40,59,4.2095,1.4802,25.191,2.0654,1.3929,0.05182,1.9816,94.95
40,60,4.1261,1.6529,25.005,2.1784,1.3885,0.05027,1.9927,95.48
40,61,4.16,1.5844,24.544,2.0682,,0.05307,1.9655,94.18
40,62,4.1689,1.3152,24.198,2.1573,1.4521,0.05123,1.9827,95.0
40,63,4.1279,1.5355,24.564,2.1439,1.5402,0.05189,1.9837,95.05
40,64,4.1156,1.6284,24.487,2.1658,1.3733,0.05351,1.9743,94.6
40,65,4.1835,1.4958,24.3,2.1291,1.4179,0.05331,1.9834,95.04
40,66,4.1291,1.526,,2.1632,1.4842,0.05246,1.9786,94.8
40,67,4.1586,1.6174,24.33,2.0928,1.3686,0.05216,1.9654,94.17
40,68,4.1143,1.3069,24.802,2.1314,1.3637,0.05446,1.9829,95.01
40,69,4.1741,1.5985,23.98,2.0765,1.4641,0.05303,1.9697,94.38
40,70,4.1727,1.675,24.295,2.1718,1.4538,,1.9914,95.42
40,71,4.1541,1.4238,24.054,2.1702,1.3839,0.05176,1.966,94.2
40,72,4.115,1.6023,25.458,2.2243,1.3605,0.05171,1.9628,94.05
40,73,4.1423,1.5794,24.049,2.167,1.4638,0.05403,1.9726,94.52
40,74,4.1609,1.549,26.614,2.1898,1.4311,0.05361,1.9583,93.83
40,75,4.1568,1.3353,25.492,2.1109,1.3509,0.05206,1.9506,93.47
40,76,4.1178,1.5725,24.46,2.1836,1.3705,0.05877,1.9618,94.0
40,77,4.1576,1.5104,,2.2181,1.3421,0.05209,1.9417,93.04
40,78,4.147,1.4398,24.17,2.2166,1.4436,0.05152,1.9441,93.15
40,79,4.1575,1.6647,24.914,2.2895,1.4206,0.05072,1.9542,93.64
40,80,4.1436,1.6301,26.06,2.1405,1.435,0.05434,1.9522,93.54
40,81,,1.455,24.944,2.1971,1.4113,0.05736,1.9424,93.07
40,82,4.1657,1.3095,25.921,2.2377,1.4442,0.05424,1.9592,93.88
40,83,4.1664,1.7538,25.455,2.1301,1.4136,0.05459,1.9445,93.17
40,84,4.1389,1.5699,25.934,2.1788,1.3575,0.05488,1.9344,92.69
40,85,4.1753,1.5805,25.538,2.1886,1.4231,0.05321,1.9551,93.68
40,86,4.0905,1.316,23.264,2.3234,1.3718,0.05261,1.9432,93.11
40,87,4.1215,1.5762,24.509,2.2585,1.382,0.05395,1.9571,93.77
40,88,4.1227,1.3926,23.518,2.2599,1.4278,0.0542,1.9252,92.24
40,89,4.149,1.532,24.306,2.2149,1.2305,0.0557,1.9174,91.87
40,90,4.1727,1.544,25.205,2.3367,1.3317,0.05281,1.9311,92.53
40,91,4.1652,1.642,25.076,2.1773,1.31,0.05415,1.9379,92.86
40,92,4.1276,1.7129,24.924,2.2316,1.392,0.05532,1.9168,91.84
40,93,4.1703,1.5363,26.063,2.3683,1.3221,,1.9241,92.2
40,94,4.1253,1.4623,26.205,2.2328,1.4889,0.05547,1.924,92.19
40,95,4.1812,1.5043,25.503,2.2804,1.3388,0.05973,1.9356,92.75
40,96,4.1238,1.4532,25.276,2.2509,1.3276,0.05629,1.9154,91.78
40,97,4.1655,1.5979,25.004,2.2219,1.3238,0.05478,1.9112,91.58
40,98,4.1128,1.6297,26.16,2.1533,1.3902,0.05432,1.9097,91.5
40,99,4.1376,1.4524,25.488,2.3168,1.2643,0.05916,1.9227,92.13
40,100,,1.619,24.446,2.2042,1.3766,0.05889,1.9085,91.45
40,101,4.1443,1.4385,25.165,,1.2788,,1.9169,91.85
40,102,4.1685,1.6557,25.558,2.309,1.3809,0.0572,1.9084,91.44
40,103,,,25.118,2.2318,1.401,0.05979,1.8983,90.96
40,104,4.1001,1.3991,26.12,2.3042,1.2894,0.05455,1.9039,91.23
40,105,4.1776,1.5661,25.15,2.2413,1.2503,0.05702,1.9014,91.1
40,106,4.1224,1.4866,25.519,2.1819,1.3637,0.05606,1.9143,91.72
40,107,4.1224,1.4707,25.331,2.2483,1.3321,0.05808,1.8986,90.97
40,108,4.0775,1.5152,24.764,2.2823,1.3109,0.05416,1.8936,90.73
40,109,4.1572,1.5539,24.236,2.2189,1.3138,0.05771,1.8981,90.95
40,110,4.0866,1.5,26.466,2.2195,1.2736,0.06105,1.8926,90.69
40,111,4.1199,1.5452,25.563,2.312,1.2842,0.05826,1.9109,91.56
40,112,4.1382,1.6984,,2.2121,1.3809,0.05722,1.8851,90.33
40,113,4.1097,1.3575,24.577,2.1017,1.279,0.06284,1.8958,90.84
40,114,4.0894,1.7261,24.872,2.2442,1.3228,0.05538,1.8678,89.49
40,115,4.1252,1.4411,26.064,2.1875,1.333,0.05677,1.8969,90.89
40,116,4.1779,1.5325,26.189,2.2399,1.2724,0.05269,1.8767,89.93
40,117,4.0859,1.5289,24.405,2.3004,1.4273,0.06469,1.8825,90.2
40,118,4.1266,1.4336,24.711,2.2187,1.3983,0.05838,1.8858,90.36
40,119,4.1032,1.5009,24.415,,1.3167,,1.8988,90.98
40,120,4.1399,1.5985,26.223,2.2218,1.3352,0.05841,1.8773,89.95
40,121,4.1317,1.5542,25.296,2.2301,1.3251,0.06197,1.8886,90.5
40,122,4.1581,1.5866,23.944,2.2277,1.429,0.0594,1.8701,89.61
40,123,4.1028,1.5021,26.213,2.2644,1.2738,0.05523,1.8673,89.47
40,124,4.1067,1.5572,25.881,2.373,1.2513,0.06015,1.8655,89.38
40,125,4.0988,1.6283,27.017,2.2892,1.2878,0.06299,1.8723,89.71
40,126,4.0929,1.4956,25.217,2.2388,1.2707,0.05878,1.8727,89.73
40,127,4.1155,1.5294,26.333,2.2733,1.2497,0.06213,1.8739,89.79
40,128,4.1669,1.6402,26.128,2.3077,1.3613,0.06086,1.8627,89.25
40,129,4.1194,1.5879,24.85,2.4531,1.2918,0.0616,1.8466,88.48
40,130,4.1366,1.5067,25.889,2.2853,1.3008,0.05831,1.8716,89.68
40,131,4.091,1.5191,25.269,2.3301,1.2255,0.05886,1.8583,89.04
40,132,4.1202,1.4904,26.45,2.305,1.297,0.05873,1.8513,88.71
40,133,4.0868,1.5792,26.356,2.2135,1.299,0.06075,1.8546,88.86
40,134,4.0947,1.4289,,2.2755,1.2769,0.06017,1.8648,89.35
40,135,4.1477,1.5104,25.416,,1.3056,,1.8576,89.01
40,136,4.0921,1.4888,24.834,2.2765,1.2313,0.06056,1.8607,89.16
40,137,4.0526,1.4814,25.55,2.2948,1.2077,0.06335,1.8528,88.78
40,138,4.1465,1.4537,25.738,2.2691,1.2375,0.05931,1.8556,88.91
40,139,4.1383,1.6752,25.839,2.2745,1.2827,0.06362,1.8479,88.54
40,140,4.1464,1.6505,26.95,2.3207,1.3034,0.06392,1.8575,89.01
40,141,4.1382,1.4482,26.749,2.2892,1.3405,0.06174,1.8469,88.5
40,142,4.0663,,24.7,,1.3061,0.059,1.8368,88.01
40,143,4.1787,1.4635,26.636,2.2387,1.3031,0.06287,1.8491,88.6
40,144,4.1059,1.5771,25.673,2.3007,1.2789,0.0619,1.8621,89.22
40,145,,1.4143,25.318,2.4432,1.2694,0.06417,1.8307,87.72
40,146,4.1335,,23.685,2.3276,1.2247,0.06192,1.8334,87.85
40,147,4.1593,1.353,25.396,2.3318,1.2774,0.06275,1.8377,88.06
40,148,4.1025,1.4984,26.089,2.291,1.2433,0.06263,1.835,87.92
40,149,4.0885,1.391,25.622,2.418,1.288,0.06098,1.824,87.4
40,150,4.1,1.713,25.996,2.352,1.2535,0.0624,1.8393,88.13
40,151,4.1076,1.6358,26.013,2.3312,1.3009,0.06288,1.8362,87.98
40,152,4.0926,1.5923,,2.3645,1.1908,0.06359,1.8171,87.07
40,153,4.089,1.5858,26.838,2.3076,1.2337,0.06411,1.8323,87.8
40,154,4.1678,1.4342,26.287,2.3154,1.2077,0.06301,1.8299,87.68
40,155,4.1124,1.5735,26.134,2.4203,1.3528,0.06363,1.8162,87.03
40,156,4.1048,1.4957,25.394,2.2596,1.1891,0.06509,1.8124,86.84
40,157,4.1175,1.4945,25.473,2.2682,1.2252,0.06238,1.8205,87.23
40,158,4.1143,1.435,25.85,2.2655,1.2802,0.06482,1.8015,86.32
40,159,4.1428,1.5141,26.034,2.2618,1.2121,0.06278,1.8069,86.58
40,160,4.1321,1.4556,26.003,2.4079,1.2357,0.06128,1.8155,86.99
40,161,4.1182,1.5591,26.771,2.421,1.2818,0.06198,1.8132,86.88
40,162,4.1159,1.5321,26.095,2.4637,1.2896,0.06407,1.7936,85.94
40,163,4.1228,1.5799,25.88,2.1994,1.1959,0.06625,1.798,86.15
40,164,4.1207,1.5778,25.269,2.42,1.2368,0.06438,1.7918,85.86
40,165,4.1382,1.3817,24.875,,1.1903,0.06894,1.7912,85.83
40,166,4.1251,1.7221,26.831,2.3244,1.2552,0.06763,1.7907,85.8
40,167,4.1323,1.584,27.617,2.3978,1.2427,0.06641,1.7848,85.52
40,168,4.084,1.5335,25.637,2.3372,1.3358,0.06875,1.7851,85.54
40,169,4.105,1.3823,26.807,2.3903,1.3023,0.06356,1.773,84.95
40,170,4.098,1.4538,25.911,2.4488,1.2545,0.06481,1.7839,85.48
40,171,4.0635,1.2913,26.77,2.3331,1.3035,0.06491,1.7902,85.78
40,172,4.1234,1.6395,25.82,2.385,1.2294,0.0664,1.789,85.72
40,173,4.0839,1.5439,24.958,2.3828,1.2346,0.0638,1.7877,85.66
40,174,4.0889,1.4668,26.654,2.4127,1.2739,0.07004,1.7822,85.39
40,175,4.0628,1.4476,27.111,2.3622,1.2044,0.06667,1.7914,85.84
40,176,4.1435,1.507,28.05,2.3553,,0.06445,1.7786,85.22
40,177,4.1184,1.3653,25.159,2.4225,1.1109,0.06329,1.7728,84.94
40,178,4.1101,1.4864,26.468,2.3411,1.2952,0.06818,1.7769,85.14
40,179,4.0947,1.2911,26.641,2.3185,1.189,0.06589,1.769,84.76
40,180,4.0782,1.5717,25.848,2.45,1.2499,0.0649,1.7628,84.46
40,181,4.0872,1.4787,27.326,2.4105,1.1303,0.06541,1.7684,84.73
40,182,4.1087,1.7436,27.106,2.3948,1.169,0.06968,1.7665,84.64
40,183,4.0621,1.5704,25.292,2.4424,1.1905,0.06635,1.7661,84.62
40,184,4.1241,1.3861,,2.4182,1.1953,0.07167,1.7447,83.6
40,185,4.0872,1.6221,26.012,2.4077,1.3326,0.06733,1.7511,83.9
40,186,4.1125,1.6164,26.213,2.3096,1.2635,0.06843,1.7743,85.02
40,187,4.0921,1.4503,27.242,2.4296,1.1138,0.06733,1.7656,84.6
40,188,4.0297,1.4384,28.259,2.2711,1.1438,0.06269,1.7571,84.19
40,189,4.049,1.3862,27.504,2.47,1.1838,0.07103,1.7451,83.62
40,190,4.0706,1.4765,24.985,2.3036,1.2306,0.06846,1.7522,83.96
40,191,4.1057,1.5895,25.916,2.3622,1.2336,0.06882,1.7439,83.56
40,192,4.1045,1.3161,24.857,2.4059,1.24,0.06868,1.7663,84.64
40,193,4.0511,1.7052,27.699,2.3384,1.2253,0.06867,1.7457,83.65
40,194,,1.7001,26.973,2.4091,1.1785,0.06784,1.7543,84.06
40,195,4.0934,1.6228,26.82,2.3647,1.2206,0.06708,1.7689,84.76
40,196,4.1067,1.3776,26.907,2.4632,1.2494,0.06948,1.7377,83.26
40,197,4.1192,1.6694,27.282,2.475,1.1105,0.07035,1.7359,83.17
40,198,4.0754,1.4299,25.037,2.4439,1.1804,0.07142,1.7317,82.98
40,199,4.0949,1.6244,26.454,2.4266,1.1924,0.06858,1.7496,83.83
40,200,4.1066,1.3836,25.934,2.4826,1.1542,0.06793,1.7399,83.37
40,201,4.0711,1.5822,26.63,2.4906,1.1788,0.06754,1.7445,83.59
40,202,4.1305,1.4663,25.904,2.413,1.1629,0.06842,1.7294,82.86
40,203,4.0912,1.4596,26.966,2.4586,1.2439,0.06999,1.7373,83.24
40,204,4.0831,1.548,26.799,2.4441,1.1522,0.07073,1.73,82.89
40,205,4.0882,1.611,26.532,2.4465,1.2054,0.0712,1.7327,83.02
40,206,4.0682,1.576,26.598,2.471,,0.0693,1.7327,83.02
40,207,4.0728,1.508,25.952,2.3856,1.0716,0.06845,1.7258,82.69
40,208,4.0849,1.4665,27.282,2.4661,1.2032,0.07193,1.7189,82.36
40,209,4.1103,1.4253,27.106,2.4721,1.2365,0.07013,1.7332,83.05
40,210,4.088,1.5483,27.111,2.4362,1.1945,0.06716,1.7295,82.87
40,211,4.0533,1.5982,24.153,2.3487,1.1662,0.07046,1.7224,82.53
40,212,4.1027,1.6437,28.741,2.4628,1.2117,0.06878,1.7147,82.16
40,213,4.0636,1.5187,26.757,2.5249,1.1748,0.07323,1.7106,81.96
40,214,4.0847,1.5196,25.372,2.4302,1.1199,0.06915,1.724,82.6
40,215,4.0964,1.567,27.451,2.4893,1.1248,0.07231,1.708,81.84
40,216,4.1072,1.4405,24.684,2.5016,1.1349,0.07327,1.6986,81.39
40,217,4.0577,1.7153,25.355,2.4969,1.2255,0.06901,1.7155,82.2
40,218,4.086,1.5774,27.649,2.4952,1.089,0.06473,1.7229,82.55
40,219,4.0593,1.419,26.025,2.3037,1.0865,0.07237,1.6964,81.28
40,220,4.0628,1.6159,24.708,2.4911,1.2085,0.07243,1.7107,81.97
40,221,4.0168,1.76,28.517,2.5198,1.2115,0.07152,1.7004,81.47
40,222,4.1011,1.5257,,2.5316,1.239,0.07412,1.7049,81.69
40,223,4.0862,1.572,24.934,2.475,1.1315,,1.6997,81.44
40,224,,1.2196,26.539,2.5594,1.1125,0.06983,1.7037,81.63
40,225,4.0812,1.4466,,2.5839,1.1451,0.07095,1.6831,80.65
40,226,4.0852,1.5177,26.908,2.4546,1.1333,0.07329,1.705,81.7
40,227,4.0641,1.6094,25.675,2.5186,1.2288,0.07229,1.7033,81.61
40,228,4.0641,1.5923,26.895,2.4678,1.1641,0.0706,1.6834,80.66
40,229,4.0691,1.6134,27.556,2.3763,1.1296,0.06942,1.6932,81.13
40,230,4.0706,1.5714,25.61,2.5132,1.0815,0.07274,1.6706,80.05
40,231,4.0681,1.398,26.635,2.4841,1.1164,0.07279,1.7029,81.59
40,232,4.0447,1.6337,27.995,2.4773,1.1429,0.06875,1.6794,80.47
40,233,4.1232,1.6309,27.076,2.4989,1.1091,0.0738,1.6789,80.45
40,234,4.0622,1.6252,26.311,2.4764,1.0693,0.0734,1.6855,80.76
40,235,4.0842,1.5723,27.485,2.6305,1.1575,0.06925,1.6761,80.31
40,236,4.0729,1.3452,27.31,2.6149,1.075,0.07585,1.6717,80.1
40,237,4.0802,1.6352,26.395,2.5776,1.183,0.07439,1.6804,80.52
40,238,,1.6493,27.047,2.503,1.1634,0.07298,1.6725,80.14
40,239,4.0996,1.3547,27.276,2.4401,1.0215,0.07499,1.6626,79.67
40,240,4.0562,1.3973,27.028,2.487,1.1523,0.07265,1.6691,79.97
40,241,,1.4128,25.623,2.4616,1.1213,0.07774,1.6613,79.6
40,242,4.0493,1.4368,27.157,2.4152,1.0147,0.07443,1.6641,79.74
40,243,4.0934,1.578,27.967,2.5093,1.0899,0.07406,1.6681,79.93
40,244,4.1675,1.513,27.087,2.6273,1.1334,0.07092,1.6616,79.62
40,245,4.0779,1.1962,26.25,2.4807,1.0836,0.07433,1.6712,80.08
40,246,4.101,1.6933,28.466,2.5147,0.9988,0.06951,1.6614,79.61
40,247,4.0673,1.7167,27.595,2.4233,1.0714,0.0755,1.66,79.54
40,248,4.106,1.4843,26.7,2.4358,1.1972,0.07437,1.6431,78.73
40,249,4.0486,1.49,27.222,,1.1258,0.0769,1.6526,79.18
40,250,4.0811,1.4586,26.77,2.461,1.0712,0.07585,1.654,79.25
